-- MySQL dump 10.13  Distrib 8.0.33, for Linux (x86_64)
--
-- Host: localhost    Database: Taquilla
-- ------------------------------------------------------
-- Server version	8.0.33-0ubuntu0.22.04.1

/*!40101 SET @OLD_CHARACTER_SET_CLIENT=@@CHARACTER_SET_CLIENT */;
/*!40101 SET @OLD_CHARACTER_SET_RESULTS=@@CHARACTER_SET_RESULTS */;
/*!40101 SET @OLD_COLLATION_CONNECTION=@@COLLATION_CONNECTION */;
/*!50503 SET NAMES utf8mb4 */;
/*!40103 SET @OLD_TIME_ZONE=@@TIME_ZONE */;
/*!40103 SET TIME_ZONE='+00:00' */;
/*!40014 SET @OLD_UNIQUE_CHECKS=@@UNIQUE_CHECKS, UNIQUE_CHECKS=0 */;
/*!40014 SET @OLD_FOREIGN_KEY_CHECKS=@@FOREIGN_KEY_CHECKS, FOREIGN_KEY_CHECKS=0 */;
/*!40101 SET @OLD_SQL_MODE=@@SQL_MODE, SQL_MODE='NO_AUTO_VALUE_ON_ZERO' */;
/*!40111 SET @OLD_SQL_NOTES=@@SQL_NOTES, SQL_NOTES=0 */;

--
-- Table structure for table `Cliente`
--

DROP TABLE IF EXISTS `Cliente`;
/*!40101 SET @saved_cs_client     = @@character_set_client */;
/*!50503 SET character_set_client = utf8mb4 */;
CREATE TABLE `Cliente` (
  `dni_cliente` varchar(50) NOT NULL,
  `datos_bancarios_cliente` varchar(34) DEFAULT NULL,
  PRIMARY KEY (`dni_cliente`),
  UNIQUE KEY `dni_cliente` (`dni_cliente`)
) ENGINE=InnoDB DEFAULT CHARSET=utf8mb4 COLLATE=utf8mb4_0900_ai_ci;
/*!40101 SET character_set_client = @saved_cs_client */;

--
-- Dumping data for table `Cliente`
--

LOCK TABLES `Cliente` WRITE;
/*!40000 ALTER TABLE `Cliente` DISABLE KEYS */;
INSERT INTO `Cliente` VALUES ('123456789','1234567890123456789012345678901234'),('48505128','EPMM60793090874446'),('55732639','FVNK00690999720333'),('59824344','WWDG69700661466144'),('59841400','CUOV70169886236933'),('66978892','FSLP39660519711701'),('68113956','FPOZ95937913580682'),('84595868','WXSF32760907808106'),('85001344','IQKA38201602353341'),('86033171','MQLA19340959399206'),('98742979','KEFD12148335514588');
/*!40000 ALTER TABLE `Cliente` ENABLE KEYS */;
UNLOCK TABLES;

--
-- Table structure for table `Compra`
--

DROP TABLE IF EXISTS `Compra`;
/*!40101 SET @saved_cs_client     = @@character_set_client */;
/*!50503 SET character_set_client = utf8mb4 */;
CREATE TABLE `Compra` (
  `dni_cliente_compra` varchar(50) NOT NULL,
  `tipo_usuario_compra` enum('jubilado','parado','adulto','infantil') NOT NULL,
  `espectaculo_compra` varchar(50) NOT NULL,
  `fecha_compra` datetime NOT NULL,
  `localizacion_localidad_compra` varchar(50) NOT NULL,
  `nombre_grada_compra` varchar(50) NOT NULL,
  `nombre_recinto_compra` varchar(50) NOT NULL,
  `precioFinal` float DEFAULT NULL,
  PRIMARY KEY (`dni_cliente_compra`,`tipo_usuario_compra`,`localizacion_localidad_compra`,`nombre_grada_compra`,`nombre_recinto_compra`,`espectaculo_compra`,`fecha_compra`),
  KEY `tipo_usuario_compra` (`tipo_usuario_compra`),
  KEY `localizacion_localidad_compra` (`localizacion_localidad_compra`),
  KEY `nombre_grada_compra` (`nombre_grada_compra`),
  KEY `nombre_recinto_compra` (`nombre_recinto_compra`),
  CONSTRAINT `Compra_ibfk_1` FOREIGN KEY (`dni_cliente_compra`) REFERENCES `Cliente` (`dni_cliente`),
  CONSTRAINT `Compra_ibfk_2` FOREIGN KEY (`tipo_usuario_compra`) REFERENCES `UsLoc` (`tipo_usuario_usloc`),
  CONSTRAINT `Compra_ibfk_3` FOREIGN KEY (`localizacion_localidad_compra`) REFERENCES `UsLoc` (`localizacion_localidad_usloc`),
  CONSTRAINT `Compra_ibfk_4` FOREIGN KEY (`nombre_grada_compra`) REFERENCES `UsLoc` (`nombre_grada_usloc`),
  CONSTRAINT `Compra_ibfk_5` FOREIGN KEY (`nombre_recinto_compra`) REFERENCES `UsLoc` (`nombre_recinto_usloc`)
) ENGINE=InnoDB DEFAULT CHARSET=utf8mb4 COLLATE=utf8mb4_0900_ai_ci;
/*!40101 SET character_set_client = @saved_cs_client */;

--
-- Dumping data for table `Compra`
--

LOCK TABLES `Compra` WRITE;
/*!40000 ALTER TABLE `Compra` DISABLE KEYS */;
INSERT INTO `Compra` VALUES ('123456789','infantil','Kimi no na wa fsu','2027-02-10 00:00:00','Asiento 2','Grada Sur Tribuna','Jack Trice Stadium mtq',3292.8);
/*!40000 ALTER TABLE `Compra` ENABLE KEYS */;
UNLOCK TABLES;

--
-- Table structure for table `Espectaculo`
--

DROP TABLE IF EXISTS `Espectaculo`;
/*!40101 SET @saved_cs_client     = @@character_set_client */;
/*!50503 SET character_set_client = utf8mb4 */;
CREATE TABLE `Espectaculo` (
  `nombre_espectaculo` varchar(50) NOT NULL,
  `descripcion_espectaculo` varchar(50) DEFAULT NULL,
  `participantes_espectaculo` varchar(50) DEFAULT NULL,
  PRIMARY KEY (`nombre_espectaculo`)
) ENGINE=InnoDB DEFAULT CHARSET=utf8mb4 COLLATE=utf8mb4_0900_ai_ci;
/*!40101 SET character_set_client = @saved_cs_client */;

--
-- Dumping data for table `Espectaculo`
--

LOCK TABLES `Espectaculo` WRITE;
/*!40000 ALTER TABLE `Espectaculo` DISABLE KEYS */;
INSERT INTO `Espectaculo` VALUES ('El Clasico','El partido del año','Barca, Real Madrid'),('Grindhouse cyj','Quentin Tarantino and Robert Rodriguez\'s homage t','Kurt Russell, Rose McGowan, Danny Trejo, Zoë Bell'),('It Follows wbu','A young woman is followed by an unknown supernatu','Maika Monroe, Keir Gilchrist, Olivia Luccardi,Lil'),('Kimi no na wa fsu','Two strangers find themselves linked in a bizarre','Ryûnosuke Kamiki, Mone Kamishiraishi, Ryô Narita,');
/*!40000 ALTER TABLE `Espectaculo` ENABLE KEYS */;
UNLOCK TABLES;

--
-- Table structure for table `Evento`
--

DROP TABLE IF EXISTS `Evento`;
/*!40101 SET @saved_cs_client     = @@character_set_client */;
/*!50503 SET character_set_client = utf8mb4 */;
CREATE TABLE `Evento` (
  `nombre_espectaculo_evento` varchar(50) NOT NULL,
  `nombre_recinto_evento` varchar(50) NOT NULL,
  `fecha_evento` datetime NOT NULL,
  `estado_evento` enum('cerrado','finalizado','abierto') DEFAULT NULL,
  PRIMARY KEY (`nombre_espectaculo_evento`,`nombre_recinto_evento`,`fecha_evento`),
  KEY `nombre_recinto_evento` (`nombre_recinto_evento`),
  CONSTRAINT `Evento_ibfk_1` FOREIGN KEY (`nombre_espectaculo_evento`) REFERENCES `Espectaculo` (`nombre_espectaculo`),
  CONSTRAINT `Evento_ibfk_2` FOREIGN KEY (`nombre_recinto_evento`) REFERENCES `Recinto` (`nombre_recinto`)
) ENGINE=InnoDB DEFAULT CHARSET=utf8mb4 COLLATE=utf8mb4_0900_ai_ci;
/*!40101 SET character_set_client = @saved_cs_client */;

--
-- Dumping data for table `Evento`
--

LOCK TABLES `Evento` WRITE;
/*!40000 ALTER TABLE `Evento` DISABLE KEYS */;
INSERT INTO `Evento` VALUES ('El Clasico','AMI Stadium tov','2025-12-15 00:00:00','abierto'),('El Clasico','Camp Nou','2023-12-12 20:00:00','abierto'),('El Clasico','Camp Nou','2027-07-15 00:00:00','abierto'),('El Clasico','Jack Trice Stadium mtq','2025-02-11 00:00:00','abierto'),('El Clasico','Jack Trice Stadium mtq','2025-12-18 00:00:00','abierto'),('Grindhouse cyj','Camp Nou','2024-01-18 00:00:00','abierto'),('Grindhouse cyj','Jack Trice Stadium mtq','2026-08-23 00:00:00','abierto'),('Grindhouse cyj','Pendleton Round-Up weh','2024-04-01 00:00:00','abierto'),('Grindhouse cyj','Pendleton Round-Up weh','2026-05-25 00:00:00','abierto'),('It Follows wbu','Camp Nou','2026-07-09 00:00:00','abierto'),('It Follows wbu','Camp Nou','2027-07-10 00:00:00','abierto'),('It Follows wbu','Jack Trice Stadium mtq','2025-12-17 00:00:00','abierto'),('It Follows wbu','Jack Trice Stadium mtq','2026-06-02 00:00:00','abierto'),('Kimi no na wa fsu','AMI Stadium tov','2024-04-12 00:00:00','abierto'),('Kimi no na wa fsu','AMI Stadium tov','2027-06-21 00:00:00','abierto'),('Kimi no na wa fsu','Camp Nou','2026-02-17 00:00:00','abierto'),('Kimi no na wa fsu','Jack Trice Stadium mtq','2027-02-10 00:00:00','abierto');
/*!40000 ALTER TABLE `Evento` ENABLE KEYS */;
UNLOCK TABLES;

--
-- Table structure for table `Grada`
--

DROP TABLE IF EXISTS `Grada`;
/*!40101 SET @saved_cs_client     = @@character_set_client */;
/*!50503 SET character_set_client = utf8mb4 */;
CREATE TABLE `Grada` (
  `nombre_grada` varchar(50) NOT NULL,
  `nombre_recinto_grada` varchar(50) NOT NULL,
  `num_localidades_reservar_grada` int DEFAULT NULL,
  `precio_grada` int DEFAULT NULL,
  PRIMARY KEY (`nombre_grada`,`nombre_recinto_grada`),
  KEY `nombre_recinto_grada` (`nombre_recinto_grada`),
  CONSTRAINT `Grada_ibfk_1` FOREIGN KEY (`nombre_recinto_grada`) REFERENCES `Recinto` (`nombre_recinto`)
) ENGINE=InnoDB DEFAULT CHARSET=utf8mb4 COLLATE=utf8mb4_0900_ai_ci;
/*!40101 SET character_set_client = @saved_cs_client */;

--
-- Dumping data for table `Grada`
--

LOCK TABLES `Grada` WRITE;
/*!40000 ALTER TABLE `Grada` DISABLE KEYS */;
INSERT INTO `Grada` VALUES ('Grada Amarilla Sector','Pendleton Round-Up weh',7,100),('Grada Azul Zona','Camp Nou',7,36),('Grada Blanca Tribuna','Camp Nou',10,84),('Grada Este Grada','AMI Stadium tov',9,38),('Grada Norte','Camp Nou',100,50),('Grada Norte Sector','Pendleton Round-Up weh',5,96),('Grada Oeste Sector','Pendleton Round-Up weh',10,69),('Grada Sur Tribuna','Jack Trice Stadium mtq',5,84);
/*!40000 ALTER TABLE `Grada` ENABLE KEYS */;
UNLOCK TABLES;

--
-- Table structure for table `Localidad`
--

DROP TABLE IF EXISTS `Localidad`;
/*!40101 SET @saved_cs_client     = @@character_set_client */;
/*!50503 SET character_set_client = utf8mb4 */;
CREATE TABLE `Localidad` (
  `localizacion_localidad` varchar(50) NOT NULL,
  `nombre_recinto_localidad` varchar(50) NOT NULL,
  `nombre_grada_localidad` varchar(50) NOT NULL,
  `precio_base_localidad` int DEFAULT NULL,
  `estado_localidad` enum('disponible','no disponible') DEFAULT NULL,
  PRIMARY KEY (`localizacion_localidad`,`nombre_recinto_localidad`,`nombre_grada_localidad`),
  KEY `nombre_recinto_localidad` (`nombre_recinto_localidad`),
  KEY `nombre_grada_localidad` (`nombre_grada_localidad`),
  CONSTRAINT `Localidad_ibfk_1` FOREIGN KEY (`nombre_recinto_localidad`) REFERENCES `Recinto` (`nombre_recinto`),
  CONSTRAINT `Localidad_ibfk_2` FOREIGN KEY (`nombre_grada_localidad`) REFERENCES `Grada` (`nombre_grada`)
) ENGINE=InnoDB DEFAULT CHARSET=utf8mb4 COLLATE=utf8mb4_0900_ai_ci;
/*!40101 SET character_set_client = @saved_cs_client */;

--
-- Dumping data for table `Localidad`
--

LOCK TABLES `Localidad` WRITE;
/*!40000 ALTER TABLE `Localidad` DISABLE KEYS */;
INSERT INTO `Localidad` VALUES ('Asiento 1','Camp Nou','Grada Norte',50,'disponible'),('Asiento 1','Pendleton Round-Up weh','Grada Amarilla Sector',41,'disponible'),('Asiento 1','Pendleton Round-Up weh','Grada Oeste Sector',24,'disponible'),('Asiento 10','Pendleton Round-Up weh','Grada Oeste Sector',30,'disponible'),('Asiento 18','Camp Nou','Grada Norte',17,'disponible'),('Asiento 19','Camp Nou','Grada Norte',39,'disponible'),('Asiento 2','Jack Trice Stadium mtq','Grada Sur Tribuna',49,'disponible'),('Asiento 26','Camp Nou','Grada Norte',22,'disponible'),('Asiento 3','AMI Stadium tov','Grada Este Grada',17,'disponible'),('Asiento 3','Camp Nou','Grada Blanca Tribuna',49,'disponible'),('Asiento 3','Pendleton Round-Up weh','Grada Oeste Sector',45,'disponible'),('Asiento 34','Camp Nou','Grada Norte',34,'disponible'),('Asiento 36','Camp Nou','Grada Norte',32,'disponible'),('Asiento 38','Camp Nou','Grada Norte',6,'disponible'),('Asiento 4','Camp Nou','Grada Azul Zona',34,'disponible'),('Asiento 45','Camp Nou','Grada Norte',19,'disponible'),('Asiento 5','Camp Nou','Grada Azul Zona',18,'disponible'),('Asiento 5','Pendleton Round-Up weh','Grada Oeste Sector',50,'disponible'),('Asiento 51','Camp Nou','Grada Norte',31,'disponible'),('Asiento 52','Camp Nou','Grada Norte',5,'disponible'),('Asiento 55','Camp Nou','Grada Norte',22,'disponible'),('Asiento 58','Camp Nou','Grada Norte',38,'disponible'),('Asiento 6','AMI Stadium tov','Grada Este Grada',33,'disponible'),('Asiento 6','Camp Nou','Grada Norte',21,'disponible'),('Asiento 66','Camp Nou','Grada Norte',47,'disponible'),('Asiento 68','Camp Nou','Grada Norte',36,'disponible'),('Asiento 69','Camp Nou','Grada Norte',41,'disponible'),('Asiento 7','Camp Nou','Grada Blanca Tribuna',43,'disponible'),('Asiento 77','Camp Nou','Grada Norte',42,'disponible'),('Asiento 9','AMI Stadium tov','Grada Este Grada',43,'disponible'),('Asiento 9','Camp Nou','Grada Norte',16,'disponible'),('Asiento 9','Pendleton Round-Up weh','Grada Oeste Sector',6,'disponible'),('Asiento 90','Camp Nou','Grada Norte',19,'disponible'),('Asiento 96','Camp Nou','Grada Norte',6,'disponible'),('Balcón 1','AMI Stadium tov','Grada Este Grada',15,'disponible'),('Balcón 1','Camp Nou','Grada Azul Zona',11,'disponible'),('Balcón 1','Jack Trice Stadium mtq','Grada Sur Tribuna',25,'disponible'),('Balcón 10','Camp Nou','Grada Blanca Tribuna',33,'disponible'),('Balcón 10','Camp Nou','Grada Norte',50,'disponible'),('Balcón 100','Camp Nou','Grada Norte',28,'disponible'),('Balcón 14','Camp Nou','Grada Norte',8,'disponible'),('Balcón 15','Camp Nou','Grada Norte',43,'disponible'),('Balcón 16','Camp Nou','Grada Norte',39,'disponible'),('Balcón 2','Camp Nou','Grada Norte',32,'disponible'),('Balcón 2','Pendleton Round-Up weh','Grada Amarilla Sector',32,'disponible'),('Balcón 2','Pendleton Round-Up weh','Grada Oeste Sector',20,'disponible'),('Balcón 20','Camp Nou','Grada Norte',47,'disponible'),('Balcón 29','Camp Nou','Grada Norte',25,'disponible'),('Balcón 3','Camp Nou','Grada Azul Zona',38,'disponible'),('Balcón 3','Camp Nou','Grada Norte',13,'disponible'),('Balcón 3','Jack Trice Stadium mtq','Grada Sur Tribuna',28,'disponible'),('Balcón 32','Camp Nou','Grada Norte',47,'disponible'),('Balcón 39','Camp Nou','Grada Norte',34,'disponible'),('Balcón 4','AMI Stadium tov','Grada Este Grada',21,'disponible'),('Balcón 4','Camp Nou','Grada Norte',41,'disponible'),('Balcón 4','Pendleton Round-Up weh','Grada Amarilla Sector',33,'disponible'),('Balcón 4','Pendleton Round-Up weh','Grada Oeste Sector',45,'disponible'),('Balcón 49','Camp Nou','Grada Norte',40,'disponible'),('Balcón 5','Jack Trice Stadium mtq','Grada Sur Tribuna',25,'disponible'),('Balcón 59','Camp Nou','Grada Norte',21,'disponible'),('Balcón 6','Pendleton Round-Up weh','Grada Amarilla Sector',30,'disponible'),('Balcón 60','Camp Nou','Grada Norte',5,'disponible'),('Balcón 65','Camp Nou','Grada Norte',14,'disponible'),('Balcón 7','Camp Nou','Grada Azul Zona',29,'disponible'),('Balcón 7','Pendleton Round-Up weh','Grada Amarilla Sector',8,'disponible'),('Balcón 71','Camp Nou','Grada Norte',5,'disponible'),('Balcón 72','Camp Nou','Grada Norte',28,'disponible'),('Balcón 76','Camp Nou','Grada Norte',45,'disponible'),('Balcón 8','AMI Stadium tov','Grada Este Grada',32,'disponible'),('Balcón 8','Camp Nou','Grada Blanca Tribuna',27,'disponible'),('Balcón 81','Camp Nou','Grada Norte',27,'disponible'),('Balcón 83','Camp Nou','Grada Norte',19,'disponible'),('Balcón 89','Camp Nou','Grada Norte',36,'disponible'),('Balcón 97','Camp Nou','Grada Norte',34,'disponible'),('Butaca 11','Camp Nou','Grada Norte',27,'disponible'),('Butaca 12','Camp Nou','Grada Norte',9,'disponible'),('Butaca 13','Camp Nou','Grada Norte',34,'disponible'),('Butaca 2','Camp Nou','Grada Blanca Tribuna',23,'disponible'),('Butaca 2','Pendleton Round-Up weh','Grada Norte Sector',21,'disponible'),('Butaca 22','Camp Nou','Grada Norte',11,'disponible'),('Butaca 27','Camp Nou','Grada Norte',10,'disponible'),('Butaca 28','Camp Nou','Grada Norte',25,'disponible'),('Butaca 3','Pendleton Round-Up weh','Grada Amarilla Sector',30,'disponible'),('Butaca 30','Camp Nou','Grada Norte',25,'disponible'),('Butaca 33','Camp Nou','Grada Norte',40,'disponible'),('Butaca 35','Camp Nou','Grada Norte',25,'disponible'),('Butaca 37','Camp Nou','Grada Norte',45,'disponible'),('Butaca 4','Camp Nou','Grada Blanca Tribuna',17,'disponible'),('Butaca 4','Jack Trice Stadium mtq','Grada Sur Tribuna',5,'disponible'),('Butaca 40','Camp Nou','Grada Norte',38,'disponible'),('Butaca 43','Camp Nou','Grada Norte',9,'disponible'),('Butaca 48','Camp Nou','Grada Norte',40,'disponible'),('Butaca 5','AMI Stadium tov','Grada Este Grada',19,'disponible'),('Butaca 5','Pendleton Round-Up weh','Grada Amarilla Sector',34,'disponible'),('Butaca 5','Pendleton Round-Up weh','Grada Norte Sector',36,'disponible'),('Butaca 50','Camp Nou','Grada Norte',25,'disponible'),('Butaca 53','Camp Nou','Grada Norte',13,'disponible'),('Butaca 57','Camp Nou','Grada Norte',44,'disponible'),('Butaca 6','Camp Nou','Grada Blanca Tribuna',6,'disponible'),('Butaca 6','Pendleton Round-Up weh','Grada Oeste Sector',36,'disponible'),('Butaca 7','Camp Nou','Grada Norte',38,'disponible'),('Butaca 78','Camp Nou','Grada Norte',49,'disponible'),('Butaca 8','Camp Nou','Grada Norte',50,'disponible'),('Butaca 8','Pendleton Round-Up weh','Grada Oeste Sector',39,'disponible'),('Butaca 82','Camp Nou','Grada Norte',41,'disponible'),('Butaca 84','Camp Nou','Grada Norte',27,'disponible'),('Butaca 86','Camp Nou','Grada Norte',34,'disponible'),('Butaca 87','Camp Nou','Grada Norte',42,'disponible'),('Butaca 9','Camp Nou','Grada Blanca Tribuna',14,'disponible'),('Butaca 91','Camp Nou','Grada Norte',33,'disponible'),('Butaca 92','Camp Nou','Grada Norte',32,'disponible'),('Butaca 95','Camp Nou','Grada Norte',46,'disponible'),('Butaca 98','Camp Nou','Grada Norte',13,'disponible'),('Butaca 99','Camp Nou','Grada Norte',50,'disponible'),('Suelo 1','Camp Nou','Grada Blanca Tribuna',20,'disponible'),('Suelo 1','Pendleton Round-Up weh','Grada Norte Sector',44,'disponible'),('Suelo 17','Camp Nou','Grada Norte',50,'disponible'),('Suelo 2','AMI Stadium tov','Grada Este Grada',18,'disponible'),('Suelo 2','Camp Nou','Grada Azul Zona',9,'disponible'),('Suelo 21','Camp Nou','Grada Norte',7,'disponible'),('Suelo 23','Camp Nou','Grada Norte',37,'disponible'),('Suelo 24','Camp Nou','Grada Norte',19,'disponible'),('Suelo 25','Camp Nou','Grada Norte',48,'disponible'),('Suelo 3','Pendleton Round-Up weh','Grada Norte Sector',13,'disponible'),('Suelo 31','Camp Nou','Grada Norte',40,'disponible'),('Suelo 4','Pendleton Round-Up weh','Grada Norte Sector',9,'disponible'),('Suelo 41','Camp Nou','Grada Norte',44,'disponible'),('Suelo 42','Camp Nou','Grada Norte',23,'disponible'),('Suelo 44','Camp Nou','Grada Norte',24,'disponible'),('Suelo 46','Camp Nou','Grada Norte',34,'disponible'),('Suelo 47','Camp Nou','Grada Norte',27,'disponible'),('Suelo 5','Camp Nou','Grada Blanca Tribuna',24,'disponible'),('Suelo 5','Camp Nou','Grada Norte',9,'disponible'),('Suelo 54','Camp Nou','Grada Norte',28,'disponible'),('Suelo 56','Camp Nou','Grada Norte',12,'disponible'),('Suelo 6','Camp Nou','Grada Azul Zona',8,'disponible'),('Suelo 61','Camp Nou','Grada Norte',46,'disponible'),('Suelo 62','Camp Nou','Grada Norte',21,'disponible'),('Suelo 63','Camp Nou','Grada Norte',46,'disponible'),('Suelo 64','Camp Nou','Grada Norte',42,'disponible'),('Suelo 67','Camp Nou','Grada Norte',34,'disponible'),('Suelo 7','AMI Stadium tov','Grada Este Grada',46,'disponible'),('Suelo 7','Pendleton Round-Up weh','Grada Oeste Sector',15,'disponible'),('Suelo 70','Camp Nou','Grada Norte',29,'disponible'),('Suelo 73','Camp Nou','Grada Norte',46,'disponible'),('Suelo 74','Camp Nou','Grada Norte',24,'disponible'),('Suelo 75','Camp Nou','Grada Norte',34,'disponible'),('Suelo 79','Camp Nou','Grada Norte',37,'disponible'),('Suelo 80','Camp Nou','Grada Norte',31,'disponible'),('Suelo 85','Camp Nou','Grada Norte',15,'disponible'),('Suelo 88','Camp Nou','Grada Norte',45,'disponible'),('Suelo 93','Camp Nou','Grada Norte',24,'disponible'),('Suelo 94','Camp Nou','Grada Norte',46,'disponible');
/*!40000 ALTER TABLE `Localidad` ENABLE KEYS */;
UNLOCK TABLES;

--
-- Table structure for table `Oferta`
--

DROP TABLE IF EXISTS `Oferta`;
/*!40101 SET @saved_cs_client     = @@character_set_client */;
/*!50503 SET character_set_client = utf8mb4 */;
CREATE TABLE `Oferta` (
  `nombre_espectaculo_oferta` varchar(50) NOT NULL,
  `nombre_recinto_oferta` varchar(50) NOT NULL,
  `tipo_usuario_oferta` enum('jubilado','parado','adulto','infantil') NOT NULL,
  `localizacion_localidad_oferta` varchar(50) NOT NULL,
  `nombre_grada_oferta` varchar(50) NOT NULL,
  `fecha_evento_oferta` datetime NOT NULL,
  `estado_localidad_oferta` enum('pre-reservado','reservado','deteriorado','libre') DEFAULT NULL,
  PRIMARY KEY (`nombre_espectaculo_oferta`,`nombre_recinto_oferta`,`tipo_usuario_oferta`,`localizacion_localidad_oferta`,`nombre_grada_oferta`,`fecha_evento_oferta`),
  KEY `tipo_usuario_oferta` (`tipo_usuario_oferta`,`localizacion_localidad_oferta`,`nombre_grada_oferta`,`nombre_recinto_oferta`),
  CONSTRAINT `Oferta_ibfk_1` FOREIGN KEY (`tipo_usuario_oferta`, `localizacion_localidad_oferta`, `nombre_grada_oferta`, `nombre_recinto_oferta`) REFERENCES `UsLoc` (`tipo_usuario_usloc`, `localizacion_localidad_usloc`, `nombre_grada_usloc`, `nombre_recinto_usloc`)
) ENGINE=InnoDB DEFAULT CHARSET=utf8mb4 COLLATE=utf8mb4_0900_ai_ci;
/*!40101 SET character_set_client = @saved_cs_client */;

--
-- Dumping data for table `Oferta`
--

LOCK TABLES `Oferta` WRITE;
/*!40000 ALTER TABLE `Oferta` DISABLE KEYS */;
INSERT INTO `Oferta` VALUES ('El Clasico','AMI Stadium tov','jubilado','Asiento 3','Grada Este Grada','2025-12-15 00:00:00','libre'),('El Clasico','AMI Stadium tov','jubilado','Asiento 6','Grada Este Grada','2025-12-15 00:00:00','libre'),('El Clasico','AMI Stadium tov','jubilado','Asiento 9','Grada Este Grada','2025-12-15 00:00:00','libre'),('El Clasico','AMI Stadium tov','jubilado','Balcón 1','Grada Este Grada','2025-12-15 00:00:00','libre'),('El Clasico','AMI Stadium tov','jubilado','Balcón 4','Grada Este Grada','2025-12-15 00:00:00','libre'),('El Clasico','AMI Stadium tov','jubilado','Balcón 8','Grada Este Grada','2025-12-15 00:00:00','libre'),('El Clasico','AMI Stadium tov','jubilado','Butaca 5','Grada Este Grada','2025-12-15 00:00:00','libre'),('El Clasico','AMI Stadium tov','jubilado','Suelo 2','Grada Este Grada','2025-12-15 00:00:00','libre'),('El Clasico','AMI Stadium tov','jubilado','Suelo 7','Grada Este Grada','2025-12-15 00:00:00','libre'),('El Clasico','AMI Stadium tov','parado','Asiento 3','Grada Este Grada','2025-12-15 00:00:00','libre'),('El Clasico','AMI Stadium tov','parado','Asiento 6','Grada Este Grada','2025-12-15 00:00:00','libre'),('El Clasico','AMI Stadium tov','parado','Asiento 9','Grada Este Grada','2025-12-15 00:00:00','libre'),('El Clasico','AMI Stadium tov','parado','Balcón 1','Grada Este Grada','2025-12-15 00:00:00','libre'),('El Clasico','AMI Stadium tov','parado','Balcón 4','Grada Este Grada','2025-12-15 00:00:00','libre'),('El Clasico','AMI Stadium tov','parado','Balcón 8','Grada Este Grada','2025-12-15 00:00:00','libre'),('El Clasico','AMI Stadium tov','parado','Butaca 5','Grada Este Grada','2025-12-15 00:00:00','libre'),('El Clasico','AMI Stadium tov','parado','Suelo 2','Grada Este Grada','2025-12-15 00:00:00','libre'),('El Clasico','AMI Stadium tov','parado','Suelo 7','Grada Este Grada','2025-12-15 00:00:00','libre'),('El Clasico','AMI Stadium tov','adulto','Asiento 3','Grada Este Grada','2025-12-15 00:00:00','libre'),('El Clasico','AMI Stadium tov','adulto','Asiento 6','Grada Este Grada','2025-12-15 00:00:00','libre'),('El Clasico','AMI Stadium tov','adulto','Asiento 9','Grada Este Grada','2025-12-15 00:00:00','libre'),('El Clasico','AMI Stadium tov','adulto','Balcón 1','Grada Este Grada','2025-12-15 00:00:00','libre'),('El Clasico','AMI Stadium tov','adulto','Balcón 4','Grada Este Grada','2025-12-15 00:00:00','libre'),('El Clasico','AMI Stadium tov','adulto','Balcón 8','Grada Este Grada','2025-12-15 00:00:00','libre'),('El Clasico','AMI Stadium tov','adulto','Butaca 5','Grada Este Grada','2025-12-15 00:00:00','libre'),('El Clasico','AMI Stadium tov','adulto','Suelo 2','Grada Este Grada','2025-12-15 00:00:00','libre'),('El Clasico','AMI Stadium tov','adulto','Suelo 7','Grada Este Grada','2025-12-15 00:00:00','libre'),('El Clasico','AMI Stadium tov','infantil','Asiento 3','Grada Este Grada','2025-12-15 00:00:00','libre'),('El Clasico','AMI Stadium tov','infantil','Asiento 6','Grada Este Grada','2025-12-15 00:00:00','libre'),('El Clasico','AMI Stadium tov','infantil','Asiento 9','Grada Este Grada','2025-12-15 00:00:00','libre'),('El Clasico','AMI Stadium tov','infantil','Balcón 1','Grada Este Grada','2025-12-15 00:00:00','libre'),('El Clasico','AMI Stadium tov','infantil','Balcón 4','Grada Este Grada','2025-12-15 00:00:00','libre'),('El Clasico','AMI Stadium tov','infantil','Balcón 8','Grada Este Grada','2025-12-15 00:00:00','libre'),('El Clasico','AMI Stadium tov','infantil','Butaca 5','Grada Este Grada','2025-12-15 00:00:00','libre'),('El Clasico','AMI Stadium tov','infantil','Suelo 2','Grada Este Grada','2025-12-15 00:00:00','libre'),('El Clasico','AMI Stadium tov','infantil','Suelo 7','Grada Este Grada','2025-12-15 00:00:00','libre'),('El Clasico','Camp Nou','jubilado','Asiento 1','Grada Norte','2023-12-12 20:00:00','libre'),('El Clasico','Camp Nou','jubilado','Asiento 1','Grada Norte','2027-07-15 00:00:00','libre'),('El Clasico','Camp Nou','jubilado','Asiento 18','Grada Norte','2023-12-12 20:00:00','libre'),('El Clasico','Camp Nou','jubilado','Asiento 18','Grada Norte','2027-07-15 00:00:00','libre'),('El Clasico','Camp Nou','jubilado','Asiento 19','Grada Norte','2023-12-12 20:00:00','libre'),('El Clasico','Camp Nou','jubilado','Asiento 19','Grada Norte','2027-07-15 00:00:00','libre'),('El Clasico','Camp Nou','jubilado','Asiento 26','Grada Norte','2023-12-12 20:00:00','libre'),('El Clasico','Camp Nou','jubilado','Asiento 26','Grada Norte','2027-07-15 00:00:00','libre'),('El Clasico','Camp Nou','jubilado','Asiento 3','Grada Blanca Tribuna','2023-12-12 20:00:00','libre'),('El Clasico','Camp Nou','jubilado','Asiento 3','Grada Blanca Tribuna','2027-07-15 00:00:00','libre'),('El Clasico','Camp Nou','jubilado','Asiento 34','Grada Norte','2023-12-12 20:00:00','libre'),('El Clasico','Camp Nou','jubilado','Asiento 34','Grada Norte','2027-07-15 00:00:00','libre'),('El Clasico','Camp Nou','jubilado','Asiento 36','Grada Norte','2023-12-12 20:00:00','libre'),('El Clasico','Camp Nou','jubilado','Asiento 36','Grada Norte','2027-07-15 00:00:00','libre'),('El Clasico','Camp Nou','jubilado','Asiento 38','Grada Norte','2023-12-12 20:00:00','libre'),('El Clasico','Camp Nou','jubilado','Asiento 38','Grada Norte','2027-07-15 00:00:00','libre'),('El Clasico','Camp Nou','jubilado','Asiento 4','Grada Azul Zona','2023-12-12 20:00:00','libre'),('El Clasico','Camp Nou','jubilado','Asiento 4','Grada Azul Zona','2027-07-15 00:00:00','libre'),('El Clasico','Camp Nou','jubilado','Asiento 45','Grada Norte','2023-12-12 20:00:00','libre'),('El Clasico','Camp Nou','jubilado','Asiento 45','Grada Norte','2027-07-15 00:00:00','libre'),('El Clasico','Camp Nou','jubilado','Asiento 5','Grada Azul Zona','2023-12-12 20:00:00','libre'),('El Clasico','Camp Nou','jubilado','Asiento 5','Grada Azul Zona','2027-07-15 00:00:00','libre'),('El Clasico','Camp Nou','jubilado','Asiento 51','Grada Norte','2023-12-12 20:00:00','libre'),('El Clasico','Camp Nou','jubilado','Asiento 51','Grada Norte','2027-07-15 00:00:00','libre'),('El Clasico','Camp Nou','jubilado','Asiento 52','Grada Norte','2023-12-12 20:00:00','libre'),('El Clasico','Camp Nou','jubilado','Asiento 52','Grada Norte','2027-07-15 00:00:00','libre'),('El Clasico','Camp Nou','jubilado','Asiento 55','Grada Norte','2023-12-12 20:00:00','libre'),('El Clasico','Camp Nou','jubilado','Asiento 55','Grada Norte','2027-07-15 00:00:00','libre'),('El Clasico','Camp Nou','jubilado','Asiento 58','Grada Norte','2023-12-12 20:00:00','libre'),('El Clasico','Camp Nou','jubilado','Asiento 58','Grada Norte','2027-07-15 00:00:00','libre'),('El Clasico','Camp Nou','jubilado','Asiento 6','Grada Norte','2023-12-12 20:00:00','libre'),('El Clasico','Camp Nou','jubilado','Asiento 6','Grada Norte','2027-07-15 00:00:00','libre'),('El Clasico','Camp Nou','jubilado','Asiento 66','Grada Norte','2023-12-12 20:00:00','libre'),('El Clasico','Camp Nou','jubilado','Asiento 66','Grada Norte','2027-07-15 00:00:00','libre'),('El Clasico','Camp Nou','jubilado','Asiento 68','Grada Norte','2023-12-12 20:00:00','libre'),('El Clasico','Camp Nou','jubilado','Asiento 68','Grada Norte','2027-07-15 00:00:00','libre'),('El Clasico','Camp Nou','jubilado','Asiento 69','Grada Norte','2023-12-12 20:00:00','libre'),('El Clasico','Camp Nou','jubilado','Asiento 69','Grada Norte','2027-07-15 00:00:00','libre'),('El Clasico','Camp Nou','jubilado','Asiento 7','Grada Blanca Tribuna','2023-12-12 20:00:00','libre'),('El Clasico','Camp Nou','jubilado','Asiento 7','Grada Blanca Tribuna','2027-07-15 00:00:00','libre'),('El Clasico','Camp Nou','jubilado','Asiento 77','Grada Norte','2023-12-12 20:00:00','libre'),('El Clasico','Camp Nou','jubilado','Asiento 77','Grada Norte','2027-07-15 00:00:00','libre'),('El Clasico','Camp Nou','jubilado','Asiento 9','Grada Norte','2023-12-12 20:00:00','libre'),('El Clasico','Camp Nou','jubilado','Asiento 9','Grada Norte','2027-07-15 00:00:00','libre'),('El Clasico','Camp Nou','jubilado','Asiento 90','Grada Norte','2023-12-12 20:00:00','libre'),('El Clasico','Camp Nou','jubilado','Asiento 90','Grada Norte','2027-07-15 00:00:00','libre'),('El Clasico','Camp Nou','jubilado','Asiento 96','Grada Norte','2023-12-12 20:00:00','libre'),('El Clasico','Camp Nou','jubilado','Asiento 96','Grada Norte','2027-07-15 00:00:00','libre'),('El Clasico','Camp Nou','jubilado','Balcón 1','Grada Azul Zona','2023-12-12 20:00:00','libre'),('El Clasico','Camp Nou','jubilado','Balcón 1','Grada Azul Zona','2027-07-15 00:00:00','libre'),('El Clasico','Camp Nou','jubilado','Balcón 10','Grada Blanca Tribuna','2023-12-12 20:00:00','libre'),('El Clasico','Camp Nou','jubilado','Balcón 10','Grada Blanca Tribuna','2027-07-15 00:00:00','libre'),('El Clasico','Camp Nou','jubilado','Balcón 10','Grada Norte','2023-12-12 20:00:00','libre'),('El Clasico','Camp Nou','jubilado','Balcón 10','Grada Norte','2027-07-15 00:00:00','libre'),('El Clasico','Camp Nou','jubilado','Balcón 100','Grada Norte','2023-12-12 20:00:00','libre'),('El Clasico','Camp Nou','jubilado','Balcón 100','Grada Norte','2027-07-15 00:00:00','libre'),('El Clasico','Camp Nou','jubilado','Balcón 14','Grada Norte','2023-12-12 20:00:00','libre'),('El Clasico','Camp Nou','jubilado','Balcón 14','Grada Norte','2027-07-15 00:00:00','libre'),('El Clasico','Camp Nou','jubilado','Balcón 15','Grada Norte','2023-12-12 20:00:00','libre'),('El Clasico','Camp Nou','jubilado','Balcón 15','Grada Norte','2027-07-15 00:00:00','libre'),('El Clasico','Camp Nou','jubilado','Balcón 16','Grada Norte','2023-12-12 20:00:00','libre'),('El Clasico','Camp Nou','jubilado','Balcón 16','Grada Norte','2027-07-15 00:00:00','libre'),('El Clasico','Camp Nou','jubilado','Balcón 2','Grada Norte','2023-12-12 20:00:00','libre'),('El Clasico','Camp Nou','jubilado','Balcón 2','Grada Norte','2027-07-15 00:00:00','libre'),('El Clasico','Camp Nou','jubilado','Balcón 20','Grada Norte','2023-12-12 20:00:00','libre'),('El Clasico','Camp Nou','jubilado','Balcón 20','Grada Norte','2027-07-15 00:00:00','libre'),('El Clasico','Camp Nou','jubilado','Balcón 29','Grada Norte','2023-12-12 20:00:00','libre'),('El Clasico','Camp Nou','jubilado','Balcón 29','Grada Norte','2027-07-15 00:00:00','libre'),('El Clasico','Camp Nou','jubilado','Balcón 3','Grada Azul Zona','2023-12-12 20:00:00','libre'),('El Clasico','Camp Nou','jubilado','Balcón 3','Grada Azul Zona','2027-07-15 00:00:00','libre'),('El Clasico','Camp Nou','jubilado','Balcón 3','Grada Norte','2023-12-12 20:00:00','libre'),('El Clasico','Camp Nou','jubilado','Balcón 3','Grada Norte','2027-07-15 00:00:00','libre'),('El Clasico','Camp Nou','jubilado','Balcón 32','Grada Norte','2023-12-12 20:00:00','libre'),('El Clasico','Camp Nou','jubilado','Balcón 32','Grada Norte','2027-07-15 00:00:00','libre'),('El Clasico','Camp Nou','jubilado','Balcón 39','Grada Norte','2023-12-12 20:00:00','libre'),('El Clasico','Camp Nou','jubilado','Balcón 39','Grada Norte','2027-07-15 00:00:00','libre'),('El Clasico','Camp Nou','jubilado','Balcón 4','Grada Norte','2023-12-12 20:00:00','libre'),('El Clasico','Camp Nou','jubilado','Balcón 4','Grada Norte','2027-07-15 00:00:00','libre'),('El Clasico','Camp Nou','jubilado','Balcón 49','Grada Norte','2023-12-12 20:00:00','libre'),('El Clasico','Camp Nou','jubilado','Balcón 49','Grada Norte','2027-07-15 00:00:00','libre'),('El Clasico','Camp Nou','jubilado','Balcón 59','Grada Norte','2023-12-12 20:00:00','libre'),('El Clasico','Camp Nou','jubilado','Balcón 59','Grada Norte','2027-07-15 00:00:00','libre'),('El Clasico','Camp Nou','jubilado','Balcón 60','Grada Norte','2023-12-12 20:00:00','libre'),('El Clasico','Camp Nou','jubilado','Balcón 60','Grada Norte','2027-07-15 00:00:00','libre'),('El Clasico','Camp Nou','jubilado','Balcón 65','Grada Norte','2023-12-12 20:00:00','libre'),('El Clasico','Camp Nou','jubilado','Balcón 65','Grada Norte','2027-07-15 00:00:00','libre'),('El Clasico','Camp Nou','jubilado','Balcón 7','Grada Azul Zona','2023-12-12 20:00:00','libre'),('El Clasico','Camp Nou','jubilado','Balcón 7','Grada Azul Zona','2027-07-15 00:00:00','libre'),('El Clasico','Camp Nou','jubilado','Balcón 71','Grada Norte','2023-12-12 20:00:00','libre'),('El Clasico','Camp Nou','jubilado','Balcón 71','Grada Norte','2027-07-15 00:00:00','libre'),('El Clasico','Camp Nou','jubilado','Balcón 72','Grada Norte','2023-12-12 20:00:00','libre'),('El Clasico','Camp Nou','jubilado','Balcón 72','Grada Norte','2027-07-15 00:00:00','libre'),('El Clasico','Camp Nou','jubilado','Balcón 76','Grada Norte','2023-12-12 20:00:00','libre'),('El Clasico','Camp Nou','jubilado','Balcón 76','Grada Norte','2027-07-15 00:00:00','libre'),('El Clasico','Camp Nou','jubilado','Balcón 8','Grada Blanca Tribuna','2023-12-12 20:00:00','libre'),('El Clasico','Camp Nou','jubilado','Balcón 8','Grada Blanca Tribuna','2027-07-15 00:00:00','libre'),('El Clasico','Camp Nou','jubilado','Balcón 81','Grada Norte','2023-12-12 20:00:00','libre'),('El Clasico','Camp Nou','jubilado','Balcón 81','Grada Norte','2027-07-15 00:00:00','libre'),('El Clasico','Camp Nou','jubilado','Balcón 83','Grada Norte','2023-12-12 20:00:00','libre'),('El Clasico','Camp Nou','jubilado','Balcón 83','Grada Norte','2027-07-15 00:00:00','libre'),('El Clasico','Camp Nou','jubilado','Balcón 89','Grada Norte','2023-12-12 20:00:00','libre'),('El Clasico','Camp Nou','jubilado','Balcón 89','Grada Norte','2027-07-15 00:00:00','libre'),('El Clasico','Camp Nou','jubilado','Balcón 97','Grada Norte','2023-12-12 20:00:00','libre'),('El Clasico','Camp Nou','jubilado','Balcón 97','Grada Norte','2027-07-15 00:00:00','libre'),('El Clasico','Camp Nou','jubilado','Butaca 11','Grada Norte','2023-12-12 20:00:00','libre'),('El Clasico','Camp Nou','jubilado','Butaca 11','Grada Norte','2027-07-15 00:00:00','libre'),('El Clasico','Camp Nou','jubilado','Butaca 12','Grada Norte','2023-12-12 20:00:00','libre'),('El Clasico','Camp Nou','jubilado','Butaca 12','Grada Norte','2027-07-15 00:00:00','libre'),('El Clasico','Camp Nou','jubilado','Butaca 13','Grada Norte','2023-12-12 20:00:00','libre'),('El Clasico','Camp Nou','jubilado','Butaca 13','Grada Norte','2027-07-15 00:00:00','libre'),('El Clasico','Camp Nou','jubilado','Butaca 2','Grada Blanca Tribuna','2023-12-12 20:00:00','libre'),('El Clasico','Camp Nou','jubilado','Butaca 2','Grada Blanca Tribuna','2027-07-15 00:00:00','libre'),('El Clasico','Camp Nou','jubilado','Butaca 22','Grada Norte','2023-12-12 20:00:00','libre'),('El Clasico','Camp Nou','jubilado','Butaca 22','Grada Norte','2027-07-15 00:00:00','libre'),('El Clasico','Camp Nou','jubilado','Butaca 27','Grada Norte','2023-12-12 20:00:00','libre'),('El Clasico','Camp Nou','jubilado','Butaca 27','Grada Norte','2027-07-15 00:00:00','libre'),('El Clasico','Camp Nou','jubilado','Butaca 28','Grada Norte','2023-12-12 20:00:00','libre'),('El Clasico','Camp Nou','jubilado','Butaca 28','Grada Norte','2027-07-15 00:00:00','libre'),('El Clasico','Camp Nou','jubilado','Butaca 30','Grada Norte','2023-12-12 20:00:00','libre'),('El Clasico','Camp Nou','jubilado','Butaca 30','Grada Norte','2027-07-15 00:00:00','libre'),('El Clasico','Camp Nou','jubilado','Butaca 33','Grada Norte','2023-12-12 20:00:00','libre'),('El Clasico','Camp Nou','jubilado','Butaca 33','Grada Norte','2027-07-15 00:00:00','libre'),('El Clasico','Camp Nou','jubilado','Butaca 35','Grada Norte','2023-12-12 20:00:00','libre'),('El Clasico','Camp Nou','jubilado','Butaca 35','Grada Norte','2027-07-15 00:00:00','libre'),('El Clasico','Camp Nou','jubilado','Butaca 37','Grada Norte','2023-12-12 20:00:00','libre'),('El Clasico','Camp Nou','jubilado','Butaca 37','Grada Norte','2027-07-15 00:00:00','libre'),('El Clasico','Camp Nou','jubilado','Butaca 4','Grada Blanca Tribuna','2023-12-12 20:00:00','libre'),('El Clasico','Camp Nou','jubilado','Butaca 4','Grada Blanca Tribuna','2027-07-15 00:00:00','libre'),('El Clasico','Camp Nou','jubilado','Butaca 40','Grada Norte','2023-12-12 20:00:00','libre'),('El Clasico','Camp Nou','jubilado','Butaca 40','Grada Norte','2027-07-15 00:00:00','libre'),('El Clasico','Camp Nou','jubilado','Butaca 43','Grada Norte','2023-12-12 20:00:00','libre'),('El Clasico','Camp Nou','jubilado','Butaca 43','Grada Norte','2027-07-15 00:00:00','libre'),('El Clasico','Camp Nou','jubilado','Butaca 48','Grada Norte','2023-12-12 20:00:00','libre'),('El Clasico','Camp Nou','jubilado','Butaca 48','Grada Norte','2027-07-15 00:00:00','libre'),('El Clasico','Camp Nou','jubilado','Butaca 50','Grada Norte','2023-12-12 20:00:00','libre'),('El Clasico','Camp Nou','jubilado','Butaca 50','Grada Norte','2027-07-15 00:00:00','libre'),('El Clasico','Camp Nou','jubilado','Butaca 53','Grada Norte','2023-12-12 20:00:00','libre'),('El Clasico','Camp Nou','jubilado','Butaca 53','Grada Norte','2027-07-15 00:00:00','libre'),('El Clasico','Camp Nou','jubilado','Butaca 57','Grada Norte','2023-12-12 20:00:00','libre'),('El Clasico','Camp Nou','jubilado','Butaca 57','Grada Norte','2027-07-15 00:00:00','libre'),('El Clasico','Camp Nou','jubilado','Butaca 6','Grada Blanca Tribuna','2023-12-12 20:00:00','libre'),('El Clasico','Camp Nou','jubilado','Butaca 6','Grada Blanca Tribuna','2027-07-15 00:00:00','libre'),('El Clasico','Camp Nou','jubilado','Butaca 7','Grada Norte','2023-12-12 20:00:00','libre'),('El Clasico','Camp Nou','jubilado','Butaca 7','Grada Norte','2027-07-15 00:00:00','libre'),('El Clasico','Camp Nou','jubilado','Butaca 78','Grada Norte','2023-12-12 20:00:00','libre'),('El Clasico','Camp Nou','jubilado','Butaca 78','Grada Norte','2027-07-15 00:00:00','libre'),('El Clasico','Camp Nou','jubilado','Butaca 8','Grada Norte','2023-12-12 20:00:00','libre'),('El Clasico','Camp Nou','jubilado','Butaca 8','Grada Norte','2027-07-15 00:00:00','libre'),('El Clasico','Camp Nou','jubilado','Butaca 82','Grada Norte','2023-12-12 20:00:00','libre'),('El Clasico','Camp Nou','jubilado','Butaca 82','Grada Norte','2027-07-15 00:00:00','libre'),('El Clasico','Camp Nou','jubilado','Butaca 84','Grada Norte','2023-12-12 20:00:00','libre'),('El Clasico','Camp Nou','jubilado','Butaca 84','Grada Norte','2027-07-15 00:00:00','libre'),('El Clasico','Camp Nou','jubilado','Butaca 86','Grada Norte','2023-12-12 20:00:00','libre'),('El Clasico','Camp Nou','jubilado','Butaca 86','Grada Norte','2027-07-15 00:00:00','libre'),('El Clasico','Camp Nou','jubilado','Butaca 87','Grada Norte','2023-12-12 20:00:00','libre'),('El Clasico','Camp Nou','jubilado','Butaca 87','Grada Norte','2027-07-15 00:00:00','libre'),('El Clasico','Camp Nou','jubilado','Butaca 9','Grada Blanca Tribuna','2023-12-12 20:00:00','libre'),('El Clasico','Camp Nou','jubilado','Butaca 9','Grada Blanca Tribuna','2027-07-15 00:00:00','libre'),('El Clasico','Camp Nou','jubilado','Butaca 91','Grada Norte','2023-12-12 20:00:00','libre'),('El Clasico','Camp Nou','jubilado','Butaca 91','Grada Norte','2027-07-15 00:00:00','libre'),('El Clasico','Camp Nou','jubilado','Butaca 92','Grada Norte','2023-12-12 20:00:00','libre'),('El Clasico','Camp Nou','jubilado','Butaca 92','Grada Norte','2027-07-15 00:00:00','libre'),('El Clasico','Camp Nou','jubilado','Butaca 95','Grada Norte','2023-12-12 20:00:00','libre'),('El Clasico','Camp Nou','jubilado','Butaca 95','Grada Norte','2027-07-15 00:00:00','libre'),('El Clasico','Camp Nou','jubilado','Butaca 98','Grada Norte','2023-12-12 20:00:00','libre'),('El Clasico','Camp Nou','jubilado','Butaca 98','Grada Norte','2027-07-15 00:00:00','libre'),('El Clasico','Camp Nou','jubilado','Butaca 99','Grada Norte','2023-12-12 20:00:00','libre'),('El Clasico','Camp Nou','jubilado','Butaca 99','Grada Norte','2027-07-15 00:00:00','libre'),('El Clasico','Camp Nou','jubilado','Suelo 1','Grada Blanca Tribuna','2023-12-12 20:00:00','libre'),('El Clasico','Camp Nou','jubilado','Suelo 1','Grada Blanca Tribuna','2027-07-15 00:00:00','libre'),('El Clasico','Camp Nou','jubilado','Suelo 17','Grada Norte','2023-12-12 20:00:00','libre'),('El Clasico','Camp Nou','jubilado','Suelo 17','Grada Norte','2027-07-15 00:00:00','libre'),('El Clasico','Camp Nou','jubilado','Suelo 2','Grada Azul Zona','2023-12-12 20:00:00','libre'),('El Clasico','Camp Nou','jubilado','Suelo 2','Grada Azul Zona','2027-07-15 00:00:00','libre'),('El Clasico','Camp Nou','jubilado','Suelo 21','Grada Norte','2023-12-12 20:00:00','libre'),('El Clasico','Camp Nou','jubilado','Suelo 21','Grada Norte','2027-07-15 00:00:00','libre'),('El Clasico','Camp Nou','jubilado','Suelo 23','Grada Norte','2023-12-12 20:00:00','libre'),('El Clasico','Camp Nou','jubilado','Suelo 23','Grada Norte','2027-07-15 00:00:00','libre'),('El Clasico','Camp Nou','jubilado','Suelo 24','Grada Norte','2023-12-12 20:00:00','libre'),('El Clasico','Camp Nou','jubilado','Suelo 24','Grada Norte','2027-07-15 00:00:00','libre'),('El Clasico','Camp Nou','jubilado','Suelo 25','Grada Norte','2023-12-12 20:00:00','libre'),('El Clasico','Camp Nou','jubilado','Suelo 25','Grada Norte','2027-07-15 00:00:00','libre'),('El Clasico','Camp Nou','jubilado','Suelo 31','Grada Norte','2023-12-12 20:00:00','libre'),('El Clasico','Camp Nou','jubilado','Suelo 31','Grada Norte','2027-07-15 00:00:00','libre'),('El Clasico','Camp Nou','jubilado','Suelo 41','Grada Norte','2023-12-12 20:00:00','libre'),('El Clasico','Camp Nou','jubilado','Suelo 41','Grada Norte','2027-07-15 00:00:00','libre'),('El Clasico','Camp Nou','jubilado','Suelo 42','Grada Norte','2023-12-12 20:00:00','libre'),('El Clasico','Camp Nou','jubilado','Suelo 42','Grada Norte','2027-07-15 00:00:00','libre'),('El Clasico','Camp Nou','jubilado','Suelo 44','Grada Norte','2023-12-12 20:00:00','libre'),('El Clasico','Camp Nou','jubilado','Suelo 44','Grada Norte','2027-07-15 00:00:00','libre'),('El Clasico','Camp Nou','jubilado','Suelo 46','Grada Norte','2023-12-12 20:00:00','libre'),('El Clasico','Camp Nou','jubilado','Suelo 46','Grada Norte','2027-07-15 00:00:00','libre'),('El Clasico','Camp Nou','jubilado','Suelo 47','Grada Norte','2023-12-12 20:00:00','libre'),('El Clasico','Camp Nou','jubilado','Suelo 47','Grada Norte','2027-07-15 00:00:00','libre'),('El Clasico','Camp Nou','jubilado','Suelo 5','Grada Blanca Tribuna','2023-12-12 20:00:00','libre'),('El Clasico','Camp Nou','jubilado','Suelo 5','Grada Blanca Tribuna','2027-07-15 00:00:00','libre'),('El Clasico','Camp Nou','jubilado','Suelo 5','Grada Norte','2023-12-12 20:00:00','libre'),('El Clasico','Camp Nou','jubilado','Suelo 5','Grada Norte','2027-07-15 00:00:00','libre'),('El Clasico','Camp Nou','jubilado','Suelo 54','Grada Norte','2023-12-12 20:00:00','libre'),('El Clasico','Camp Nou','jubilado','Suelo 54','Grada Norte','2027-07-15 00:00:00','libre'),('El Clasico','Camp Nou','jubilado','Suelo 56','Grada Norte','2023-12-12 20:00:00','libre'),('El Clasico','Camp Nou','jubilado','Suelo 56','Grada Norte','2027-07-15 00:00:00','libre'),('El Clasico','Camp Nou','jubilado','Suelo 6','Grada Azul Zona','2023-12-12 20:00:00','libre'),('El Clasico','Camp Nou','jubilado','Suelo 6','Grada Azul Zona','2027-07-15 00:00:00','libre'),('El Clasico','Camp Nou','jubilado','Suelo 61','Grada Norte','2023-12-12 20:00:00','libre'),('El Clasico','Camp Nou','jubilado','Suelo 61','Grada Norte','2027-07-15 00:00:00','libre'),('El Clasico','Camp Nou','jubilado','Suelo 62','Grada Norte','2023-12-12 20:00:00','libre'),('El Clasico','Camp Nou','jubilado','Suelo 62','Grada Norte','2027-07-15 00:00:00','libre'),('El Clasico','Camp Nou','jubilado','Suelo 63','Grada Norte','2023-12-12 20:00:00','libre'),('El Clasico','Camp Nou','jubilado','Suelo 63','Grada Norte','2027-07-15 00:00:00','libre'),('El Clasico','Camp Nou','jubilado','Suelo 64','Grada Norte','2023-12-12 20:00:00','libre'),('El Clasico','Camp Nou','jubilado','Suelo 64','Grada Norte','2027-07-15 00:00:00','libre'),('El Clasico','Camp Nou','jubilado','Suelo 67','Grada Norte','2023-12-12 20:00:00','libre'),('El Clasico','Camp Nou','jubilado','Suelo 67','Grada Norte','2027-07-15 00:00:00','libre'),('El Clasico','Camp Nou','jubilado','Suelo 70','Grada Norte','2023-12-12 20:00:00','libre'),('El Clasico','Camp Nou','jubilado','Suelo 70','Grada Norte','2027-07-15 00:00:00','libre'),('El Clasico','Camp Nou','jubilado','Suelo 73','Grada Norte','2023-12-12 20:00:00','libre'),('El Clasico','Camp Nou','jubilado','Suelo 73','Grada Norte','2027-07-15 00:00:00','libre'),('El Clasico','Camp Nou','jubilado','Suelo 74','Grada Norte','2023-12-12 20:00:00','libre'),('El Clasico','Camp Nou','jubilado','Suelo 74','Grada Norte','2027-07-15 00:00:00','libre'),('El Clasico','Camp Nou','jubilado','Suelo 75','Grada Norte','2023-12-12 20:00:00','libre'),('El Clasico','Camp Nou','jubilado','Suelo 75','Grada Norte','2027-07-15 00:00:00','libre'),('El Clasico','Camp Nou','jubilado','Suelo 79','Grada Norte','2023-12-12 20:00:00','libre'),('El Clasico','Camp Nou','jubilado','Suelo 79','Grada Norte','2027-07-15 00:00:00','libre'),('El Clasico','Camp Nou','jubilado','Suelo 80','Grada Norte','2023-12-12 20:00:00','libre'),('El Clasico','Camp Nou','jubilado','Suelo 80','Grada Norte','2027-07-15 00:00:00','libre'),('El Clasico','Camp Nou','jubilado','Suelo 85','Grada Norte','2023-12-12 20:00:00','libre'),('El Clasico','Camp Nou','jubilado','Suelo 85','Grada Norte','2027-07-15 00:00:00','libre'),('El Clasico','Camp Nou','jubilado','Suelo 88','Grada Norte','2023-12-12 20:00:00','libre'),('El Clasico','Camp Nou','jubilado','Suelo 88','Grada Norte','2027-07-15 00:00:00','libre'),('El Clasico','Camp Nou','jubilado','Suelo 93','Grada Norte','2023-12-12 20:00:00','libre'),('El Clasico','Camp Nou','jubilado','Suelo 93','Grada Norte','2027-07-15 00:00:00','libre'),('El Clasico','Camp Nou','jubilado','Suelo 94','Grada Norte','2023-12-12 20:00:00','libre'),('El Clasico','Camp Nou','jubilado','Suelo 94','Grada Norte','2027-07-15 00:00:00','libre'),('El Clasico','Camp Nou','parado','Asiento 1','Grada Norte','2023-12-12 20:00:00','libre'),('El Clasico','Camp Nou','parado','Asiento 1','Grada Norte','2027-07-15 00:00:00','libre'),('El Clasico','Camp Nou','parado','Asiento 18','Grada Norte','2023-12-12 20:00:00','libre'),('El Clasico','Camp Nou','parado','Asiento 18','Grada Norte','2027-07-15 00:00:00','libre'),('El Clasico','Camp Nou','parado','Asiento 19','Grada Norte','2023-12-12 20:00:00','libre'),('El Clasico','Camp Nou','parado','Asiento 19','Grada Norte','2027-07-15 00:00:00','libre'),('El Clasico','Camp Nou','parado','Asiento 26','Grada Norte','2023-12-12 20:00:00','libre'),('El Clasico','Camp Nou','parado','Asiento 26','Grada Norte','2027-07-15 00:00:00','libre'),('El Clasico','Camp Nou','parado','Asiento 3','Grada Blanca Tribuna','2023-12-12 20:00:00','libre'),('El Clasico','Camp Nou','parado','Asiento 3','Grada Blanca Tribuna','2027-07-15 00:00:00','libre'),('El Clasico','Camp Nou','parado','Asiento 34','Grada Norte','2023-12-12 20:00:00','libre'),('El Clasico','Camp Nou','parado','Asiento 34','Grada Norte','2027-07-15 00:00:00','libre'),('El Clasico','Camp Nou','parado','Asiento 36','Grada Norte','2023-12-12 20:00:00','libre'),('El Clasico','Camp Nou','parado','Asiento 36','Grada Norte','2027-07-15 00:00:00','libre'),('El Clasico','Camp Nou','parado','Asiento 38','Grada Norte','2023-12-12 20:00:00','libre'),('El Clasico','Camp Nou','parado','Asiento 38','Grada Norte','2027-07-15 00:00:00','libre'),('El Clasico','Camp Nou','parado','Asiento 4','Grada Azul Zona','2023-12-12 20:00:00','libre'),('El Clasico','Camp Nou','parado','Asiento 4','Grada Azul Zona','2027-07-15 00:00:00','libre'),('El Clasico','Camp Nou','parado','Asiento 45','Grada Norte','2023-12-12 20:00:00','libre'),('El Clasico','Camp Nou','parado','Asiento 45','Grada Norte','2027-07-15 00:00:00','libre'),('El Clasico','Camp Nou','parado','Asiento 5','Grada Azul Zona','2023-12-12 20:00:00','libre'),('El Clasico','Camp Nou','parado','Asiento 5','Grada Azul Zona','2027-07-15 00:00:00','libre'),('El Clasico','Camp Nou','parado','Asiento 51','Grada Norte','2023-12-12 20:00:00','libre'),('El Clasico','Camp Nou','parado','Asiento 51','Grada Norte','2027-07-15 00:00:00','libre'),('El Clasico','Camp Nou','parado','Asiento 52','Grada Norte','2023-12-12 20:00:00','libre'),('El Clasico','Camp Nou','parado','Asiento 52','Grada Norte','2027-07-15 00:00:00','libre'),('El Clasico','Camp Nou','parado','Asiento 55','Grada Norte','2023-12-12 20:00:00','libre'),('El Clasico','Camp Nou','parado','Asiento 55','Grada Norte','2027-07-15 00:00:00','libre'),('El Clasico','Camp Nou','parado','Asiento 58','Grada Norte','2023-12-12 20:00:00','libre'),('El Clasico','Camp Nou','parado','Asiento 58','Grada Norte','2027-07-15 00:00:00','libre'),('El Clasico','Camp Nou','parado','Asiento 6','Grada Norte','2023-12-12 20:00:00','libre'),('El Clasico','Camp Nou','parado','Asiento 6','Grada Norte','2027-07-15 00:00:00','libre'),('El Clasico','Camp Nou','parado','Asiento 66','Grada Norte','2023-12-12 20:00:00','libre'),('El Clasico','Camp Nou','parado','Asiento 66','Grada Norte','2027-07-15 00:00:00','libre'),('El Clasico','Camp Nou','parado','Asiento 68','Grada Norte','2023-12-12 20:00:00','libre'),('El Clasico','Camp Nou','parado','Asiento 68','Grada Norte','2027-07-15 00:00:00','libre'),('El Clasico','Camp Nou','parado','Asiento 69','Grada Norte','2023-12-12 20:00:00','libre'),('El Clasico','Camp Nou','parado','Asiento 69','Grada Norte','2027-07-15 00:00:00','libre'),('El Clasico','Camp Nou','parado','Asiento 7','Grada Blanca Tribuna','2023-12-12 20:00:00','libre'),('El Clasico','Camp Nou','parado','Asiento 7','Grada Blanca Tribuna','2027-07-15 00:00:00','libre'),('El Clasico','Camp Nou','parado','Asiento 77','Grada Norte','2023-12-12 20:00:00','libre'),('El Clasico','Camp Nou','parado','Asiento 77','Grada Norte','2027-07-15 00:00:00','libre'),('El Clasico','Camp Nou','parado','Asiento 9','Grada Norte','2023-12-12 20:00:00','libre'),('El Clasico','Camp Nou','parado','Asiento 9','Grada Norte','2027-07-15 00:00:00','libre'),('El Clasico','Camp Nou','parado','Asiento 90','Grada Norte','2023-12-12 20:00:00','libre'),('El Clasico','Camp Nou','parado','Asiento 90','Grada Norte','2027-07-15 00:00:00','libre'),('El Clasico','Camp Nou','parado','Asiento 96','Grada Norte','2023-12-12 20:00:00','libre'),('El Clasico','Camp Nou','parado','Asiento 96','Grada Norte','2027-07-15 00:00:00','libre'),('El Clasico','Camp Nou','parado','Balcón 1','Grada Azul Zona','2023-12-12 20:00:00','libre'),('El Clasico','Camp Nou','parado','Balcón 1','Grada Azul Zona','2027-07-15 00:00:00','libre'),('El Clasico','Camp Nou','parado','Balcón 10','Grada Blanca Tribuna','2023-12-12 20:00:00','libre'),('El Clasico','Camp Nou','parado','Balcón 10','Grada Blanca Tribuna','2027-07-15 00:00:00','libre'),('El Clasico','Camp Nou','parado','Balcón 10','Grada Norte','2023-12-12 20:00:00','libre'),('El Clasico','Camp Nou','parado','Balcón 10','Grada Norte','2027-07-15 00:00:00','libre'),('El Clasico','Camp Nou','parado','Balcón 100','Grada Norte','2023-12-12 20:00:00','libre'),('El Clasico','Camp Nou','parado','Balcón 100','Grada Norte','2027-07-15 00:00:00','libre'),('El Clasico','Camp Nou','parado','Balcón 14','Grada Norte','2023-12-12 20:00:00','libre'),('El Clasico','Camp Nou','parado','Balcón 14','Grada Norte','2027-07-15 00:00:00','libre'),('El Clasico','Camp Nou','parado','Balcón 15','Grada Norte','2023-12-12 20:00:00','libre'),('El Clasico','Camp Nou','parado','Balcón 15','Grada Norte','2027-07-15 00:00:00','libre'),('El Clasico','Camp Nou','parado','Balcón 16','Grada Norte','2023-12-12 20:00:00','libre'),('El Clasico','Camp Nou','parado','Balcón 16','Grada Norte','2027-07-15 00:00:00','libre'),('El Clasico','Camp Nou','parado','Balcón 2','Grada Norte','2023-12-12 20:00:00','libre'),('El Clasico','Camp Nou','parado','Balcón 2','Grada Norte','2027-07-15 00:00:00','libre'),('El Clasico','Camp Nou','parado','Balcón 20','Grada Norte','2023-12-12 20:00:00','libre'),('El Clasico','Camp Nou','parado','Balcón 20','Grada Norte','2027-07-15 00:00:00','libre'),('El Clasico','Camp Nou','parado','Balcón 29','Grada Norte','2023-12-12 20:00:00','libre'),('El Clasico','Camp Nou','parado','Balcón 29','Grada Norte','2027-07-15 00:00:00','libre'),('El Clasico','Camp Nou','parado','Balcón 3','Grada Azul Zona','2023-12-12 20:00:00','libre'),('El Clasico','Camp Nou','parado','Balcón 3','Grada Azul Zona','2027-07-15 00:00:00','libre'),('El Clasico','Camp Nou','parado','Balcón 3','Grada Norte','2023-12-12 20:00:00','libre'),('El Clasico','Camp Nou','parado','Balcón 3','Grada Norte','2027-07-15 00:00:00','libre'),('El Clasico','Camp Nou','parado','Balcón 32','Grada Norte','2023-12-12 20:00:00','libre'),('El Clasico','Camp Nou','parado','Balcón 32','Grada Norte','2027-07-15 00:00:00','libre'),('El Clasico','Camp Nou','parado','Balcón 39','Grada Norte','2023-12-12 20:00:00','libre'),('El Clasico','Camp Nou','parado','Balcón 39','Grada Norte','2027-07-15 00:00:00','libre'),('El Clasico','Camp Nou','parado','Balcón 4','Grada Norte','2023-12-12 20:00:00','libre'),('El Clasico','Camp Nou','parado','Balcón 4','Grada Norte','2027-07-15 00:00:00','libre'),('El Clasico','Camp Nou','parado','Balcón 49','Grada Norte','2023-12-12 20:00:00','libre'),('El Clasico','Camp Nou','parado','Balcón 49','Grada Norte','2027-07-15 00:00:00','libre'),('El Clasico','Camp Nou','parado','Balcón 59','Grada Norte','2023-12-12 20:00:00','libre'),('El Clasico','Camp Nou','parado','Balcón 59','Grada Norte','2027-07-15 00:00:00','libre'),('El Clasico','Camp Nou','parado','Balcón 60','Grada Norte','2023-12-12 20:00:00','libre'),('El Clasico','Camp Nou','parado','Balcón 60','Grada Norte','2027-07-15 00:00:00','libre'),('El Clasico','Camp Nou','parado','Balcón 65','Grada Norte','2023-12-12 20:00:00','libre'),('El Clasico','Camp Nou','parado','Balcón 65','Grada Norte','2027-07-15 00:00:00','libre'),('El Clasico','Camp Nou','parado','Balcón 7','Grada Azul Zona','2023-12-12 20:00:00','libre'),('El Clasico','Camp Nou','parado','Balcón 7','Grada Azul Zona','2027-07-15 00:00:00','libre'),('El Clasico','Camp Nou','parado','Balcón 71','Grada Norte','2023-12-12 20:00:00','libre'),('El Clasico','Camp Nou','parado','Balcón 71','Grada Norte','2027-07-15 00:00:00','libre'),('El Clasico','Camp Nou','parado','Balcón 72','Grada Norte','2023-12-12 20:00:00','libre'),('El Clasico','Camp Nou','parado','Balcón 72','Grada Norte','2027-07-15 00:00:00','libre'),('El Clasico','Camp Nou','parado','Balcón 76','Grada Norte','2023-12-12 20:00:00','libre'),('El Clasico','Camp Nou','parado','Balcón 76','Grada Norte','2027-07-15 00:00:00','libre'),('El Clasico','Camp Nou','parado','Balcón 8','Grada Blanca Tribuna','2023-12-12 20:00:00','libre'),('El Clasico','Camp Nou','parado','Balcón 8','Grada Blanca Tribuna','2027-07-15 00:00:00','libre'),('El Clasico','Camp Nou','parado','Balcón 81','Grada Norte','2023-12-12 20:00:00','libre'),('El Clasico','Camp Nou','parado','Balcón 81','Grada Norte','2027-07-15 00:00:00','libre'),('El Clasico','Camp Nou','parado','Balcón 83','Grada Norte','2023-12-12 20:00:00','libre'),('El Clasico','Camp Nou','parado','Balcón 83','Grada Norte','2027-07-15 00:00:00','libre'),('El Clasico','Camp Nou','parado','Balcón 89','Grada Norte','2023-12-12 20:00:00','libre'),('El Clasico','Camp Nou','parado','Balcón 89','Grada Norte','2027-07-15 00:00:00','libre'),('El Clasico','Camp Nou','parado','Balcón 97','Grada Norte','2023-12-12 20:00:00','libre'),('El Clasico','Camp Nou','parado','Balcón 97','Grada Norte','2027-07-15 00:00:00','libre'),('El Clasico','Camp Nou','parado','Butaca 11','Grada Norte','2023-12-12 20:00:00','libre'),('El Clasico','Camp Nou','parado','Butaca 11','Grada Norte','2027-07-15 00:00:00','libre'),('El Clasico','Camp Nou','parado','Butaca 12','Grada Norte','2023-12-12 20:00:00','libre'),('El Clasico','Camp Nou','parado','Butaca 12','Grada Norte','2027-07-15 00:00:00','libre'),('El Clasico','Camp Nou','parado','Butaca 13','Grada Norte','2023-12-12 20:00:00','libre'),('El Clasico','Camp Nou','parado','Butaca 13','Grada Norte','2027-07-15 00:00:00','libre'),('El Clasico','Camp Nou','parado','Butaca 2','Grada Blanca Tribuna','2023-12-12 20:00:00','libre'),('El Clasico','Camp Nou','parado','Butaca 2','Grada Blanca Tribuna','2027-07-15 00:00:00','libre'),('El Clasico','Camp Nou','parado','Butaca 22','Grada Norte','2023-12-12 20:00:00','libre'),('El Clasico','Camp Nou','parado','Butaca 22','Grada Norte','2027-07-15 00:00:00','libre'),('El Clasico','Camp Nou','parado','Butaca 27','Grada Norte','2023-12-12 20:00:00','libre'),('El Clasico','Camp Nou','parado','Butaca 27','Grada Norte','2027-07-15 00:00:00','libre'),('El Clasico','Camp Nou','parado','Butaca 28','Grada Norte','2023-12-12 20:00:00','libre'),('El Clasico','Camp Nou','parado','Butaca 28','Grada Norte','2027-07-15 00:00:00','libre'),('El Clasico','Camp Nou','parado','Butaca 30','Grada Norte','2023-12-12 20:00:00','libre'),('El Clasico','Camp Nou','parado','Butaca 30','Grada Norte','2027-07-15 00:00:00','libre'),('El Clasico','Camp Nou','parado','Butaca 33','Grada Norte','2023-12-12 20:00:00','libre'),('El Clasico','Camp Nou','parado','Butaca 33','Grada Norte','2027-07-15 00:00:00','libre'),('El Clasico','Camp Nou','parado','Butaca 35','Grada Norte','2023-12-12 20:00:00','libre'),('El Clasico','Camp Nou','parado','Butaca 35','Grada Norte','2027-07-15 00:00:00','libre'),('El Clasico','Camp Nou','parado','Butaca 37','Grada Norte','2023-12-12 20:00:00','libre'),('El Clasico','Camp Nou','parado','Butaca 37','Grada Norte','2027-07-15 00:00:00','libre'),('El Clasico','Camp Nou','parado','Butaca 4','Grada Blanca Tribuna','2023-12-12 20:00:00','libre'),('El Clasico','Camp Nou','parado','Butaca 4','Grada Blanca Tribuna','2027-07-15 00:00:00','libre'),('El Clasico','Camp Nou','parado','Butaca 40','Grada Norte','2023-12-12 20:00:00','libre'),('El Clasico','Camp Nou','parado','Butaca 40','Grada Norte','2027-07-15 00:00:00','libre'),('El Clasico','Camp Nou','parado','Butaca 43','Grada Norte','2023-12-12 20:00:00','libre'),('El Clasico','Camp Nou','parado','Butaca 43','Grada Norte','2027-07-15 00:00:00','libre'),('El Clasico','Camp Nou','parado','Butaca 48','Grada Norte','2023-12-12 20:00:00','libre'),('El Clasico','Camp Nou','parado','Butaca 48','Grada Norte','2027-07-15 00:00:00','libre'),('El Clasico','Camp Nou','parado','Butaca 50','Grada Norte','2023-12-12 20:00:00','libre'),('El Clasico','Camp Nou','parado','Butaca 50','Grada Norte','2027-07-15 00:00:00','libre'),('El Clasico','Camp Nou','parado','Butaca 53','Grada Norte','2023-12-12 20:00:00','libre'),('El Clasico','Camp Nou','parado','Butaca 53','Grada Norte','2027-07-15 00:00:00','libre'),('El Clasico','Camp Nou','parado','Butaca 57','Grada Norte','2023-12-12 20:00:00','libre'),('El Clasico','Camp Nou','parado','Butaca 57','Grada Norte','2027-07-15 00:00:00','libre'),('El Clasico','Camp Nou','parado','Butaca 6','Grada Blanca Tribuna','2023-12-12 20:00:00','libre'),('El Clasico','Camp Nou','parado','Butaca 6','Grada Blanca Tribuna','2027-07-15 00:00:00','libre'),('El Clasico','Camp Nou','parado','Butaca 7','Grada Norte','2023-12-12 20:00:00','libre'),('El Clasico','Camp Nou','parado','Butaca 7','Grada Norte','2027-07-15 00:00:00','libre'),('El Clasico','Camp Nou','parado','Butaca 78','Grada Norte','2023-12-12 20:00:00','libre'),('El Clasico','Camp Nou','parado','Butaca 78','Grada Norte','2027-07-15 00:00:00','libre'),('El Clasico','Camp Nou','parado','Butaca 8','Grada Norte','2023-12-12 20:00:00','libre'),('El Clasico','Camp Nou','parado','Butaca 8','Grada Norte','2027-07-15 00:00:00','libre'),('El Clasico','Camp Nou','parado','Butaca 82','Grada Norte','2023-12-12 20:00:00','libre'),('El Clasico','Camp Nou','parado','Butaca 82','Grada Norte','2027-07-15 00:00:00','libre'),('El Clasico','Camp Nou','parado','Butaca 84','Grada Norte','2023-12-12 20:00:00','libre'),('El Clasico','Camp Nou','parado','Butaca 84','Grada Norte','2027-07-15 00:00:00','libre'),('El Clasico','Camp Nou','parado','Butaca 86','Grada Norte','2023-12-12 20:00:00','libre'),('El Clasico','Camp Nou','parado','Butaca 86','Grada Norte','2027-07-15 00:00:00','libre'),('El Clasico','Camp Nou','parado','Butaca 87','Grada Norte','2023-12-12 20:00:00','libre'),('El Clasico','Camp Nou','parado','Butaca 87','Grada Norte','2027-07-15 00:00:00','libre'),('El Clasico','Camp Nou','parado','Butaca 9','Grada Blanca Tribuna','2023-12-12 20:00:00','libre'),('El Clasico','Camp Nou','parado','Butaca 9','Grada Blanca Tribuna','2027-07-15 00:00:00','libre'),('El Clasico','Camp Nou','parado','Butaca 91','Grada Norte','2023-12-12 20:00:00','libre'),('El Clasico','Camp Nou','parado','Butaca 91','Grada Norte','2027-07-15 00:00:00','libre'),('El Clasico','Camp Nou','parado','Butaca 92','Grada Norte','2023-12-12 20:00:00','libre'),('El Clasico','Camp Nou','parado','Butaca 92','Grada Norte','2027-07-15 00:00:00','libre'),('El Clasico','Camp Nou','parado','Butaca 95','Grada Norte','2023-12-12 20:00:00','libre'),('El Clasico','Camp Nou','parado','Butaca 95','Grada Norte','2027-07-15 00:00:00','libre'),('El Clasico','Camp Nou','parado','Butaca 98','Grada Norte','2023-12-12 20:00:00','libre'),('El Clasico','Camp Nou','parado','Butaca 98','Grada Norte','2027-07-15 00:00:00','libre'),('El Clasico','Camp Nou','parado','Butaca 99','Grada Norte','2023-12-12 20:00:00','libre'),('El Clasico','Camp Nou','parado','Butaca 99','Grada Norte','2027-07-15 00:00:00','libre'),('El Clasico','Camp Nou','parado','Suelo 1','Grada Blanca Tribuna','2023-12-12 20:00:00','libre'),('El Clasico','Camp Nou','parado','Suelo 1','Grada Blanca Tribuna','2027-07-15 00:00:00','libre'),('El Clasico','Camp Nou','parado','Suelo 17','Grada Norte','2023-12-12 20:00:00','libre'),('El Clasico','Camp Nou','parado','Suelo 17','Grada Norte','2027-07-15 00:00:00','libre'),('El Clasico','Camp Nou','parado','Suelo 2','Grada Azul Zona','2023-12-12 20:00:00','libre'),('El Clasico','Camp Nou','parado','Suelo 2','Grada Azul Zona','2027-07-15 00:00:00','libre'),('El Clasico','Camp Nou','parado','Suelo 21','Grada Norte','2023-12-12 20:00:00','libre'),('El Clasico','Camp Nou','parado','Suelo 21','Grada Norte','2027-07-15 00:00:00','libre'),('El Clasico','Camp Nou','parado','Suelo 23','Grada Norte','2023-12-12 20:00:00','libre'),('El Clasico','Camp Nou','parado','Suelo 23','Grada Norte','2027-07-15 00:00:00','libre'),('El Clasico','Camp Nou','parado','Suelo 24','Grada Norte','2023-12-12 20:00:00','libre'),('El Clasico','Camp Nou','parado','Suelo 24','Grada Norte','2027-07-15 00:00:00','libre'),('El Clasico','Camp Nou','parado','Suelo 25','Grada Norte','2023-12-12 20:00:00','libre'),('El Clasico','Camp Nou','parado','Suelo 25','Grada Norte','2027-07-15 00:00:00','libre'),('El Clasico','Camp Nou','parado','Suelo 31','Grada Norte','2023-12-12 20:00:00','libre'),('El Clasico','Camp Nou','parado','Suelo 31','Grada Norte','2027-07-15 00:00:00','libre'),('El Clasico','Camp Nou','parado','Suelo 41','Grada Norte','2023-12-12 20:00:00','libre'),('El Clasico','Camp Nou','parado','Suelo 41','Grada Norte','2027-07-15 00:00:00','libre'),('El Clasico','Camp Nou','parado','Suelo 42','Grada Norte','2023-12-12 20:00:00','libre'),('El Clasico','Camp Nou','parado','Suelo 42','Grada Norte','2027-07-15 00:00:00','libre'),('El Clasico','Camp Nou','parado','Suelo 44','Grada Norte','2023-12-12 20:00:00','libre'),('El Clasico','Camp Nou','parado','Suelo 44','Grada Norte','2027-07-15 00:00:00','libre'),('El Clasico','Camp Nou','parado','Suelo 46','Grada Norte','2023-12-12 20:00:00','libre'),('El Clasico','Camp Nou','parado','Suelo 46','Grada Norte','2027-07-15 00:00:00','libre'),('El Clasico','Camp Nou','parado','Suelo 47','Grada Norte','2023-12-12 20:00:00','libre'),('El Clasico','Camp Nou','parado','Suelo 47','Grada Norte','2027-07-15 00:00:00','libre'),('El Clasico','Camp Nou','parado','Suelo 5','Grada Blanca Tribuna','2023-12-12 20:00:00','libre'),('El Clasico','Camp Nou','parado','Suelo 5','Grada Blanca Tribuna','2027-07-15 00:00:00','libre'),('El Clasico','Camp Nou','parado','Suelo 5','Grada Norte','2023-12-12 20:00:00','libre'),('El Clasico','Camp Nou','parado','Suelo 5','Grada Norte','2027-07-15 00:00:00','libre'),('El Clasico','Camp Nou','parado','Suelo 54','Grada Norte','2023-12-12 20:00:00','libre'),('El Clasico','Camp Nou','parado','Suelo 54','Grada Norte','2027-07-15 00:00:00','libre'),('El Clasico','Camp Nou','parado','Suelo 56','Grada Norte','2023-12-12 20:00:00','libre'),('El Clasico','Camp Nou','parado','Suelo 56','Grada Norte','2027-07-15 00:00:00','libre'),('El Clasico','Camp Nou','parado','Suelo 6','Grada Azul Zona','2023-12-12 20:00:00','libre'),('El Clasico','Camp Nou','parado','Suelo 6','Grada Azul Zona','2027-07-15 00:00:00','libre'),('El Clasico','Camp Nou','parado','Suelo 61','Grada Norte','2023-12-12 20:00:00','libre'),('El Clasico','Camp Nou','parado','Suelo 61','Grada Norte','2027-07-15 00:00:00','libre'),('El Clasico','Camp Nou','parado','Suelo 62','Grada Norte','2023-12-12 20:00:00','libre'),('El Clasico','Camp Nou','parado','Suelo 62','Grada Norte','2027-07-15 00:00:00','libre'),('El Clasico','Camp Nou','parado','Suelo 63','Grada Norte','2023-12-12 20:00:00','libre'),('El Clasico','Camp Nou','parado','Suelo 63','Grada Norte','2027-07-15 00:00:00','libre'),('El Clasico','Camp Nou','parado','Suelo 64','Grada Norte','2023-12-12 20:00:00','libre'),('El Clasico','Camp Nou','parado','Suelo 64','Grada Norte','2027-07-15 00:00:00','libre'),('El Clasico','Camp Nou','parado','Suelo 67','Grada Norte','2023-12-12 20:00:00','libre'),('El Clasico','Camp Nou','parado','Suelo 67','Grada Norte','2027-07-15 00:00:00','libre'),('El Clasico','Camp Nou','parado','Suelo 70','Grada Norte','2023-12-12 20:00:00','libre'),('El Clasico','Camp Nou','parado','Suelo 70','Grada Norte','2027-07-15 00:00:00','libre'),('El Clasico','Camp Nou','parado','Suelo 73','Grada Norte','2023-12-12 20:00:00','libre'),('El Clasico','Camp Nou','parado','Suelo 73','Grada Norte','2027-07-15 00:00:00','libre'),('El Clasico','Camp Nou','parado','Suelo 74','Grada Norte','2023-12-12 20:00:00','libre'),('El Clasico','Camp Nou','parado','Suelo 74','Grada Norte','2027-07-15 00:00:00','libre'),('El Clasico','Camp Nou','parado','Suelo 75','Grada Norte','2023-12-12 20:00:00','libre'),('El Clasico','Camp Nou','parado','Suelo 75','Grada Norte','2027-07-15 00:00:00','libre'),('El Clasico','Camp Nou','parado','Suelo 79','Grada Norte','2023-12-12 20:00:00','libre'),('El Clasico','Camp Nou','parado','Suelo 79','Grada Norte','2027-07-15 00:00:00','libre'),('El Clasico','Camp Nou','parado','Suelo 80','Grada Norte','2023-12-12 20:00:00','libre'),('El Clasico','Camp Nou','parado','Suelo 80','Grada Norte','2027-07-15 00:00:00','libre'),('El Clasico','Camp Nou','parado','Suelo 85','Grada Norte','2023-12-12 20:00:00','libre'),('El Clasico','Camp Nou','parado','Suelo 85','Grada Norte','2027-07-15 00:00:00','libre'),('El Clasico','Camp Nou','parado','Suelo 88','Grada Norte','2023-12-12 20:00:00','libre'),('El Clasico','Camp Nou','parado','Suelo 88','Grada Norte','2027-07-15 00:00:00','libre'),('El Clasico','Camp Nou','parado','Suelo 93','Grada Norte','2023-12-12 20:00:00','libre'),('El Clasico','Camp Nou','parado','Suelo 93','Grada Norte','2027-07-15 00:00:00','libre'),('El Clasico','Camp Nou','parado','Suelo 94','Grada Norte','2023-12-12 20:00:00','libre'),('El Clasico','Camp Nou','parado','Suelo 94','Grada Norte','2027-07-15 00:00:00','libre'),('El Clasico','Camp Nou','adulto','Asiento 1','Grada Norte','2023-12-12 20:00:00','libre'),('El Clasico','Camp Nou','adulto','Asiento 1','Grada Norte','2027-07-15 00:00:00','libre'),('El Clasico','Camp Nou','adulto','Asiento 18','Grada Norte','2023-12-12 20:00:00','libre'),('El Clasico','Camp Nou','adulto','Asiento 18','Grada Norte','2027-07-15 00:00:00','libre'),('El Clasico','Camp Nou','adulto','Asiento 19','Grada Norte','2023-12-12 20:00:00','libre'),('El Clasico','Camp Nou','adulto','Asiento 19','Grada Norte','2027-07-15 00:00:00','libre'),('El Clasico','Camp Nou','adulto','Asiento 26','Grada Norte','2023-12-12 20:00:00','libre'),('El Clasico','Camp Nou','adulto','Asiento 26','Grada Norte','2027-07-15 00:00:00','libre'),('El Clasico','Camp Nou','adulto','Asiento 3','Grada Blanca Tribuna','2023-12-12 20:00:00','libre'),('El Clasico','Camp Nou','adulto','Asiento 3','Grada Blanca Tribuna','2027-07-15 00:00:00','libre'),('El Clasico','Camp Nou','adulto','Asiento 34','Grada Norte','2023-12-12 20:00:00','libre'),('El Clasico','Camp Nou','adulto','Asiento 34','Grada Norte','2027-07-15 00:00:00','libre'),('El Clasico','Camp Nou','adulto','Asiento 36','Grada Norte','2023-12-12 20:00:00','libre'),('El Clasico','Camp Nou','adulto','Asiento 36','Grada Norte','2027-07-15 00:00:00','libre'),('El Clasico','Camp Nou','adulto','Asiento 38','Grada Norte','2023-12-12 20:00:00','libre'),('El Clasico','Camp Nou','adulto','Asiento 38','Grada Norte','2027-07-15 00:00:00','libre'),('El Clasico','Camp Nou','adulto','Asiento 4','Grada Azul Zona','2023-12-12 20:00:00','libre'),('El Clasico','Camp Nou','adulto','Asiento 4','Grada Azul Zona','2027-07-15 00:00:00','libre'),('El Clasico','Camp Nou','adulto','Asiento 45','Grada Norte','2023-12-12 20:00:00','libre'),('El Clasico','Camp Nou','adulto','Asiento 45','Grada Norte','2027-07-15 00:00:00','libre'),('El Clasico','Camp Nou','adulto','Asiento 5','Grada Azul Zona','2023-12-12 20:00:00','libre'),('El Clasico','Camp Nou','adulto','Asiento 5','Grada Azul Zona','2027-07-15 00:00:00','libre'),('El Clasico','Camp Nou','adulto','Asiento 51','Grada Norte','2023-12-12 20:00:00','libre'),('El Clasico','Camp Nou','adulto','Asiento 51','Grada Norte','2027-07-15 00:00:00','libre'),('El Clasico','Camp Nou','adulto','Asiento 52','Grada Norte','2023-12-12 20:00:00','libre'),('El Clasico','Camp Nou','adulto','Asiento 52','Grada Norte','2027-07-15 00:00:00','libre'),('El Clasico','Camp Nou','adulto','Asiento 55','Grada Norte','2023-12-12 20:00:00','libre'),('El Clasico','Camp Nou','adulto','Asiento 55','Grada Norte','2027-07-15 00:00:00','libre'),('El Clasico','Camp Nou','adulto','Asiento 58','Grada Norte','2023-12-12 20:00:00','libre'),('El Clasico','Camp Nou','adulto','Asiento 58','Grada Norte','2027-07-15 00:00:00','libre'),('El Clasico','Camp Nou','adulto','Asiento 6','Grada Norte','2023-12-12 20:00:00','libre'),('El Clasico','Camp Nou','adulto','Asiento 6','Grada Norte','2027-07-15 00:00:00','libre'),('El Clasico','Camp Nou','adulto','Asiento 66','Grada Norte','2023-12-12 20:00:00','libre'),('El Clasico','Camp Nou','adulto','Asiento 66','Grada Norte','2027-07-15 00:00:00','libre'),('El Clasico','Camp Nou','adulto','Asiento 68','Grada Norte','2023-12-12 20:00:00','libre'),('El Clasico','Camp Nou','adulto','Asiento 68','Grada Norte','2027-07-15 00:00:00','libre'),('El Clasico','Camp Nou','adulto','Asiento 69','Grada Norte','2023-12-12 20:00:00','libre'),('El Clasico','Camp Nou','adulto','Asiento 69','Grada Norte','2027-07-15 00:00:00','libre'),('El Clasico','Camp Nou','adulto','Asiento 7','Grada Blanca Tribuna','2023-12-12 20:00:00','libre'),('El Clasico','Camp Nou','adulto','Asiento 7','Grada Blanca Tribuna','2027-07-15 00:00:00','libre'),('El Clasico','Camp Nou','adulto','Asiento 77','Grada Norte','2023-12-12 20:00:00','libre'),('El Clasico','Camp Nou','adulto','Asiento 77','Grada Norte','2027-07-15 00:00:00','libre'),('El Clasico','Camp Nou','adulto','Asiento 9','Grada Norte','2023-12-12 20:00:00','libre'),('El Clasico','Camp Nou','adulto','Asiento 9','Grada Norte','2027-07-15 00:00:00','libre'),('El Clasico','Camp Nou','adulto','Asiento 90','Grada Norte','2023-12-12 20:00:00','libre'),('El Clasico','Camp Nou','adulto','Asiento 90','Grada Norte','2027-07-15 00:00:00','libre'),('El Clasico','Camp Nou','adulto','Asiento 96','Grada Norte','2023-12-12 20:00:00','libre'),('El Clasico','Camp Nou','adulto','Asiento 96','Grada Norte','2027-07-15 00:00:00','libre'),('El Clasico','Camp Nou','adulto','Balcón 1','Grada Azul Zona','2023-12-12 20:00:00','libre'),('El Clasico','Camp Nou','adulto','Balcón 1','Grada Azul Zona','2027-07-15 00:00:00','libre'),('El Clasico','Camp Nou','adulto','Balcón 10','Grada Blanca Tribuna','2023-12-12 20:00:00','libre'),('El Clasico','Camp Nou','adulto','Balcón 10','Grada Blanca Tribuna','2027-07-15 00:00:00','libre'),('El Clasico','Camp Nou','adulto','Balcón 10','Grada Norte','2023-12-12 20:00:00','libre'),('El Clasico','Camp Nou','adulto','Balcón 10','Grada Norte','2027-07-15 00:00:00','libre'),('El Clasico','Camp Nou','adulto','Balcón 100','Grada Norte','2023-12-12 20:00:00','libre'),('El Clasico','Camp Nou','adulto','Balcón 100','Grada Norte','2027-07-15 00:00:00','libre'),('El Clasico','Camp Nou','adulto','Balcón 14','Grada Norte','2023-12-12 20:00:00','libre'),('El Clasico','Camp Nou','adulto','Balcón 14','Grada Norte','2027-07-15 00:00:00','libre'),('El Clasico','Camp Nou','adulto','Balcón 15','Grada Norte','2023-12-12 20:00:00','libre'),('El Clasico','Camp Nou','adulto','Balcón 15','Grada Norte','2027-07-15 00:00:00','libre'),('El Clasico','Camp Nou','adulto','Balcón 16','Grada Norte','2023-12-12 20:00:00','libre'),('El Clasico','Camp Nou','adulto','Balcón 16','Grada Norte','2027-07-15 00:00:00','libre'),('El Clasico','Camp Nou','adulto','Balcón 2','Grada Norte','2023-12-12 20:00:00','libre'),('El Clasico','Camp Nou','adulto','Balcón 2','Grada Norte','2027-07-15 00:00:00','libre'),('El Clasico','Camp Nou','adulto','Balcón 20','Grada Norte','2023-12-12 20:00:00','libre'),('El Clasico','Camp Nou','adulto','Balcón 20','Grada Norte','2027-07-15 00:00:00','libre'),('El Clasico','Camp Nou','adulto','Balcón 29','Grada Norte','2023-12-12 20:00:00','libre'),('El Clasico','Camp Nou','adulto','Balcón 29','Grada Norte','2027-07-15 00:00:00','libre'),('El Clasico','Camp Nou','adulto','Balcón 3','Grada Azul Zona','2023-12-12 20:00:00','libre'),('El Clasico','Camp Nou','adulto','Balcón 3','Grada Azul Zona','2027-07-15 00:00:00','libre'),('El Clasico','Camp Nou','adulto','Balcón 3','Grada Norte','2023-12-12 20:00:00','libre'),('El Clasico','Camp Nou','adulto','Balcón 3','Grada Norte','2027-07-15 00:00:00','libre'),('El Clasico','Camp Nou','adulto','Balcón 32','Grada Norte','2023-12-12 20:00:00','libre'),('El Clasico','Camp Nou','adulto','Balcón 32','Grada Norte','2027-07-15 00:00:00','libre'),('El Clasico','Camp Nou','adulto','Balcón 39','Grada Norte','2023-12-12 20:00:00','libre'),('El Clasico','Camp Nou','adulto','Balcón 39','Grada Norte','2027-07-15 00:00:00','libre'),('El Clasico','Camp Nou','adulto','Balcón 4','Grada Norte','2023-12-12 20:00:00','libre'),('El Clasico','Camp Nou','adulto','Balcón 4','Grada Norte','2027-07-15 00:00:00','libre'),('El Clasico','Camp Nou','adulto','Balcón 49','Grada Norte','2023-12-12 20:00:00','libre'),('El Clasico','Camp Nou','adulto','Balcón 49','Grada Norte','2027-07-15 00:00:00','libre'),('El Clasico','Camp Nou','adulto','Balcón 59','Grada Norte','2023-12-12 20:00:00','libre'),('El Clasico','Camp Nou','adulto','Balcón 59','Grada Norte','2027-07-15 00:00:00','libre'),('El Clasico','Camp Nou','adulto','Balcón 60','Grada Norte','2023-12-12 20:00:00','libre'),('El Clasico','Camp Nou','adulto','Balcón 60','Grada Norte','2027-07-15 00:00:00','libre'),('El Clasico','Camp Nou','adulto','Balcón 65','Grada Norte','2023-12-12 20:00:00','libre'),('El Clasico','Camp Nou','adulto','Balcón 65','Grada Norte','2027-07-15 00:00:00','libre'),('El Clasico','Camp Nou','adulto','Balcón 7','Grada Azul Zona','2023-12-12 20:00:00','libre'),('El Clasico','Camp Nou','adulto','Balcón 7','Grada Azul Zona','2027-07-15 00:00:00','libre'),('El Clasico','Camp Nou','adulto','Balcón 71','Grada Norte','2023-12-12 20:00:00','libre'),('El Clasico','Camp Nou','adulto','Balcón 71','Grada Norte','2027-07-15 00:00:00','libre'),('El Clasico','Camp Nou','adulto','Balcón 72','Grada Norte','2023-12-12 20:00:00','libre'),('El Clasico','Camp Nou','adulto','Balcón 72','Grada Norte','2027-07-15 00:00:00','libre'),('El Clasico','Camp Nou','adulto','Balcón 76','Grada Norte','2023-12-12 20:00:00','libre'),('El Clasico','Camp Nou','adulto','Balcón 76','Grada Norte','2027-07-15 00:00:00','libre'),('El Clasico','Camp Nou','adulto','Balcón 8','Grada Blanca Tribuna','2023-12-12 20:00:00','libre'),('El Clasico','Camp Nou','adulto','Balcón 8','Grada Blanca Tribuna','2027-07-15 00:00:00','libre'),('El Clasico','Camp Nou','adulto','Balcón 81','Grada Norte','2023-12-12 20:00:00','libre'),('El Clasico','Camp Nou','adulto','Balcón 81','Grada Norte','2027-07-15 00:00:00','libre'),('El Clasico','Camp Nou','adulto','Balcón 83','Grada Norte','2023-12-12 20:00:00','libre'),('El Clasico','Camp Nou','adulto','Balcón 83','Grada Norte','2027-07-15 00:00:00','libre'),('El Clasico','Camp Nou','adulto','Balcón 89','Grada Norte','2023-12-12 20:00:00','libre'),('El Clasico','Camp Nou','adulto','Balcón 89','Grada Norte','2027-07-15 00:00:00','libre'),('El Clasico','Camp Nou','adulto','Balcón 97','Grada Norte','2023-12-12 20:00:00','libre'),('El Clasico','Camp Nou','adulto','Balcón 97','Grada Norte','2027-07-15 00:00:00','libre'),('El Clasico','Camp Nou','adulto','Butaca 11','Grada Norte','2023-12-12 20:00:00','libre'),('El Clasico','Camp Nou','adulto','Butaca 11','Grada Norte','2027-07-15 00:00:00','libre'),('El Clasico','Camp Nou','adulto','Butaca 12','Grada Norte','2023-12-12 20:00:00','libre'),('El Clasico','Camp Nou','adulto','Butaca 12','Grada Norte','2027-07-15 00:00:00','libre'),('El Clasico','Camp Nou','adulto','Butaca 13','Grada Norte','2023-12-12 20:00:00','libre'),('El Clasico','Camp Nou','adulto','Butaca 13','Grada Norte','2027-07-15 00:00:00','libre'),('El Clasico','Camp Nou','adulto','Butaca 2','Grada Blanca Tribuna','2023-12-12 20:00:00','libre'),('El Clasico','Camp Nou','adulto','Butaca 2','Grada Blanca Tribuna','2027-07-15 00:00:00','libre'),('El Clasico','Camp Nou','adulto','Butaca 22','Grada Norte','2023-12-12 20:00:00','libre'),('El Clasico','Camp Nou','adulto','Butaca 22','Grada Norte','2027-07-15 00:00:00','libre'),('El Clasico','Camp Nou','adulto','Butaca 27','Grada Norte','2023-12-12 20:00:00','libre'),('El Clasico','Camp Nou','adulto','Butaca 27','Grada Norte','2027-07-15 00:00:00','libre'),('El Clasico','Camp Nou','adulto','Butaca 28','Grada Norte','2023-12-12 20:00:00','libre'),('El Clasico','Camp Nou','adulto','Butaca 28','Grada Norte','2027-07-15 00:00:00','libre'),('El Clasico','Camp Nou','adulto','Butaca 30','Grada Norte','2023-12-12 20:00:00','libre'),('El Clasico','Camp Nou','adulto','Butaca 30','Grada Norte','2027-07-15 00:00:00','libre'),('El Clasico','Camp Nou','adulto','Butaca 33','Grada Norte','2023-12-12 20:00:00','libre'),('El Clasico','Camp Nou','adulto','Butaca 33','Grada Norte','2027-07-15 00:00:00','libre'),('El Clasico','Camp Nou','adulto','Butaca 35','Grada Norte','2023-12-12 20:00:00','libre'),('El Clasico','Camp Nou','adulto','Butaca 35','Grada Norte','2027-07-15 00:00:00','libre'),('El Clasico','Camp Nou','adulto','Butaca 37','Grada Norte','2023-12-12 20:00:00','libre'),('El Clasico','Camp Nou','adulto','Butaca 37','Grada Norte','2027-07-15 00:00:00','libre'),('El Clasico','Camp Nou','adulto','Butaca 4','Grada Blanca Tribuna','2023-12-12 20:00:00','libre'),('El Clasico','Camp Nou','adulto','Butaca 4','Grada Blanca Tribuna','2027-07-15 00:00:00','libre'),('El Clasico','Camp Nou','adulto','Butaca 40','Grada Norte','2023-12-12 20:00:00','libre'),('El Clasico','Camp Nou','adulto','Butaca 40','Grada Norte','2027-07-15 00:00:00','libre'),('El Clasico','Camp Nou','adulto','Butaca 43','Grada Norte','2023-12-12 20:00:00','libre'),('El Clasico','Camp Nou','adulto','Butaca 43','Grada Norte','2027-07-15 00:00:00','libre'),('El Clasico','Camp Nou','adulto','Butaca 48','Grada Norte','2023-12-12 20:00:00','libre'),('El Clasico','Camp Nou','adulto','Butaca 48','Grada Norte','2027-07-15 00:00:00','libre'),('El Clasico','Camp Nou','adulto','Butaca 50','Grada Norte','2023-12-12 20:00:00','libre'),('El Clasico','Camp Nou','adulto','Butaca 50','Grada Norte','2027-07-15 00:00:00','libre'),('El Clasico','Camp Nou','adulto','Butaca 53','Grada Norte','2023-12-12 20:00:00','libre'),('El Clasico','Camp Nou','adulto','Butaca 53','Grada Norte','2027-07-15 00:00:00','libre'),('El Clasico','Camp Nou','adulto','Butaca 57','Grada Norte','2023-12-12 20:00:00','libre'),('El Clasico','Camp Nou','adulto','Butaca 57','Grada Norte','2027-07-15 00:00:00','libre'),('El Clasico','Camp Nou','adulto','Butaca 6','Grada Blanca Tribuna','2023-12-12 20:00:00','libre'),('El Clasico','Camp Nou','adulto','Butaca 6','Grada Blanca Tribuna','2027-07-15 00:00:00','libre'),('El Clasico','Camp Nou','adulto','Butaca 7','Grada Norte','2023-12-12 20:00:00','libre'),('El Clasico','Camp Nou','adulto','Butaca 7','Grada Norte','2027-07-15 00:00:00','libre'),('El Clasico','Camp Nou','adulto','Butaca 78','Grada Norte','2023-12-12 20:00:00','libre'),('El Clasico','Camp Nou','adulto','Butaca 78','Grada Norte','2027-07-15 00:00:00','libre'),('El Clasico','Camp Nou','adulto','Butaca 8','Grada Norte','2023-12-12 20:00:00','libre'),('El Clasico','Camp Nou','adulto','Butaca 8','Grada Norte','2027-07-15 00:00:00','libre'),('El Clasico','Camp Nou','adulto','Butaca 82','Grada Norte','2023-12-12 20:00:00','libre'),('El Clasico','Camp Nou','adulto','Butaca 82','Grada Norte','2027-07-15 00:00:00','libre'),('El Clasico','Camp Nou','adulto','Butaca 84','Grada Norte','2023-12-12 20:00:00','libre'),('El Clasico','Camp Nou','adulto','Butaca 84','Grada Norte','2027-07-15 00:00:00','libre'),('El Clasico','Camp Nou','adulto','Butaca 86','Grada Norte','2023-12-12 20:00:00','libre'),('El Clasico','Camp Nou','adulto','Butaca 86','Grada Norte','2027-07-15 00:00:00','libre'),('El Clasico','Camp Nou','adulto','Butaca 87','Grada Norte','2023-12-12 20:00:00','libre'),('El Clasico','Camp Nou','adulto','Butaca 87','Grada Norte','2027-07-15 00:00:00','libre'),('El Clasico','Camp Nou','adulto','Butaca 9','Grada Blanca Tribuna','2023-12-12 20:00:00','libre'),('El Clasico','Camp Nou','adulto','Butaca 9','Grada Blanca Tribuna','2027-07-15 00:00:00','libre'),('El Clasico','Camp Nou','adulto','Butaca 91','Grada Norte','2023-12-12 20:00:00','libre'),('El Clasico','Camp Nou','adulto','Butaca 91','Grada Norte','2027-07-15 00:00:00','libre'),('El Clasico','Camp Nou','adulto','Butaca 92','Grada Norte','2023-12-12 20:00:00','libre'),('El Clasico','Camp Nou','adulto','Butaca 92','Grada Norte','2027-07-15 00:00:00','libre'),('El Clasico','Camp Nou','adulto','Butaca 95','Grada Norte','2023-12-12 20:00:00','libre'),('El Clasico','Camp Nou','adulto','Butaca 95','Grada Norte','2027-07-15 00:00:00','libre'),('El Clasico','Camp Nou','adulto','Butaca 98','Grada Norte','2023-12-12 20:00:00','libre'),('El Clasico','Camp Nou','adulto','Butaca 98','Grada Norte','2027-07-15 00:00:00','libre'),('El Clasico','Camp Nou','adulto','Butaca 99','Grada Norte','2023-12-12 20:00:00','libre'),('El Clasico','Camp Nou','adulto','Butaca 99','Grada Norte','2027-07-15 00:00:00','libre'),('El Clasico','Camp Nou','adulto','Suelo 1','Grada Blanca Tribuna','2023-12-12 20:00:00','libre'),('El Clasico','Camp Nou','adulto','Suelo 1','Grada Blanca Tribuna','2027-07-15 00:00:00','libre'),('El Clasico','Camp Nou','adulto','Suelo 17','Grada Norte','2023-12-12 20:00:00','libre'),('El Clasico','Camp Nou','adulto','Suelo 17','Grada Norte','2027-07-15 00:00:00','libre'),('El Clasico','Camp Nou','adulto','Suelo 2','Grada Azul Zona','2023-12-12 20:00:00','libre'),('El Clasico','Camp Nou','adulto','Suelo 2','Grada Azul Zona','2027-07-15 00:00:00','libre'),('El Clasico','Camp Nou','adulto','Suelo 21','Grada Norte','2023-12-12 20:00:00','libre'),('El Clasico','Camp Nou','adulto','Suelo 21','Grada Norte','2027-07-15 00:00:00','libre'),('El Clasico','Camp Nou','adulto','Suelo 23','Grada Norte','2023-12-12 20:00:00','libre'),('El Clasico','Camp Nou','adulto','Suelo 23','Grada Norte','2027-07-15 00:00:00','libre'),('El Clasico','Camp Nou','adulto','Suelo 24','Grada Norte','2023-12-12 20:00:00','libre'),('El Clasico','Camp Nou','adulto','Suelo 24','Grada Norte','2027-07-15 00:00:00','libre'),('El Clasico','Camp Nou','adulto','Suelo 25','Grada Norte','2023-12-12 20:00:00','libre'),('El Clasico','Camp Nou','adulto','Suelo 25','Grada Norte','2027-07-15 00:00:00','libre'),('El Clasico','Camp Nou','adulto','Suelo 31','Grada Norte','2023-12-12 20:00:00','libre'),('El Clasico','Camp Nou','adulto','Suelo 31','Grada Norte','2027-07-15 00:00:00','libre'),('El Clasico','Camp Nou','adulto','Suelo 41','Grada Norte','2023-12-12 20:00:00','libre'),('El Clasico','Camp Nou','adulto','Suelo 41','Grada Norte','2027-07-15 00:00:00','libre'),('El Clasico','Camp Nou','adulto','Suelo 42','Grada Norte','2023-12-12 20:00:00','libre'),('El Clasico','Camp Nou','adulto','Suelo 42','Grada Norte','2027-07-15 00:00:00','libre'),('El Clasico','Camp Nou','adulto','Suelo 44','Grada Norte','2023-12-12 20:00:00','libre'),('El Clasico','Camp Nou','adulto','Suelo 44','Grada Norte','2027-07-15 00:00:00','libre'),('El Clasico','Camp Nou','adulto','Suelo 46','Grada Norte','2023-12-12 20:00:00','libre'),('El Clasico','Camp Nou','adulto','Suelo 46','Grada Norte','2027-07-15 00:00:00','libre'),('El Clasico','Camp Nou','adulto','Suelo 47','Grada Norte','2023-12-12 20:00:00','libre'),('El Clasico','Camp Nou','adulto','Suelo 47','Grada Norte','2027-07-15 00:00:00','libre'),('El Clasico','Camp Nou','adulto','Suelo 5','Grada Blanca Tribuna','2023-12-12 20:00:00','libre'),('El Clasico','Camp Nou','adulto','Suelo 5','Grada Blanca Tribuna','2027-07-15 00:00:00','libre'),('El Clasico','Camp Nou','adulto','Suelo 5','Grada Norte','2023-12-12 20:00:00','libre'),('El Clasico','Camp Nou','adulto','Suelo 5','Grada Norte','2027-07-15 00:00:00','libre'),('El Clasico','Camp Nou','adulto','Suelo 54','Grada Norte','2023-12-12 20:00:00','libre'),('El Clasico','Camp Nou','adulto','Suelo 54','Grada Norte','2027-07-15 00:00:00','libre'),('El Clasico','Camp Nou','adulto','Suelo 56','Grada Norte','2023-12-12 20:00:00','libre'),('El Clasico','Camp Nou','adulto','Suelo 56','Grada Norte','2027-07-15 00:00:00','libre'),('El Clasico','Camp Nou','adulto','Suelo 6','Grada Azul Zona','2023-12-12 20:00:00','libre'),('El Clasico','Camp Nou','adulto','Suelo 6','Grada Azul Zona','2027-07-15 00:00:00','libre'),('El Clasico','Camp Nou','adulto','Suelo 61','Grada Norte','2023-12-12 20:00:00','libre'),('El Clasico','Camp Nou','adulto','Suelo 61','Grada Norte','2027-07-15 00:00:00','libre'),('El Clasico','Camp Nou','adulto','Suelo 62','Grada Norte','2023-12-12 20:00:00','libre'),('El Clasico','Camp Nou','adulto','Suelo 62','Grada Norte','2027-07-15 00:00:00','libre'),('El Clasico','Camp Nou','adulto','Suelo 63','Grada Norte','2023-12-12 20:00:00','libre'),('El Clasico','Camp Nou','adulto','Suelo 63','Grada Norte','2027-07-15 00:00:00','libre'),('El Clasico','Camp Nou','adulto','Suelo 64','Grada Norte','2023-12-12 20:00:00','libre'),('El Clasico','Camp Nou','adulto','Suelo 64','Grada Norte','2027-07-15 00:00:00','libre'),('El Clasico','Camp Nou','adulto','Suelo 67','Grada Norte','2023-12-12 20:00:00','libre'),('El Clasico','Camp Nou','adulto','Suelo 67','Grada Norte','2027-07-15 00:00:00','libre'),('El Clasico','Camp Nou','adulto','Suelo 70','Grada Norte','2023-12-12 20:00:00','libre'),('El Clasico','Camp Nou','adulto','Suelo 70','Grada Norte','2027-07-15 00:00:00','libre'),('El Clasico','Camp Nou','adulto','Suelo 73','Grada Norte','2023-12-12 20:00:00','libre'),('El Clasico','Camp Nou','adulto','Suelo 73','Grada Norte','2027-07-15 00:00:00','libre'),('El Clasico','Camp Nou','adulto','Suelo 74','Grada Norte','2023-12-12 20:00:00','libre'),('El Clasico','Camp Nou','adulto','Suelo 74','Grada Norte','2027-07-15 00:00:00','libre'),('El Clasico','Camp Nou','adulto','Suelo 75','Grada Norte','2023-12-12 20:00:00','libre'),('El Clasico','Camp Nou','adulto','Suelo 75','Grada Norte','2027-07-15 00:00:00','libre'),('El Clasico','Camp Nou','adulto','Suelo 79','Grada Norte','2023-12-12 20:00:00','libre'),('El Clasico','Camp Nou','adulto','Suelo 79','Grada Norte','2027-07-15 00:00:00','libre'),('El Clasico','Camp Nou','adulto','Suelo 80','Grada Norte','2023-12-12 20:00:00','libre'),('El Clasico','Camp Nou','adulto','Suelo 80','Grada Norte','2027-07-15 00:00:00','libre'),('El Clasico','Camp Nou','adulto','Suelo 85','Grada Norte','2023-12-12 20:00:00','libre'),('El Clasico','Camp Nou','adulto','Suelo 85','Grada Norte','2027-07-15 00:00:00','libre'),('El Clasico','Camp Nou','adulto','Suelo 88','Grada Norte','2023-12-12 20:00:00','libre'),('El Clasico','Camp Nou','adulto','Suelo 88','Grada Norte','2027-07-15 00:00:00','libre'),('El Clasico','Camp Nou','adulto','Suelo 93','Grada Norte','2023-12-12 20:00:00','libre'),('El Clasico','Camp Nou','adulto','Suelo 93','Grada Norte','2027-07-15 00:00:00','libre'),('El Clasico','Camp Nou','adulto','Suelo 94','Grada Norte','2023-12-12 20:00:00','libre'),('El Clasico','Camp Nou','adulto','Suelo 94','Grada Norte','2027-07-15 00:00:00','libre'),('El Clasico','Camp Nou','infantil','Asiento 1','Grada Norte','2023-12-12 20:00:00','libre'),('El Clasico','Camp Nou','infantil','Asiento 1','Grada Norte','2027-07-15 00:00:00','libre'),('El Clasico','Camp Nou','infantil','Asiento 18','Grada Norte','2023-12-12 20:00:00','libre'),('El Clasico','Camp Nou','infantil','Asiento 18','Grada Norte','2027-07-15 00:00:00','libre'),('El Clasico','Camp Nou','infantil','Asiento 19','Grada Norte','2023-12-12 20:00:00','libre'),('El Clasico','Camp Nou','infantil','Asiento 19','Grada Norte','2027-07-15 00:00:00','libre'),('El Clasico','Camp Nou','infantil','Asiento 26','Grada Norte','2023-12-12 20:00:00','libre'),('El Clasico','Camp Nou','infantil','Asiento 26','Grada Norte','2027-07-15 00:00:00','libre'),('El Clasico','Camp Nou','infantil','Asiento 3','Grada Blanca Tribuna','2023-12-12 20:00:00','libre'),('El Clasico','Camp Nou','infantil','Asiento 3','Grada Blanca Tribuna','2027-07-15 00:00:00','libre'),('El Clasico','Camp Nou','infantil','Asiento 34','Grada Norte','2023-12-12 20:00:00','libre'),('El Clasico','Camp Nou','infantil','Asiento 34','Grada Norte','2027-07-15 00:00:00','libre'),('El Clasico','Camp Nou','infantil','Asiento 36','Grada Norte','2023-12-12 20:00:00','libre'),('El Clasico','Camp Nou','infantil','Asiento 36','Grada Norte','2027-07-15 00:00:00','libre'),('El Clasico','Camp Nou','infantil','Asiento 38','Grada Norte','2023-12-12 20:00:00','libre'),('El Clasico','Camp Nou','infantil','Asiento 38','Grada Norte','2027-07-15 00:00:00','libre'),('El Clasico','Camp Nou','infantil','Asiento 4','Grada Azul Zona','2023-12-12 20:00:00','libre'),('El Clasico','Camp Nou','infantil','Asiento 4','Grada Azul Zona','2027-07-15 00:00:00','libre'),('El Clasico','Camp Nou','infantil','Asiento 45','Grada Norte','2023-12-12 20:00:00','libre'),('El Clasico','Camp Nou','infantil','Asiento 45','Grada Norte','2027-07-15 00:00:00','libre'),('El Clasico','Camp Nou','infantil','Asiento 5','Grada Azul Zona','2023-12-12 20:00:00','libre'),('El Clasico','Camp Nou','infantil','Asiento 5','Grada Azul Zona','2027-07-15 00:00:00','libre'),('El Clasico','Camp Nou','infantil','Asiento 51','Grada Norte','2023-12-12 20:00:00','libre'),('El Clasico','Camp Nou','infantil','Asiento 51','Grada Norte','2027-07-15 00:00:00','libre'),('El Clasico','Camp Nou','infantil','Asiento 52','Grada Norte','2023-12-12 20:00:00','libre'),('El Clasico','Camp Nou','infantil','Asiento 52','Grada Norte','2027-07-15 00:00:00','libre'),('El Clasico','Camp Nou','infantil','Asiento 55','Grada Norte','2023-12-12 20:00:00','libre'),('El Clasico','Camp Nou','infantil','Asiento 55','Grada Norte','2027-07-15 00:00:00','libre'),('El Clasico','Camp Nou','infantil','Asiento 58','Grada Norte','2023-12-12 20:00:00','libre'),('El Clasico','Camp Nou','infantil','Asiento 58','Grada Norte','2027-07-15 00:00:00','libre'),('El Clasico','Camp Nou','infantil','Asiento 6','Grada Norte','2023-12-12 20:00:00','libre'),('El Clasico','Camp Nou','infantil','Asiento 6','Grada Norte','2027-07-15 00:00:00','libre'),('El Clasico','Camp Nou','infantil','Asiento 66','Grada Norte','2023-12-12 20:00:00','libre'),('El Clasico','Camp Nou','infantil','Asiento 66','Grada Norte','2027-07-15 00:00:00','libre'),('El Clasico','Camp Nou','infantil','Asiento 68','Grada Norte','2023-12-12 20:00:00','libre'),('El Clasico','Camp Nou','infantil','Asiento 68','Grada Norte','2027-07-15 00:00:00','libre'),('El Clasico','Camp Nou','infantil','Asiento 69','Grada Norte','2023-12-12 20:00:00','libre'),('El Clasico','Camp Nou','infantil','Asiento 69','Grada Norte','2027-07-15 00:00:00','libre'),('El Clasico','Camp Nou','infantil','Asiento 7','Grada Blanca Tribuna','2023-12-12 20:00:00','libre'),('El Clasico','Camp Nou','infantil','Asiento 7','Grada Blanca Tribuna','2027-07-15 00:00:00','libre'),('El Clasico','Camp Nou','infantil','Asiento 77','Grada Norte','2023-12-12 20:00:00','libre'),('El Clasico','Camp Nou','infantil','Asiento 77','Grada Norte','2027-07-15 00:00:00','libre'),('El Clasico','Camp Nou','infantil','Asiento 9','Grada Norte','2023-12-12 20:00:00','libre'),('El Clasico','Camp Nou','infantil','Asiento 9','Grada Norte','2027-07-15 00:00:00','libre'),('El Clasico','Camp Nou','infantil','Asiento 90','Grada Norte','2023-12-12 20:00:00','libre'),('El Clasico','Camp Nou','infantil','Asiento 90','Grada Norte','2027-07-15 00:00:00','libre'),('El Clasico','Camp Nou','infantil','Asiento 96','Grada Norte','2023-12-12 20:00:00','libre'),('El Clasico','Camp Nou','infantil','Asiento 96','Grada Norte','2027-07-15 00:00:00','libre'),('El Clasico','Camp Nou','infantil','Balcón 1','Grada Azul Zona','2023-12-12 20:00:00','libre'),('El Clasico','Camp Nou','infantil','Balcón 1','Grada Azul Zona','2027-07-15 00:00:00','libre'),('El Clasico','Camp Nou','infantil','Balcón 10','Grada Blanca Tribuna','2023-12-12 20:00:00','libre'),('El Clasico','Camp Nou','infantil','Balcón 10','Grada Blanca Tribuna','2027-07-15 00:00:00','libre'),('El Clasico','Camp Nou','infantil','Balcón 10','Grada Norte','2023-12-12 20:00:00','libre'),('El Clasico','Camp Nou','infantil','Balcón 10','Grada Norte','2027-07-15 00:00:00','libre'),('El Clasico','Camp Nou','infantil','Balcón 100','Grada Norte','2023-12-12 20:00:00','libre'),('El Clasico','Camp Nou','infantil','Balcón 100','Grada Norte','2027-07-15 00:00:00','libre'),('El Clasico','Camp Nou','infantil','Balcón 14','Grada Norte','2023-12-12 20:00:00','libre'),('El Clasico','Camp Nou','infantil','Balcón 14','Grada Norte','2027-07-15 00:00:00','libre'),('El Clasico','Camp Nou','infantil','Balcón 15','Grada Norte','2023-12-12 20:00:00','libre'),('El Clasico','Camp Nou','infantil','Balcón 15','Grada Norte','2027-07-15 00:00:00','libre'),('El Clasico','Camp Nou','infantil','Balcón 16','Grada Norte','2023-12-12 20:00:00','libre'),('El Clasico','Camp Nou','infantil','Balcón 16','Grada Norte','2027-07-15 00:00:00','libre'),('El Clasico','Camp Nou','infantil','Balcón 2','Grada Norte','2023-12-12 20:00:00','libre'),('El Clasico','Camp Nou','infantil','Balcón 2','Grada Norte','2027-07-15 00:00:00','libre'),('El Clasico','Camp Nou','infantil','Balcón 20','Grada Norte','2023-12-12 20:00:00','libre'),('El Clasico','Camp Nou','infantil','Balcón 20','Grada Norte','2027-07-15 00:00:00','libre'),('El Clasico','Camp Nou','infantil','Balcón 29','Grada Norte','2023-12-12 20:00:00','libre'),('El Clasico','Camp Nou','infantil','Balcón 29','Grada Norte','2027-07-15 00:00:00','libre'),('El Clasico','Camp Nou','infantil','Balcón 3','Grada Azul Zona','2023-12-12 20:00:00','libre'),('El Clasico','Camp Nou','infantil','Balcón 3','Grada Azul Zona','2027-07-15 00:00:00','libre'),('El Clasico','Camp Nou','infantil','Balcón 3','Grada Norte','2023-12-12 20:00:00','libre'),('El Clasico','Camp Nou','infantil','Balcón 3','Grada Norte','2027-07-15 00:00:00','libre'),('El Clasico','Camp Nou','infantil','Balcón 32','Grada Norte','2023-12-12 20:00:00','libre'),('El Clasico','Camp Nou','infantil','Balcón 32','Grada Norte','2027-07-15 00:00:00','libre'),('El Clasico','Camp Nou','infantil','Balcón 39','Grada Norte','2023-12-12 20:00:00','libre'),('El Clasico','Camp Nou','infantil','Balcón 39','Grada Norte','2027-07-15 00:00:00','libre'),('El Clasico','Camp Nou','infantil','Balcón 4','Grada Norte','2023-12-12 20:00:00','libre'),('El Clasico','Camp Nou','infantil','Balcón 4','Grada Norte','2027-07-15 00:00:00','libre'),('El Clasico','Camp Nou','infantil','Balcón 49','Grada Norte','2023-12-12 20:00:00','libre'),('El Clasico','Camp Nou','infantil','Balcón 49','Grada Norte','2027-07-15 00:00:00','libre'),('El Clasico','Camp Nou','infantil','Balcón 59','Grada Norte','2023-12-12 20:00:00','libre'),('El Clasico','Camp Nou','infantil','Balcón 59','Grada Norte','2027-07-15 00:00:00','libre'),('El Clasico','Camp Nou','infantil','Balcón 60','Grada Norte','2023-12-12 20:00:00','libre'),('El Clasico','Camp Nou','infantil','Balcón 60','Grada Norte','2027-07-15 00:00:00','libre'),('El Clasico','Camp Nou','infantil','Balcón 65','Grada Norte','2023-12-12 20:00:00','libre'),('El Clasico','Camp Nou','infantil','Balcón 65','Grada Norte','2027-07-15 00:00:00','libre'),('El Clasico','Camp Nou','infantil','Balcón 7','Grada Azul Zona','2023-12-12 20:00:00','libre'),('El Clasico','Camp Nou','infantil','Balcón 7','Grada Azul Zona','2027-07-15 00:00:00','libre'),('El Clasico','Camp Nou','infantil','Balcón 71','Grada Norte','2023-12-12 20:00:00','libre'),('El Clasico','Camp Nou','infantil','Balcón 71','Grada Norte','2027-07-15 00:00:00','libre'),('El Clasico','Camp Nou','infantil','Balcón 72','Grada Norte','2023-12-12 20:00:00','libre'),('El Clasico','Camp Nou','infantil','Balcón 72','Grada Norte','2027-07-15 00:00:00','libre'),('El Clasico','Camp Nou','infantil','Balcón 76','Grada Norte','2023-12-12 20:00:00','libre'),('El Clasico','Camp Nou','infantil','Balcón 76','Grada Norte','2027-07-15 00:00:00','libre'),('El Clasico','Camp Nou','infantil','Balcón 8','Grada Blanca Tribuna','2023-12-12 20:00:00','libre'),('El Clasico','Camp Nou','infantil','Balcón 8','Grada Blanca Tribuna','2027-07-15 00:00:00','libre'),('El Clasico','Camp Nou','infantil','Balcón 81','Grada Norte','2023-12-12 20:00:00','libre'),('El Clasico','Camp Nou','infantil','Balcón 81','Grada Norte','2027-07-15 00:00:00','libre'),('El Clasico','Camp Nou','infantil','Balcón 83','Grada Norte','2023-12-12 20:00:00','libre'),('El Clasico','Camp Nou','infantil','Balcón 83','Grada Norte','2027-07-15 00:00:00','libre'),('El Clasico','Camp Nou','infantil','Balcón 89','Grada Norte','2023-12-12 20:00:00','libre'),('El Clasico','Camp Nou','infantil','Balcón 89','Grada Norte','2027-07-15 00:00:00','libre'),('El Clasico','Camp Nou','infantil','Balcón 97','Grada Norte','2023-12-12 20:00:00','libre'),('El Clasico','Camp Nou','infantil','Balcón 97','Grada Norte','2027-07-15 00:00:00','libre'),('El Clasico','Camp Nou','infantil','Butaca 11','Grada Norte','2023-12-12 20:00:00','libre'),('El Clasico','Camp Nou','infantil','Butaca 11','Grada Norte','2027-07-15 00:00:00','libre'),('El Clasico','Camp Nou','infantil','Butaca 12','Grada Norte','2023-12-12 20:00:00','libre'),('El Clasico','Camp Nou','infantil','Butaca 12','Grada Norte','2027-07-15 00:00:00','libre'),('El Clasico','Camp Nou','infantil','Butaca 13','Grada Norte','2023-12-12 20:00:00','libre'),('El Clasico','Camp Nou','infantil','Butaca 13','Grada Norte','2027-07-15 00:00:00','libre'),('El Clasico','Camp Nou','infantil','Butaca 2','Grada Blanca Tribuna','2023-12-12 20:00:00','libre'),('El Clasico','Camp Nou','infantil','Butaca 2','Grada Blanca Tribuna','2027-07-15 00:00:00','libre'),('El Clasico','Camp Nou','infantil','Butaca 22','Grada Norte','2023-12-12 20:00:00','libre'),('El Clasico','Camp Nou','infantil','Butaca 22','Grada Norte','2027-07-15 00:00:00','libre'),('El Clasico','Camp Nou','infantil','Butaca 27','Grada Norte','2023-12-12 20:00:00','libre'),('El Clasico','Camp Nou','infantil','Butaca 27','Grada Norte','2027-07-15 00:00:00','libre'),('El Clasico','Camp Nou','infantil','Butaca 28','Grada Norte','2023-12-12 20:00:00','libre'),('El Clasico','Camp Nou','infantil','Butaca 28','Grada Norte','2027-07-15 00:00:00','libre'),('El Clasico','Camp Nou','infantil','Butaca 30','Grada Norte','2023-12-12 20:00:00','libre'),('El Clasico','Camp Nou','infantil','Butaca 30','Grada Norte','2027-07-15 00:00:00','libre'),('El Clasico','Camp Nou','infantil','Butaca 33','Grada Norte','2023-12-12 20:00:00','libre'),('El Clasico','Camp Nou','infantil','Butaca 33','Grada Norte','2027-07-15 00:00:00','libre'),('El Clasico','Camp Nou','infantil','Butaca 35','Grada Norte','2023-12-12 20:00:00','libre'),('El Clasico','Camp Nou','infantil','Butaca 35','Grada Norte','2027-07-15 00:00:00','libre'),('El Clasico','Camp Nou','infantil','Butaca 37','Grada Norte','2023-12-12 20:00:00','libre'),('El Clasico','Camp Nou','infantil','Butaca 37','Grada Norte','2027-07-15 00:00:00','libre'),('El Clasico','Camp Nou','infantil','Butaca 4','Grada Blanca Tribuna','2023-12-12 20:00:00','libre'),('El Clasico','Camp Nou','infantil','Butaca 4','Grada Blanca Tribuna','2027-07-15 00:00:00','libre'),('El Clasico','Camp Nou','infantil','Butaca 40','Grada Norte','2023-12-12 20:00:00','libre'),('El Clasico','Camp Nou','infantil','Butaca 40','Grada Norte','2027-07-15 00:00:00','libre'),('El Clasico','Camp Nou','infantil','Butaca 43','Grada Norte','2023-12-12 20:00:00','libre'),('El Clasico','Camp Nou','infantil','Butaca 43','Grada Norte','2027-07-15 00:00:00','libre'),('El Clasico','Camp Nou','infantil','Butaca 48','Grada Norte','2023-12-12 20:00:00','libre'),('El Clasico','Camp Nou','infantil','Butaca 48','Grada Norte','2027-07-15 00:00:00','libre'),('El Clasico','Camp Nou','infantil','Butaca 50','Grada Norte','2023-12-12 20:00:00','libre'),('El Clasico','Camp Nou','infantil','Butaca 50','Grada Norte','2027-07-15 00:00:00','libre'),('El Clasico','Camp Nou','infantil','Butaca 53','Grada Norte','2023-12-12 20:00:00','libre'),('El Clasico','Camp Nou','infantil','Butaca 53','Grada Norte','2027-07-15 00:00:00','libre'),('El Clasico','Camp Nou','infantil','Butaca 57','Grada Norte','2023-12-12 20:00:00','libre'),('El Clasico','Camp Nou','infantil','Butaca 57','Grada Norte','2027-07-15 00:00:00','libre'),('El Clasico','Camp Nou','infantil','Butaca 6','Grada Blanca Tribuna','2023-12-12 20:00:00','libre'),('El Clasico','Camp Nou','infantil','Butaca 6','Grada Blanca Tribuna','2027-07-15 00:00:00','libre'),('El Clasico','Camp Nou','infantil','Butaca 7','Grada Norte','2023-12-12 20:00:00','libre'),('El Clasico','Camp Nou','infantil','Butaca 7','Grada Norte','2027-07-15 00:00:00','libre'),('El Clasico','Camp Nou','infantil','Butaca 78','Grada Norte','2023-12-12 20:00:00','libre'),('El Clasico','Camp Nou','infantil','Butaca 78','Grada Norte','2027-07-15 00:00:00','libre'),('El Clasico','Camp Nou','infantil','Butaca 8','Grada Norte','2023-12-12 20:00:00','libre'),('El Clasico','Camp Nou','infantil','Butaca 8','Grada Norte','2027-07-15 00:00:00','libre'),('El Clasico','Camp Nou','infantil','Butaca 82','Grada Norte','2023-12-12 20:00:00','libre'),('El Clasico','Camp Nou','infantil','Butaca 82','Grada Norte','2027-07-15 00:00:00','libre'),('El Clasico','Camp Nou','infantil','Butaca 84','Grada Norte','2023-12-12 20:00:00','libre'),('El Clasico','Camp Nou','infantil','Butaca 84','Grada Norte','2027-07-15 00:00:00','libre'),('El Clasico','Camp Nou','infantil','Butaca 86','Grada Norte','2023-12-12 20:00:00','libre'),('El Clasico','Camp Nou','infantil','Butaca 86','Grada Norte','2027-07-15 00:00:00','libre'),('El Clasico','Camp Nou','infantil','Butaca 87','Grada Norte','2023-12-12 20:00:00','libre'),('El Clasico','Camp Nou','infantil','Butaca 87','Grada Norte','2027-07-15 00:00:00','libre'),('El Clasico','Camp Nou','infantil','Butaca 9','Grada Blanca Tribuna','2023-12-12 20:00:00','libre'),('El Clasico','Camp Nou','infantil','Butaca 9','Grada Blanca Tribuna','2027-07-15 00:00:00','libre'),('El Clasico','Camp Nou','infantil','Butaca 91','Grada Norte','2023-12-12 20:00:00','libre'),('El Clasico','Camp Nou','infantil','Butaca 91','Grada Norte','2027-07-15 00:00:00','libre'),('El Clasico','Camp Nou','infantil','Butaca 92','Grada Norte','2023-12-12 20:00:00','libre'),('El Clasico','Camp Nou','infantil','Butaca 92','Grada Norte','2027-07-15 00:00:00','libre'),('El Clasico','Camp Nou','infantil','Butaca 95','Grada Norte','2023-12-12 20:00:00','libre'),('El Clasico','Camp Nou','infantil','Butaca 95','Grada Norte','2027-07-15 00:00:00','libre'),('El Clasico','Camp Nou','infantil','Butaca 98','Grada Norte','2023-12-12 20:00:00','libre'),('El Clasico','Camp Nou','infantil','Butaca 98','Grada Norte','2027-07-15 00:00:00','libre'),('El Clasico','Camp Nou','infantil','Butaca 99','Grada Norte','2023-12-12 20:00:00','libre'),('El Clasico','Camp Nou','infantil','Butaca 99','Grada Norte','2027-07-15 00:00:00','libre'),('El Clasico','Camp Nou','infantil','Suelo 1','Grada Blanca Tribuna','2023-12-12 20:00:00','libre'),('El Clasico','Camp Nou','infantil','Suelo 1','Grada Blanca Tribuna','2027-07-15 00:00:00','libre'),('El Clasico','Camp Nou','infantil','Suelo 17','Grada Norte','2023-12-12 20:00:00','libre'),('El Clasico','Camp Nou','infantil','Suelo 17','Grada Norte','2027-07-15 00:00:00','libre'),('El Clasico','Camp Nou','infantil','Suelo 2','Grada Azul Zona','2023-12-12 20:00:00','libre'),('El Clasico','Camp Nou','infantil','Suelo 2','Grada Azul Zona','2027-07-15 00:00:00','libre'),('El Clasico','Camp Nou','infantil','Suelo 21','Grada Norte','2023-12-12 20:00:00','libre'),('El Clasico','Camp Nou','infantil','Suelo 21','Grada Norte','2027-07-15 00:00:00','libre'),('El Clasico','Camp Nou','infantil','Suelo 23','Grada Norte','2023-12-12 20:00:00','libre'),('El Clasico','Camp Nou','infantil','Suelo 23','Grada Norte','2027-07-15 00:00:00','libre'),('El Clasico','Camp Nou','infantil','Suelo 24','Grada Norte','2023-12-12 20:00:00','libre'),('El Clasico','Camp Nou','infantil','Suelo 24','Grada Norte','2027-07-15 00:00:00','libre'),('El Clasico','Camp Nou','infantil','Suelo 25','Grada Norte','2023-12-12 20:00:00','libre'),('El Clasico','Camp Nou','infantil','Suelo 25','Grada Norte','2027-07-15 00:00:00','libre'),('El Clasico','Camp Nou','infantil','Suelo 31','Grada Norte','2023-12-12 20:00:00','libre'),('El Clasico','Camp Nou','infantil','Suelo 31','Grada Norte','2027-07-15 00:00:00','libre'),('El Clasico','Camp Nou','infantil','Suelo 41','Grada Norte','2023-12-12 20:00:00','libre'),('El Clasico','Camp Nou','infantil','Suelo 41','Grada Norte','2027-07-15 00:00:00','libre'),('El Clasico','Camp Nou','infantil','Suelo 42','Grada Norte','2023-12-12 20:00:00','libre'),('El Clasico','Camp Nou','infantil','Suelo 42','Grada Norte','2027-07-15 00:00:00','libre'),('El Clasico','Camp Nou','infantil','Suelo 44','Grada Norte','2023-12-12 20:00:00','libre'),('El Clasico','Camp Nou','infantil','Suelo 44','Grada Norte','2027-07-15 00:00:00','libre'),('El Clasico','Camp Nou','infantil','Suelo 46','Grada Norte','2023-12-12 20:00:00','libre'),('El Clasico','Camp Nou','infantil','Suelo 46','Grada Norte','2027-07-15 00:00:00','libre'),('El Clasico','Camp Nou','infantil','Suelo 47','Grada Norte','2023-12-12 20:00:00','libre'),('El Clasico','Camp Nou','infantil','Suelo 47','Grada Norte','2027-07-15 00:00:00','libre'),('El Clasico','Camp Nou','infantil','Suelo 5','Grada Blanca Tribuna','2023-12-12 20:00:00','libre'),('El Clasico','Camp Nou','infantil','Suelo 5','Grada Blanca Tribuna','2027-07-15 00:00:00','libre'),('El Clasico','Camp Nou','infantil','Suelo 5','Grada Norte','2023-12-12 20:00:00','libre'),('El Clasico','Camp Nou','infantil','Suelo 5','Grada Norte','2027-07-15 00:00:00','libre'),('El Clasico','Camp Nou','infantil','Suelo 54','Grada Norte','2023-12-12 20:00:00','libre'),('El Clasico','Camp Nou','infantil','Suelo 54','Grada Norte','2027-07-15 00:00:00','libre'),('El Clasico','Camp Nou','infantil','Suelo 56','Grada Norte','2023-12-12 20:00:00','libre'),('El Clasico','Camp Nou','infantil','Suelo 56','Grada Norte','2027-07-15 00:00:00','libre'),('El Clasico','Camp Nou','infantil','Suelo 6','Grada Azul Zona','2023-12-12 20:00:00','libre'),('El Clasico','Camp Nou','infantil','Suelo 6','Grada Azul Zona','2027-07-15 00:00:00','libre'),('El Clasico','Camp Nou','infantil','Suelo 61','Grada Norte','2023-12-12 20:00:00','libre'),('El Clasico','Camp Nou','infantil','Suelo 61','Grada Norte','2027-07-15 00:00:00','libre'),('El Clasico','Camp Nou','infantil','Suelo 62','Grada Norte','2023-12-12 20:00:00','libre'),('El Clasico','Camp Nou','infantil','Suelo 62','Grada Norte','2027-07-15 00:00:00','libre'),('El Clasico','Camp Nou','infantil','Suelo 63','Grada Norte','2023-12-12 20:00:00','libre'),('El Clasico','Camp Nou','infantil','Suelo 63','Grada Norte','2027-07-15 00:00:00','libre'),('El Clasico','Camp Nou','infantil','Suelo 64','Grada Norte','2023-12-12 20:00:00','libre'),('El Clasico','Camp Nou','infantil','Suelo 64','Grada Norte','2027-07-15 00:00:00','libre'),('El Clasico','Camp Nou','infantil','Suelo 67','Grada Norte','2023-12-12 20:00:00','libre'),('El Clasico','Camp Nou','infantil','Suelo 67','Grada Norte','2027-07-15 00:00:00','libre'),('El Clasico','Camp Nou','infantil','Suelo 70','Grada Norte','2023-12-12 20:00:00','libre'),('El Clasico','Camp Nou','infantil','Suelo 70','Grada Norte','2027-07-15 00:00:00','libre'),('El Clasico','Camp Nou','infantil','Suelo 73','Grada Norte','2023-12-12 20:00:00','libre'),('El Clasico','Camp Nou','infantil','Suelo 73','Grada Norte','2027-07-15 00:00:00','libre'),('El Clasico','Camp Nou','infantil','Suelo 74','Grada Norte','2023-12-12 20:00:00','libre'),('El Clasico','Camp Nou','infantil','Suelo 74','Grada Norte','2027-07-15 00:00:00','libre'),('El Clasico','Camp Nou','infantil','Suelo 75','Grada Norte','2023-12-12 20:00:00','libre'),('El Clasico','Camp Nou','infantil','Suelo 75','Grada Norte','2027-07-15 00:00:00','libre'),('El Clasico','Camp Nou','infantil','Suelo 79','Grada Norte','2023-12-12 20:00:00','libre'),('El Clasico','Camp Nou','infantil','Suelo 79','Grada Norte','2027-07-15 00:00:00','libre'),('El Clasico','Camp Nou','infantil','Suelo 80','Grada Norte','2023-12-12 20:00:00','libre'),('El Clasico','Camp Nou','infantil','Suelo 80','Grada Norte','2027-07-15 00:00:00','libre'),('El Clasico','Camp Nou','infantil','Suelo 85','Grada Norte','2023-12-12 20:00:00','libre'),('El Clasico','Camp Nou','infantil','Suelo 85','Grada Norte','2027-07-15 00:00:00','libre'),('El Clasico','Camp Nou','infantil','Suelo 88','Grada Norte','2023-12-12 20:00:00','libre'),('El Clasico','Camp Nou','infantil','Suelo 88','Grada Norte','2027-07-15 00:00:00','libre'),('El Clasico','Camp Nou','infantil','Suelo 93','Grada Norte','2023-12-12 20:00:00','libre'),('El Clasico','Camp Nou','infantil','Suelo 93','Grada Norte','2027-07-15 00:00:00','libre'),('El Clasico','Camp Nou','infantil','Suelo 94','Grada Norte','2023-12-12 20:00:00','libre'),('El Clasico','Camp Nou','infantil','Suelo 94','Grada Norte','2027-07-15 00:00:00','libre'),('El Clasico','Jack Trice Stadium mtq','jubilado','Asiento 2','Grada Sur Tribuna','2025-02-11 00:00:00','libre'),('El Clasico','Jack Trice Stadium mtq','jubilado','Asiento 2','Grada Sur Tribuna','2025-12-18 00:00:00','libre'),('El Clasico','Jack Trice Stadium mtq','jubilado','Balcón 1','Grada Sur Tribuna','2025-02-11 00:00:00','libre'),('El Clasico','Jack Trice Stadium mtq','jubilado','Balcón 1','Grada Sur Tribuna','2025-12-18 00:00:00','libre'),('El Clasico','Jack Trice Stadium mtq','jubilado','Balcón 3','Grada Sur Tribuna','2025-02-11 00:00:00','libre'),('El Clasico','Jack Trice Stadium mtq','jubilado','Balcón 3','Grada Sur Tribuna','2025-12-18 00:00:00','libre'),('El Clasico','Jack Trice Stadium mtq','jubilado','Balcón 5','Grada Sur Tribuna','2025-02-11 00:00:00','libre'),('El Clasico','Jack Trice Stadium mtq','jubilado','Balcón 5','Grada Sur Tribuna','2025-12-18 00:00:00','libre'),('El Clasico','Jack Trice Stadium mtq','jubilado','Butaca 4','Grada Sur Tribuna','2025-02-11 00:00:00','libre'),('El Clasico','Jack Trice Stadium mtq','jubilado','Butaca 4','Grada Sur Tribuna','2025-12-18 00:00:00','libre'),('El Clasico','Jack Trice Stadium mtq','parado','Asiento 2','Grada Sur Tribuna','2025-02-11 00:00:00','libre'),('El Clasico','Jack Trice Stadium mtq','parado','Asiento 2','Grada Sur Tribuna','2025-12-18 00:00:00','libre'),('El Clasico','Jack Trice Stadium mtq','parado','Balcón 1','Grada Sur Tribuna','2025-02-11 00:00:00','libre'),('El Clasico','Jack Trice Stadium mtq','parado','Balcón 1','Grada Sur Tribuna','2025-12-18 00:00:00','libre'),('El Clasico','Jack Trice Stadium mtq','parado','Balcón 3','Grada Sur Tribuna','2025-02-11 00:00:00','libre'),('El Clasico','Jack Trice Stadium mtq','parado','Balcón 3','Grada Sur Tribuna','2025-12-18 00:00:00','libre'),('El Clasico','Jack Trice Stadium mtq','parado','Balcón 5','Grada Sur Tribuna','2025-02-11 00:00:00','libre'),('El Clasico','Jack Trice Stadium mtq','parado','Balcón 5','Grada Sur Tribuna','2025-12-18 00:00:00','libre'),('El Clasico','Jack Trice Stadium mtq','parado','Butaca 4','Grada Sur Tribuna','2025-02-11 00:00:00','libre'),('El Clasico','Jack Trice Stadium mtq','parado','Butaca 4','Grada Sur Tribuna','2025-12-18 00:00:00','libre'),('El Clasico','Jack Trice Stadium mtq','adulto','Asiento 2','Grada Sur Tribuna','2025-02-11 00:00:00','libre'),('El Clasico','Jack Trice Stadium mtq','adulto','Asiento 2','Grada Sur Tribuna','2025-12-18 00:00:00','libre'),('El Clasico','Jack Trice Stadium mtq','adulto','Balcón 1','Grada Sur Tribuna','2025-02-11 00:00:00','libre'),('El Clasico','Jack Trice Stadium mtq','adulto','Balcón 1','Grada Sur Tribuna','2025-12-18 00:00:00','libre'),('El Clasico','Jack Trice Stadium mtq','adulto','Balcón 3','Grada Sur Tribuna','2025-02-11 00:00:00','libre'),('El Clasico','Jack Trice Stadium mtq','adulto','Balcón 3','Grada Sur Tribuna','2025-12-18 00:00:00','libre'),('El Clasico','Jack Trice Stadium mtq','adulto','Balcón 5','Grada Sur Tribuna','2025-02-11 00:00:00','libre'),('El Clasico','Jack Trice Stadium mtq','adulto','Balcón 5','Grada Sur Tribuna','2025-12-18 00:00:00','libre'),('El Clasico','Jack Trice Stadium mtq','adulto','Butaca 4','Grada Sur Tribuna','2025-02-11 00:00:00','libre'),('El Clasico','Jack Trice Stadium mtq','adulto','Butaca 4','Grada Sur Tribuna','2025-12-18 00:00:00','libre'),('El Clasico','Jack Trice Stadium mtq','infantil','Asiento 2','Grada Sur Tribuna','2025-02-11 00:00:00','libre'),('El Clasico','Jack Trice Stadium mtq','infantil','Asiento 2','Grada Sur Tribuna','2025-12-18 00:00:00','libre'),('El Clasico','Jack Trice Stadium mtq','infantil','Balcón 1','Grada Sur Tribuna','2025-02-11 00:00:00','libre'),('El Clasico','Jack Trice Stadium mtq','infantil','Balcón 1','Grada Sur Tribuna','2025-12-18 00:00:00','libre'),('El Clasico','Jack Trice Stadium mtq','infantil','Balcón 3','Grada Sur Tribuna','2025-02-11 00:00:00','libre'),('El Clasico','Jack Trice Stadium mtq','infantil','Balcón 3','Grada Sur Tribuna','2025-12-18 00:00:00','libre'),('El Clasico','Jack Trice Stadium mtq','infantil','Balcón 5','Grada Sur Tribuna','2025-02-11 00:00:00','libre'),('El Clasico','Jack Trice Stadium mtq','infantil','Balcón 5','Grada Sur Tribuna','2025-12-18 00:00:00','libre'),('El Clasico','Jack Trice Stadium mtq','infantil','Butaca 4','Grada Sur Tribuna','2025-02-11 00:00:00','libre'),('El Clasico','Jack Trice Stadium mtq','infantil','Butaca 4','Grada Sur Tribuna','2025-12-18 00:00:00','libre'),('Grindhouse cyj','Camp Nou','jubilado','Asiento 1','Grada Norte','2024-01-18 00:00:00','libre'),('Grindhouse cyj','Camp Nou','jubilado','Asiento 18','Grada Norte','2024-01-18 00:00:00','libre'),('Grindhouse cyj','Camp Nou','jubilado','Asiento 19','Grada Norte','2024-01-18 00:00:00','libre'),('Grindhouse cyj','Camp Nou','jubilado','Asiento 26','Grada Norte','2024-01-18 00:00:00','libre'),('Grindhouse cyj','Camp Nou','jubilado','Asiento 3','Grada Blanca Tribuna','2024-01-18 00:00:00','libre'),('Grindhouse cyj','Camp Nou','jubilado','Asiento 34','Grada Norte','2024-01-18 00:00:00','libre'),('Grindhouse cyj','Camp Nou','jubilado','Asiento 36','Grada Norte','2024-01-18 00:00:00','libre'),('Grindhouse cyj','Camp Nou','jubilado','Asiento 38','Grada Norte','2024-01-18 00:00:00','libre'),('Grindhouse cyj','Camp Nou','jubilado','Asiento 4','Grada Azul Zona','2024-01-18 00:00:00','libre'),('Grindhouse cyj','Camp Nou','jubilado','Asiento 45','Grada Norte','2024-01-18 00:00:00','libre'),('Grindhouse cyj','Camp Nou','jubilado','Asiento 5','Grada Azul Zona','2024-01-18 00:00:00','libre'),('Grindhouse cyj','Camp Nou','jubilado','Asiento 51','Grada Norte','2024-01-18 00:00:00','libre'),('Grindhouse cyj','Camp Nou','jubilado','Asiento 52','Grada Norte','2024-01-18 00:00:00','libre'),('Grindhouse cyj','Camp Nou','jubilado','Asiento 55','Grada Norte','2024-01-18 00:00:00','libre'),('Grindhouse cyj','Camp Nou','jubilado','Asiento 58','Grada Norte','2024-01-18 00:00:00','libre'),('Grindhouse cyj','Camp Nou','jubilado','Asiento 6','Grada Norte','2024-01-18 00:00:00','libre'),('Grindhouse cyj','Camp Nou','jubilado','Asiento 66','Grada Norte','2024-01-18 00:00:00','libre'),('Grindhouse cyj','Camp Nou','jubilado','Asiento 68','Grada Norte','2024-01-18 00:00:00','libre'),('Grindhouse cyj','Camp Nou','jubilado','Asiento 69','Grada Norte','2024-01-18 00:00:00','libre'),('Grindhouse cyj','Camp Nou','jubilado','Asiento 7','Grada Blanca Tribuna','2024-01-18 00:00:00','libre'),('Grindhouse cyj','Camp Nou','jubilado','Asiento 77','Grada Norte','2024-01-18 00:00:00','libre'),('Grindhouse cyj','Camp Nou','jubilado','Asiento 9','Grada Norte','2024-01-18 00:00:00','libre'),('Grindhouse cyj','Camp Nou','jubilado','Asiento 90','Grada Norte','2024-01-18 00:00:00','libre'),('Grindhouse cyj','Camp Nou','jubilado','Asiento 96','Grada Norte','2024-01-18 00:00:00','libre'),('Grindhouse cyj','Camp Nou','jubilado','Balcón 1','Grada Azul Zona','2024-01-18 00:00:00','libre'),('Grindhouse cyj','Camp Nou','jubilado','Balcón 10','Grada Blanca Tribuna','2024-01-18 00:00:00','libre'),('Grindhouse cyj','Camp Nou','jubilado','Balcón 10','Grada Norte','2024-01-18 00:00:00','libre'),('Grindhouse cyj','Camp Nou','jubilado','Balcón 100','Grada Norte','2024-01-18 00:00:00','libre'),('Grindhouse cyj','Camp Nou','jubilado','Balcón 14','Grada Norte','2024-01-18 00:00:00','libre'),('Grindhouse cyj','Camp Nou','jubilado','Balcón 15','Grada Norte','2024-01-18 00:00:00','libre'),('Grindhouse cyj','Camp Nou','jubilado','Balcón 16','Grada Norte','2024-01-18 00:00:00','libre'),('Grindhouse cyj','Camp Nou','jubilado','Balcón 2','Grada Norte','2024-01-18 00:00:00','libre'),('Grindhouse cyj','Camp Nou','jubilado','Balcón 20','Grada Norte','2024-01-18 00:00:00','libre'),('Grindhouse cyj','Camp Nou','jubilado','Balcón 29','Grada Norte','2024-01-18 00:00:00','libre'),('Grindhouse cyj','Camp Nou','jubilado','Balcón 3','Grada Azul Zona','2024-01-18 00:00:00','libre'),('Grindhouse cyj','Camp Nou','jubilado','Balcón 3','Grada Norte','2024-01-18 00:00:00','libre'),('Grindhouse cyj','Camp Nou','jubilado','Balcón 32','Grada Norte','2024-01-18 00:00:00','libre'),('Grindhouse cyj','Camp Nou','jubilado','Balcón 39','Grada Norte','2024-01-18 00:00:00','libre'),('Grindhouse cyj','Camp Nou','jubilado','Balcón 4','Grada Norte','2024-01-18 00:00:00','libre'),('Grindhouse cyj','Camp Nou','jubilado','Balcón 49','Grada Norte','2024-01-18 00:00:00','libre'),('Grindhouse cyj','Camp Nou','jubilado','Balcón 59','Grada Norte','2024-01-18 00:00:00','libre'),('Grindhouse cyj','Camp Nou','jubilado','Balcón 60','Grada Norte','2024-01-18 00:00:00','libre'),('Grindhouse cyj','Camp Nou','jubilado','Balcón 65','Grada Norte','2024-01-18 00:00:00','libre'),('Grindhouse cyj','Camp Nou','jubilado','Balcón 7','Grada Azul Zona','2024-01-18 00:00:00','libre'),('Grindhouse cyj','Camp Nou','jubilado','Balcón 71','Grada Norte','2024-01-18 00:00:00','libre'),('Grindhouse cyj','Camp Nou','jubilado','Balcón 72','Grada Norte','2024-01-18 00:00:00','libre'),('Grindhouse cyj','Camp Nou','jubilado','Balcón 76','Grada Norte','2024-01-18 00:00:00','libre'),('Grindhouse cyj','Camp Nou','jubilado','Balcón 8','Grada Blanca Tribuna','2024-01-18 00:00:00','libre'),('Grindhouse cyj','Camp Nou','jubilado','Balcón 81','Grada Norte','2024-01-18 00:00:00','libre'),('Grindhouse cyj','Camp Nou','jubilado','Balcón 83','Grada Norte','2024-01-18 00:00:00','libre'),('Grindhouse cyj','Camp Nou','jubilado','Balcón 89','Grada Norte','2024-01-18 00:00:00','libre'),('Grindhouse cyj','Camp Nou','jubilado','Balcón 97','Grada Norte','2024-01-18 00:00:00','libre'),('Grindhouse cyj','Camp Nou','jubilado','Butaca 11','Grada Norte','2024-01-18 00:00:00','libre'),('Grindhouse cyj','Camp Nou','jubilado','Butaca 12','Grada Norte','2024-01-18 00:00:00','libre'),('Grindhouse cyj','Camp Nou','jubilado','Butaca 13','Grada Norte','2024-01-18 00:00:00','libre'),('Grindhouse cyj','Camp Nou','jubilado','Butaca 2','Grada Blanca Tribuna','2024-01-18 00:00:00','libre'),('Grindhouse cyj','Camp Nou','jubilado','Butaca 22','Grada Norte','2024-01-18 00:00:00','libre'),('Grindhouse cyj','Camp Nou','jubilado','Butaca 27','Grada Norte','2024-01-18 00:00:00','libre'),('Grindhouse cyj','Camp Nou','jubilado','Butaca 28','Grada Norte','2024-01-18 00:00:00','libre'),('Grindhouse cyj','Camp Nou','jubilado','Butaca 30','Grada Norte','2024-01-18 00:00:00','libre'),('Grindhouse cyj','Camp Nou','jubilado','Butaca 33','Grada Norte','2024-01-18 00:00:00','libre'),('Grindhouse cyj','Camp Nou','jubilado','Butaca 35','Grada Norte','2024-01-18 00:00:00','libre'),('Grindhouse cyj','Camp Nou','jubilado','Butaca 37','Grada Norte','2024-01-18 00:00:00','libre'),('Grindhouse cyj','Camp Nou','jubilado','Butaca 4','Grada Blanca Tribuna','2024-01-18 00:00:00','libre'),('Grindhouse cyj','Camp Nou','jubilado','Butaca 40','Grada Norte','2024-01-18 00:00:00','libre'),('Grindhouse cyj','Camp Nou','jubilado','Butaca 43','Grada Norte','2024-01-18 00:00:00','libre'),('Grindhouse cyj','Camp Nou','jubilado','Butaca 48','Grada Norte','2024-01-18 00:00:00','libre'),('Grindhouse cyj','Camp Nou','jubilado','Butaca 50','Grada Norte','2024-01-18 00:00:00','libre'),('Grindhouse cyj','Camp Nou','jubilado','Butaca 53','Grada Norte','2024-01-18 00:00:00','libre'),('Grindhouse cyj','Camp Nou','jubilado','Butaca 57','Grada Norte','2024-01-18 00:00:00','libre'),('Grindhouse cyj','Camp Nou','jubilado','Butaca 6','Grada Blanca Tribuna','2024-01-18 00:00:00','libre'),('Grindhouse cyj','Camp Nou','jubilado','Butaca 7','Grada Norte','2024-01-18 00:00:00','libre'),('Grindhouse cyj','Camp Nou','jubilado','Butaca 78','Grada Norte','2024-01-18 00:00:00','libre'),('Grindhouse cyj','Camp Nou','jubilado','Butaca 8','Grada Norte','2024-01-18 00:00:00','libre'),('Grindhouse cyj','Camp Nou','jubilado','Butaca 82','Grada Norte','2024-01-18 00:00:00','libre'),('Grindhouse cyj','Camp Nou','jubilado','Butaca 84','Grada Norte','2024-01-18 00:00:00','libre'),('Grindhouse cyj','Camp Nou','jubilado','Butaca 86','Grada Norte','2024-01-18 00:00:00','libre'),('Grindhouse cyj','Camp Nou','jubilado','Butaca 87','Grada Norte','2024-01-18 00:00:00','libre'),('Grindhouse cyj','Camp Nou','jubilado','Butaca 9','Grada Blanca Tribuna','2024-01-18 00:00:00','libre'),('Grindhouse cyj','Camp Nou','jubilado','Butaca 91','Grada Norte','2024-01-18 00:00:00','libre'),('Grindhouse cyj','Camp Nou','jubilado','Butaca 92','Grada Norte','2024-01-18 00:00:00','libre'),('Grindhouse cyj','Camp Nou','jubilado','Butaca 95','Grada Norte','2024-01-18 00:00:00','libre'),('Grindhouse cyj','Camp Nou','jubilado','Butaca 98','Grada Norte','2024-01-18 00:00:00','libre'),('Grindhouse cyj','Camp Nou','jubilado','Butaca 99','Grada Norte','2024-01-18 00:00:00','libre'),('Grindhouse cyj','Camp Nou','jubilado','Suelo 1','Grada Blanca Tribuna','2024-01-18 00:00:00','libre'),('Grindhouse cyj','Camp Nou','jubilado','Suelo 17','Grada Norte','2024-01-18 00:00:00','libre'),('Grindhouse cyj','Camp Nou','jubilado','Suelo 2','Grada Azul Zona','2024-01-18 00:00:00','libre'),('Grindhouse cyj','Camp Nou','jubilado','Suelo 21','Grada Norte','2024-01-18 00:00:00','libre'),('Grindhouse cyj','Camp Nou','jubilado','Suelo 23','Grada Norte','2024-01-18 00:00:00','libre'),('Grindhouse cyj','Camp Nou','jubilado','Suelo 24','Grada Norte','2024-01-18 00:00:00','libre'),('Grindhouse cyj','Camp Nou','jubilado','Suelo 25','Grada Norte','2024-01-18 00:00:00','libre'),('Grindhouse cyj','Camp Nou','jubilado','Suelo 31','Grada Norte','2024-01-18 00:00:00','libre'),('Grindhouse cyj','Camp Nou','jubilado','Suelo 41','Grada Norte','2024-01-18 00:00:00','libre'),('Grindhouse cyj','Camp Nou','jubilado','Suelo 42','Grada Norte','2024-01-18 00:00:00','libre'),('Grindhouse cyj','Camp Nou','jubilado','Suelo 44','Grada Norte','2024-01-18 00:00:00','libre'),('Grindhouse cyj','Camp Nou','jubilado','Suelo 46','Grada Norte','2024-01-18 00:00:00','libre'),('Grindhouse cyj','Camp Nou','jubilado','Suelo 47','Grada Norte','2024-01-18 00:00:00','libre'),('Grindhouse cyj','Camp Nou','jubilado','Suelo 5','Grada Blanca Tribuna','2024-01-18 00:00:00','libre'),('Grindhouse cyj','Camp Nou','jubilado','Suelo 5','Grada Norte','2024-01-18 00:00:00','libre'),('Grindhouse cyj','Camp Nou','jubilado','Suelo 54','Grada Norte','2024-01-18 00:00:00','libre'),('Grindhouse cyj','Camp Nou','jubilado','Suelo 56','Grada Norte','2024-01-18 00:00:00','libre'),('Grindhouse cyj','Camp Nou','jubilado','Suelo 6','Grada Azul Zona','2024-01-18 00:00:00','libre'),('Grindhouse cyj','Camp Nou','jubilado','Suelo 61','Grada Norte','2024-01-18 00:00:00','libre'),('Grindhouse cyj','Camp Nou','jubilado','Suelo 62','Grada Norte','2024-01-18 00:00:00','libre'),('Grindhouse cyj','Camp Nou','jubilado','Suelo 63','Grada Norte','2024-01-18 00:00:00','libre'),('Grindhouse cyj','Camp Nou','jubilado','Suelo 64','Grada Norte','2024-01-18 00:00:00','libre'),('Grindhouse cyj','Camp Nou','jubilado','Suelo 67','Grada Norte','2024-01-18 00:00:00','libre'),('Grindhouse cyj','Camp Nou','jubilado','Suelo 70','Grada Norte','2024-01-18 00:00:00','libre'),('Grindhouse cyj','Camp Nou','jubilado','Suelo 73','Grada Norte','2024-01-18 00:00:00','libre'),('Grindhouse cyj','Camp Nou','jubilado','Suelo 74','Grada Norte','2024-01-18 00:00:00','libre'),('Grindhouse cyj','Camp Nou','jubilado','Suelo 75','Grada Norte','2024-01-18 00:00:00','libre'),('Grindhouse cyj','Camp Nou','jubilado','Suelo 79','Grada Norte','2024-01-18 00:00:00','libre'),('Grindhouse cyj','Camp Nou','jubilado','Suelo 80','Grada Norte','2024-01-18 00:00:00','libre'),('Grindhouse cyj','Camp Nou','jubilado','Suelo 85','Grada Norte','2024-01-18 00:00:00','libre'),('Grindhouse cyj','Camp Nou','jubilado','Suelo 88','Grada Norte','2024-01-18 00:00:00','libre'),('Grindhouse cyj','Camp Nou','jubilado','Suelo 93','Grada Norte','2024-01-18 00:00:00','libre'),('Grindhouse cyj','Camp Nou','jubilado','Suelo 94','Grada Norte','2024-01-18 00:00:00','libre'),('Grindhouse cyj','Camp Nou','parado','Asiento 1','Grada Norte','2024-01-18 00:00:00','libre'),('Grindhouse cyj','Camp Nou','parado','Asiento 18','Grada Norte','2024-01-18 00:00:00','libre'),('Grindhouse cyj','Camp Nou','parado','Asiento 19','Grada Norte','2024-01-18 00:00:00','libre'),('Grindhouse cyj','Camp Nou','parado','Asiento 26','Grada Norte','2024-01-18 00:00:00','libre'),('Grindhouse cyj','Camp Nou','parado','Asiento 3','Grada Blanca Tribuna','2024-01-18 00:00:00','libre'),('Grindhouse cyj','Camp Nou','parado','Asiento 34','Grada Norte','2024-01-18 00:00:00','libre'),('Grindhouse cyj','Camp Nou','parado','Asiento 36','Grada Norte','2024-01-18 00:00:00','libre'),('Grindhouse cyj','Camp Nou','parado','Asiento 38','Grada Norte','2024-01-18 00:00:00','libre'),('Grindhouse cyj','Camp Nou','parado','Asiento 4','Grada Azul Zona','2024-01-18 00:00:00','libre'),('Grindhouse cyj','Camp Nou','parado','Asiento 45','Grada Norte','2024-01-18 00:00:00','libre'),('Grindhouse cyj','Camp Nou','parado','Asiento 5','Grada Azul Zona','2024-01-18 00:00:00','libre'),('Grindhouse cyj','Camp Nou','parado','Asiento 51','Grada Norte','2024-01-18 00:00:00','libre'),('Grindhouse cyj','Camp Nou','parado','Asiento 52','Grada Norte','2024-01-18 00:00:00','libre'),('Grindhouse cyj','Camp Nou','parado','Asiento 55','Grada Norte','2024-01-18 00:00:00','libre'),('Grindhouse cyj','Camp Nou','parado','Asiento 58','Grada Norte','2024-01-18 00:00:00','libre'),('Grindhouse cyj','Camp Nou','parado','Asiento 6','Grada Norte','2024-01-18 00:00:00','libre'),('Grindhouse cyj','Camp Nou','parado','Asiento 66','Grada Norte','2024-01-18 00:00:00','libre'),('Grindhouse cyj','Camp Nou','parado','Asiento 68','Grada Norte','2024-01-18 00:00:00','libre'),('Grindhouse cyj','Camp Nou','parado','Asiento 69','Grada Norte','2024-01-18 00:00:00','libre'),('Grindhouse cyj','Camp Nou','parado','Asiento 7','Grada Blanca Tribuna','2024-01-18 00:00:00','libre'),('Grindhouse cyj','Camp Nou','parado','Asiento 77','Grada Norte','2024-01-18 00:00:00','libre'),('Grindhouse cyj','Camp Nou','parado','Asiento 9','Grada Norte','2024-01-18 00:00:00','libre'),('Grindhouse cyj','Camp Nou','parado','Asiento 90','Grada Norte','2024-01-18 00:00:00','libre'),('Grindhouse cyj','Camp Nou','parado','Asiento 96','Grada Norte','2024-01-18 00:00:00','libre'),('Grindhouse cyj','Camp Nou','parado','Balcón 1','Grada Azul Zona','2024-01-18 00:00:00','libre'),('Grindhouse cyj','Camp Nou','parado','Balcón 10','Grada Blanca Tribuna','2024-01-18 00:00:00','libre'),('Grindhouse cyj','Camp Nou','parado','Balcón 10','Grada Norte','2024-01-18 00:00:00','libre'),('Grindhouse cyj','Camp Nou','parado','Balcón 100','Grada Norte','2024-01-18 00:00:00','libre'),('Grindhouse cyj','Camp Nou','parado','Balcón 14','Grada Norte','2024-01-18 00:00:00','libre'),('Grindhouse cyj','Camp Nou','parado','Balcón 15','Grada Norte','2024-01-18 00:00:00','libre'),('Grindhouse cyj','Camp Nou','parado','Balcón 16','Grada Norte','2024-01-18 00:00:00','libre'),('Grindhouse cyj','Camp Nou','parado','Balcón 2','Grada Norte','2024-01-18 00:00:00','libre'),('Grindhouse cyj','Camp Nou','parado','Balcón 20','Grada Norte','2024-01-18 00:00:00','libre'),('Grindhouse cyj','Camp Nou','parado','Balcón 29','Grada Norte','2024-01-18 00:00:00','libre'),('Grindhouse cyj','Camp Nou','parado','Balcón 3','Grada Azul Zona','2024-01-18 00:00:00','libre'),('Grindhouse cyj','Camp Nou','parado','Balcón 3','Grada Norte','2024-01-18 00:00:00','libre'),('Grindhouse cyj','Camp Nou','parado','Balcón 32','Grada Norte','2024-01-18 00:00:00','libre'),('Grindhouse cyj','Camp Nou','parado','Balcón 39','Grada Norte','2024-01-18 00:00:00','libre'),('Grindhouse cyj','Camp Nou','parado','Balcón 4','Grada Norte','2024-01-18 00:00:00','libre'),('Grindhouse cyj','Camp Nou','parado','Balcón 49','Grada Norte','2024-01-18 00:00:00','libre'),('Grindhouse cyj','Camp Nou','parado','Balcón 59','Grada Norte','2024-01-18 00:00:00','libre'),('Grindhouse cyj','Camp Nou','parado','Balcón 60','Grada Norte','2024-01-18 00:00:00','libre'),('Grindhouse cyj','Camp Nou','parado','Balcón 65','Grada Norte','2024-01-18 00:00:00','libre'),('Grindhouse cyj','Camp Nou','parado','Balcón 7','Grada Azul Zona','2024-01-18 00:00:00','libre'),('Grindhouse cyj','Camp Nou','parado','Balcón 71','Grada Norte','2024-01-18 00:00:00','libre'),('Grindhouse cyj','Camp Nou','parado','Balcón 72','Grada Norte','2024-01-18 00:00:00','libre'),('Grindhouse cyj','Camp Nou','parado','Balcón 76','Grada Norte','2024-01-18 00:00:00','libre'),('Grindhouse cyj','Camp Nou','parado','Balcón 8','Grada Blanca Tribuna','2024-01-18 00:00:00','libre'),('Grindhouse cyj','Camp Nou','parado','Balcón 81','Grada Norte','2024-01-18 00:00:00','libre'),('Grindhouse cyj','Camp Nou','parado','Balcón 83','Grada Norte','2024-01-18 00:00:00','libre'),('Grindhouse cyj','Camp Nou','parado','Balcón 89','Grada Norte','2024-01-18 00:00:00','libre'),('Grindhouse cyj','Camp Nou','parado','Balcón 97','Grada Norte','2024-01-18 00:00:00','libre'),('Grindhouse cyj','Camp Nou','parado','Butaca 11','Grada Norte','2024-01-18 00:00:00','libre'),('Grindhouse cyj','Camp Nou','parado','Butaca 12','Grada Norte','2024-01-18 00:00:00','libre'),('Grindhouse cyj','Camp Nou','parado','Butaca 13','Grada Norte','2024-01-18 00:00:00','libre'),('Grindhouse cyj','Camp Nou','parado','Butaca 2','Grada Blanca Tribuna','2024-01-18 00:00:00','libre'),('Grindhouse cyj','Camp Nou','parado','Butaca 22','Grada Norte','2024-01-18 00:00:00','libre'),('Grindhouse cyj','Camp Nou','parado','Butaca 27','Grada Norte','2024-01-18 00:00:00','libre'),('Grindhouse cyj','Camp Nou','parado','Butaca 28','Grada Norte','2024-01-18 00:00:00','libre'),('Grindhouse cyj','Camp Nou','parado','Butaca 30','Grada Norte','2024-01-18 00:00:00','libre'),('Grindhouse cyj','Camp Nou','parado','Butaca 33','Grada Norte','2024-01-18 00:00:00','libre'),('Grindhouse cyj','Camp Nou','parado','Butaca 35','Grada Norte','2024-01-18 00:00:00','libre'),('Grindhouse cyj','Camp Nou','parado','Butaca 37','Grada Norte','2024-01-18 00:00:00','libre'),('Grindhouse cyj','Camp Nou','parado','Butaca 4','Grada Blanca Tribuna','2024-01-18 00:00:00','libre'),('Grindhouse cyj','Camp Nou','parado','Butaca 40','Grada Norte','2024-01-18 00:00:00','libre'),('Grindhouse cyj','Camp Nou','parado','Butaca 43','Grada Norte','2024-01-18 00:00:00','libre'),('Grindhouse cyj','Camp Nou','parado','Butaca 48','Grada Norte','2024-01-18 00:00:00','libre'),('Grindhouse cyj','Camp Nou','parado','Butaca 50','Grada Norte','2024-01-18 00:00:00','libre'),('Grindhouse cyj','Camp Nou','parado','Butaca 53','Grada Norte','2024-01-18 00:00:00','libre'),('Grindhouse cyj','Camp Nou','parado','Butaca 57','Grada Norte','2024-01-18 00:00:00','libre'),('Grindhouse cyj','Camp Nou','parado','Butaca 6','Grada Blanca Tribuna','2024-01-18 00:00:00','libre'),('Grindhouse cyj','Camp Nou','parado','Butaca 7','Grada Norte','2024-01-18 00:00:00','libre'),('Grindhouse cyj','Camp Nou','parado','Butaca 78','Grada Norte','2024-01-18 00:00:00','libre'),('Grindhouse cyj','Camp Nou','parado','Butaca 8','Grada Norte','2024-01-18 00:00:00','libre'),('Grindhouse cyj','Camp Nou','parado','Butaca 82','Grada Norte','2024-01-18 00:00:00','libre'),('Grindhouse cyj','Camp Nou','parado','Butaca 84','Grada Norte','2024-01-18 00:00:00','libre'),('Grindhouse cyj','Camp Nou','parado','Butaca 86','Grada Norte','2024-01-18 00:00:00','libre'),('Grindhouse cyj','Camp Nou','parado','Butaca 87','Grada Norte','2024-01-18 00:00:00','libre'),('Grindhouse cyj','Camp Nou','parado','Butaca 9','Grada Blanca Tribuna','2024-01-18 00:00:00','libre'),('Grindhouse cyj','Camp Nou','parado','Butaca 91','Grada Norte','2024-01-18 00:00:00','libre'),('Grindhouse cyj','Camp Nou','parado','Butaca 92','Grada Norte','2024-01-18 00:00:00','libre'),('Grindhouse cyj','Camp Nou','parado','Butaca 95','Grada Norte','2024-01-18 00:00:00','libre'),('Grindhouse cyj','Camp Nou','parado','Butaca 98','Grada Norte','2024-01-18 00:00:00','libre'),('Grindhouse cyj','Camp Nou','parado','Butaca 99','Grada Norte','2024-01-18 00:00:00','libre'),('Grindhouse cyj','Camp Nou','parado','Suelo 1','Grada Blanca Tribuna','2024-01-18 00:00:00','libre'),('Grindhouse cyj','Camp Nou','parado','Suelo 17','Grada Norte','2024-01-18 00:00:00','libre'),('Grindhouse cyj','Camp Nou','parado','Suelo 2','Grada Azul Zona','2024-01-18 00:00:00','libre'),('Grindhouse cyj','Camp Nou','parado','Suelo 21','Grada Norte','2024-01-18 00:00:00','libre'),('Grindhouse cyj','Camp Nou','parado','Suelo 23','Grada Norte','2024-01-18 00:00:00','libre'),('Grindhouse cyj','Camp Nou','parado','Suelo 24','Grada Norte','2024-01-18 00:00:00','libre'),('Grindhouse cyj','Camp Nou','parado','Suelo 25','Grada Norte','2024-01-18 00:00:00','libre'),('Grindhouse cyj','Camp Nou','parado','Suelo 31','Grada Norte','2024-01-18 00:00:00','libre'),('Grindhouse cyj','Camp Nou','parado','Suelo 41','Grada Norte','2024-01-18 00:00:00','libre'),('Grindhouse cyj','Camp Nou','parado','Suelo 42','Grada Norte','2024-01-18 00:00:00','libre'),('Grindhouse cyj','Camp Nou','parado','Suelo 44','Grada Norte','2024-01-18 00:00:00','libre'),('Grindhouse cyj','Camp Nou','parado','Suelo 46','Grada Norte','2024-01-18 00:00:00','libre'),('Grindhouse cyj','Camp Nou','parado','Suelo 47','Grada Norte','2024-01-18 00:00:00','libre'),('Grindhouse cyj','Camp Nou','parado','Suelo 5','Grada Blanca Tribuna','2024-01-18 00:00:00','libre'),('Grindhouse cyj','Camp Nou','parado','Suelo 5','Grada Norte','2024-01-18 00:00:00','libre'),('Grindhouse cyj','Camp Nou','parado','Suelo 54','Grada Norte','2024-01-18 00:00:00','libre'),('Grindhouse cyj','Camp Nou','parado','Suelo 56','Grada Norte','2024-01-18 00:00:00','libre'),('Grindhouse cyj','Camp Nou','parado','Suelo 6','Grada Azul Zona','2024-01-18 00:00:00','libre'),('Grindhouse cyj','Camp Nou','parado','Suelo 61','Grada Norte','2024-01-18 00:00:00','libre'),('Grindhouse cyj','Camp Nou','parado','Suelo 62','Grada Norte','2024-01-18 00:00:00','libre'),('Grindhouse cyj','Camp Nou','parado','Suelo 63','Grada Norte','2024-01-18 00:00:00','libre'),('Grindhouse cyj','Camp Nou','parado','Suelo 64','Grada Norte','2024-01-18 00:00:00','libre'),('Grindhouse cyj','Camp Nou','parado','Suelo 67','Grada Norte','2024-01-18 00:00:00','libre'),('Grindhouse cyj','Camp Nou','parado','Suelo 70','Grada Norte','2024-01-18 00:00:00','libre'),('Grindhouse cyj','Camp Nou','parado','Suelo 73','Grada Norte','2024-01-18 00:00:00','libre'),('Grindhouse cyj','Camp Nou','parado','Suelo 74','Grada Norte','2024-01-18 00:00:00','libre'),('Grindhouse cyj','Camp Nou','parado','Suelo 75','Grada Norte','2024-01-18 00:00:00','libre'),('Grindhouse cyj','Camp Nou','parado','Suelo 79','Grada Norte','2024-01-18 00:00:00','libre'),('Grindhouse cyj','Camp Nou','parado','Suelo 80','Grada Norte','2024-01-18 00:00:00','libre'),('Grindhouse cyj','Camp Nou','parado','Suelo 85','Grada Norte','2024-01-18 00:00:00','libre'),('Grindhouse cyj','Camp Nou','parado','Suelo 88','Grada Norte','2024-01-18 00:00:00','libre'),('Grindhouse cyj','Camp Nou','parado','Suelo 93','Grada Norte','2024-01-18 00:00:00','libre'),('Grindhouse cyj','Camp Nou','parado','Suelo 94','Grada Norte','2024-01-18 00:00:00','libre'),('Grindhouse cyj','Camp Nou','adulto','Asiento 1','Grada Norte','2024-01-18 00:00:00','libre'),('Grindhouse cyj','Camp Nou','adulto','Asiento 18','Grada Norte','2024-01-18 00:00:00','libre'),('Grindhouse cyj','Camp Nou','adulto','Asiento 19','Grada Norte','2024-01-18 00:00:00','libre'),('Grindhouse cyj','Camp Nou','adulto','Asiento 26','Grada Norte','2024-01-18 00:00:00','libre'),('Grindhouse cyj','Camp Nou','adulto','Asiento 3','Grada Blanca Tribuna','2024-01-18 00:00:00','libre'),('Grindhouse cyj','Camp Nou','adulto','Asiento 34','Grada Norte','2024-01-18 00:00:00','libre'),('Grindhouse cyj','Camp Nou','adulto','Asiento 36','Grada Norte','2024-01-18 00:00:00','libre'),('Grindhouse cyj','Camp Nou','adulto','Asiento 38','Grada Norte','2024-01-18 00:00:00','libre'),('Grindhouse cyj','Camp Nou','adulto','Asiento 4','Grada Azul Zona','2024-01-18 00:00:00','libre'),('Grindhouse cyj','Camp Nou','adulto','Asiento 45','Grada Norte','2024-01-18 00:00:00','libre'),('Grindhouse cyj','Camp Nou','adulto','Asiento 5','Grada Azul Zona','2024-01-18 00:00:00','libre'),('Grindhouse cyj','Camp Nou','adulto','Asiento 51','Grada Norte','2024-01-18 00:00:00','libre'),('Grindhouse cyj','Camp Nou','adulto','Asiento 52','Grada Norte','2024-01-18 00:00:00','libre'),('Grindhouse cyj','Camp Nou','adulto','Asiento 55','Grada Norte','2024-01-18 00:00:00','libre'),('Grindhouse cyj','Camp Nou','adulto','Asiento 58','Grada Norte','2024-01-18 00:00:00','libre'),('Grindhouse cyj','Camp Nou','adulto','Asiento 6','Grada Norte','2024-01-18 00:00:00','libre'),('Grindhouse cyj','Camp Nou','adulto','Asiento 66','Grada Norte','2024-01-18 00:00:00','libre'),('Grindhouse cyj','Camp Nou','adulto','Asiento 68','Grada Norte','2024-01-18 00:00:00','libre'),('Grindhouse cyj','Camp Nou','adulto','Asiento 69','Grada Norte','2024-01-18 00:00:00','libre'),('Grindhouse cyj','Camp Nou','adulto','Asiento 7','Grada Blanca Tribuna','2024-01-18 00:00:00','libre'),('Grindhouse cyj','Camp Nou','adulto','Asiento 77','Grada Norte','2024-01-18 00:00:00','libre'),('Grindhouse cyj','Camp Nou','adulto','Asiento 9','Grada Norte','2024-01-18 00:00:00','libre'),('Grindhouse cyj','Camp Nou','adulto','Asiento 90','Grada Norte','2024-01-18 00:00:00','libre'),('Grindhouse cyj','Camp Nou','adulto','Asiento 96','Grada Norte','2024-01-18 00:00:00','libre'),('Grindhouse cyj','Camp Nou','adulto','Balcón 1','Grada Azul Zona','2024-01-18 00:00:00','libre'),('Grindhouse cyj','Camp Nou','adulto','Balcón 10','Grada Blanca Tribuna','2024-01-18 00:00:00','libre'),('Grindhouse cyj','Camp Nou','adulto','Balcón 10','Grada Norte','2024-01-18 00:00:00','libre'),('Grindhouse cyj','Camp Nou','adulto','Balcón 100','Grada Norte','2024-01-18 00:00:00','libre'),('Grindhouse cyj','Camp Nou','adulto','Balcón 14','Grada Norte','2024-01-18 00:00:00','libre'),('Grindhouse cyj','Camp Nou','adulto','Balcón 15','Grada Norte','2024-01-18 00:00:00','libre'),('Grindhouse cyj','Camp Nou','adulto','Balcón 16','Grada Norte','2024-01-18 00:00:00','libre'),('Grindhouse cyj','Camp Nou','adulto','Balcón 2','Grada Norte','2024-01-18 00:00:00','libre'),('Grindhouse cyj','Camp Nou','adulto','Balcón 20','Grada Norte','2024-01-18 00:00:00','libre'),('Grindhouse cyj','Camp Nou','adulto','Balcón 29','Grada Norte','2024-01-18 00:00:00','libre'),('Grindhouse cyj','Camp Nou','adulto','Balcón 3','Grada Azul Zona','2024-01-18 00:00:00','libre'),('Grindhouse cyj','Camp Nou','adulto','Balcón 3','Grada Norte','2024-01-18 00:00:00','libre'),('Grindhouse cyj','Camp Nou','adulto','Balcón 32','Grada Norte','2024-01-18 00:00:00','libre'),('Grindhouse cyj','Camp Nou','adulto','Balcón 39','Grada Norte','2024-01-18 00:00:00','libre'),('Grindhouse cyj','Camp Nou','adulto','Balcón 4','Grada Norte','2024-01-18 00:00:00','libre'),('Grindhouse cyj','Camp Nou','adulto','Balcón 49','Grada Norte','2024-01-18 00:00:00','libre'),('Grindhouse cyj','Camp Nou','adulto','Balcón 59','Grada Norte','2024-01-18 00:00:00','libre'),('Grindhouse cyj','Camp Nou','adulto','Balcón 60','Grada Norte','2024-01-18 00:00:00','libre'),('Grindhouse cyj','Camp Nou','adulto','Balcón 65','Grada Norte','2024-01-18 00:00:00','libre'),('Grindhouse cyj','Camp Nou','adulto','Balcón 7','Grada Azul Zona','2024-01-18 00:00:00','libre'),('Grindhouse cyj','Camp Nou','adulto','Balcón 71','Grada Norte','2024-01-18 00:00:00','libre'),('Grindhouse cyj','Camp Nou','adulto','Balcón 72','Grada Norte','2024-01-18 00:00:00','libre'),('Grindhouse cyj','Camp Nou','adulto','Balcón 76','Grada Norte','2024-01-18 00:00:00','libre'),('Grindhouse cyj','Camp Nou','adulto','Balcón 8','Grada Blanca Tribuna','2024-01-18 00:00:00','libre'),('Grindhouse cyj','Camp Nou','adulto','Balcón 81','Grada Norte','2024-01-18 00:00:00','libre'),('Grindhouse cyj','Camp Nou','adulto','Balcón 83','Grada Norte','2024-01-18 00:00:00','libre'),('Grindhouse cyj','Camp Nou','adulto','Balcón 89','Grada Norte','2024-01-18 00:00:00','libre'),('Grindhouse cyj','Camp Nou','adulto','Balcón 97','Grada Norte','2024-01-18 00:00:00','libre'),('Grindhouse cyj','Camp Nou','adulto','Butaca 11','Grada Norte','2024-01-18 00:00:00','libre'),('Grindhouse cyj','Camp Nou','adulto','Butaca 12','Grada Norte','2024-01-18 00:00:00','libre'),('Grindhouse cyj','Camp Nou','adulto','Butaca 13','Grada Norte','2024-01-18 00:00:00','libre'),('Grindhouse cyj','Camp Nou','adulto','Butaca 2','Grada Blanca Tribuna','2024-01-18 00:00:00','libre'),('Grindhouse cyj','Camp Nou','adulto','Butaca 22','Grada Norte','2024-01-18 00:00:00','libre'),('Grindhouse cyj','Camp Nou','adulto','Butaca 27','Grada Norte','2024-01-18 00:00:00','libre'),('Grindhouse cyj','Camp Nou','adulto','Butaca 28','Grada Norte','2024-01-18 00:00:00','libre'),('Grindhouse cyj','Camp Nou','adulto','Butaca 30','Grada Norte','2024-01-18 00:00:00','libre'),('Grindhouse cyj','Camp Nou','adulto','Butaca 33','Grada Norte','2024-01-18 00:00:00','libre'),('Grindhouse cyj','Camp Nou','adulto','Butaca 35','Grada Norte','2024-01-18 00:00:00','libre'),('Grindhouse cyj','Camp Nou','adulto','Butaca 37','Grada Norte','2024-01-18 00:00:00','libre'),('Grindhouse cyj','Camp Nou','adulto','Butaca 4','Grada Blanca Tribuna','2024-01-18 00:00:00','libre'),('Grindhouse cyj','Camp Nou','adulto','Butaca 40','Grada Norte','2024-01-18 00:00:00','libre'),('Grindhouse cyj','Camp Nou','adulto','Butaca 43','Grada Norte','2024-01-18 00:00:00','libre'),('Grindhouse cyj','Camp Nou','adulto','Butaca 48','Grada Norte','2024-01-18 00:00:00','libre'),('Grindhouse cyj','Camp Nou','adulto','Butaca 50','Grada Norte','2024-01-18 00:00:00','libre'),('Grindhouse cyj','Camp Nou','adulto','Butaca 53','Grada Norte','2024-01-18 00:00:00','libre'),('Grindhouse cyj','Camp Nou','adulto','Butaca 57','Grada Norte','2024-01-18 00:00:00','libre'),('Grindhouse cyj','Camp Nou','adulto','Butaca 6','Grada Blanca Tribuna','2024-01-18 00:00:00','libre'),('Grindhouse cyj','Camp Nou','adulto','Butaca 7','Grada Norte','2024-01-18 00:00:00','libre'),('Grindhouse cyj','Camp Nou','adulto','Butaca 78','Grada Norte','2024-01-18 00:00:00','libre'),('Grindhouse cyj','Camp Nou','adulto','Butaca 8','Grada Norte','2024-01-18 00:00:00','libre'),('Grindhouse cyj','Camp Nou','adulto','Butaca 82','Grada Norte','2024-01-18 00:00:00','libre'),('Grindhouse cyj','Camp Nou','adulto','Butaca 84','Grada Norte','2024-01-18 00:00:00','libre'),('Grindhouse cyj','Camp Nou','adulto','Butaca 86','Grada Norte','2024-01-18 00:00:00','libre'),('Grindhouse cyj','Camp Nou','adulto','Butaca 87','Grada Norte','2024-01-18 00:00:00','libre'),('Grindhouse cyj','Camp Nou','adulto','Butaca 9','Grada Blanca Tribuna','2024-01-18 00:00:00','libre'),('Grindhouse cyj','Camp Nou','adulto','Butaca 91','Grada Norte','2024-01-18 00:00:00','libre'),('Grindhouse cyj','Camp Nou','adulto','Butaca 92','Grada Norte','2024-01-18 00:00:00','libre'),('Grindhouse cyj','Camp Nou','adulto','Butaca 95','Grada Norte','2024-01-18 00:00:00','libre'),('Grindhouse cyj','Camp Nou','adulto','Butaca 98','Grada Norte','2024-01-18 00:00:00','libre'),('Grindhouse cyj','Camp Nou','adulto','Butaca 99','Grada Norte','2024-01-18 00:00:00','libre'),('Grindhouse cyj','Camp Nou','adulto','Suelo 1','Grada Blanca Tribuna','2024-01-18 00:00:00','libre'),('Grindhouse cyj','Camp Nou','adulto','Suelo 17','Grada Norte','2024-01-18 00:00:00','libre'),('Grindhouse cyj','Camp Nou','adulto','Suelo 2','Grada Azul Zona','2024-01-18 00:00:00','libre'),('Grindhouse cyj','Camp Nou','adulto','Suelo 21','Grada Norte','2024-01-18 00:00:00','libre'),('Grindhouse cyj','Camp Nou','adulto','Suelo 23','Grada Norte','2024-01-18 00:00:00','libre'),('Grindhouse cyj','Camp Nou','adulto','Suelo 24','Grada Norte','2024-01-18 00:00:00','libre'),('Grindhouse cyj','Camp Nou','adulto','Suelo 25','Grada Norte','2024-01-18 00:00:00','libre'),('Grindhouse cyj','Camp Nou','adulto','Suelo 31','Grada Norte','2024-01-18 00:00:00','libre'),('Grindhouse cyj','Camp Nou','adulto','Suelo 41','Grada Norte','2024-01-18 00:00:00','libre'),('Grindhouse cyj','Camp Nou','adulto','Suelo 42','Grada Norte','2024-01-18 00:00:00','libre'),('Grindhouse cyj','Camp Nou','adulto','Suelo 44','Grada Norte','2024-01-18 00:00:00','libre'),('Grindhouse cyj','Camp Nou','adulto','Suelo 46','Grada Norte','2024-01-18 00:00:00','libre'),('Grindhouse cyj','Camp Nou','adulto','Suelo 47','Grada Norte','2024-01-18 00:00:00','libre'),('Grindhouse cyj','Camp Nou','adulto','Suelo 5','Grada Blanca Tribuna','2024-01-18 00:00:00','libre'),('Grindhouse cyj','Camp Nou','adulto','Suelo 5','Grada Norte','2024-01-18 00:00:00','libre'),('Grindhouse cyj','Camp Nou','adulto','Suelo 54','Grada Norte','2024-01-18 00:00:00','libre'),('Grindhouse cyj','Camp Nou','adulto','Suelo 56','Grada Norte','2024-01-18 00:00:00','libre'),('Grindhouse cyj','Camp Nou','adulto','Suelo 6','Grada Azul Zona','2024-01-18 00:00:00','libre'),('Grindhouse cyj','Camp Nou','adulto','Suelo 61','Grada Norte','2024-01-18 00:00:00','libre'),('Grindhouse cyj','Camp Nou','adulto','Suelo 62','Grada Norte','2024-01-18 00:00:00','libre'),('Grindhouse cyj','Camp Nou','adulto','Suelo 63','Grada Norte','2024-01-18 00:00:00','libre'),('Grindhouse cyj','Camp Nou','adulto','Suelo 64','Grada Norte','2024-01-18 00:00:00','libre'),('Grindhouse cyj','Camp Nou','adulto','Suelo 67','Grada Norte','2024-01-18 00:00:00','libre'),('Grindhouse cyj','Camp Nou','adulto','Suelo 70','Grada Norte','2024-01-18 00:00:00','libre'),('Grindhouse cyj','Camp Nou','adulto','Suelo 73','Grada Norte','2024-01-18 00:00:00','libre'),('Grindhouse cyj','Camp Nou','adulto','Suelo 74','Grada Norte','2024-01-18 00:00:00','libre'),('Grindhouse cyj','Camp Nou','adulto','Suelo 75','Grada Norte','2024-01-18 00:00:00','libre'),('Grindhouse cyj','Camp Nou','adulto','Suelo 79','Grada Norte','2024-01-18 00:00:00','libre'),('Grindhouse cyj','Camp Nou','adulto','Suelo 80','Grada Norte','2024-01-18 00:00:00','libre'),('Grindhouse cyj','Camp Nou','adulto','Suelo 85','Grada Norte','2024-01-18 00:00:00','libre'),('Grindhouse cyj','Camp Nou','adulto','Suelo 88','Grada Norte','2024-01-18 00:00:00','libre'),('Grindhouse cyj','Camp Nou','adulto','Suelo 93','Grada Norte','2024-01-18 00:00:00','libre'),('Grindhouse cyj','Camp Nou','adulto','Suelo 94','Grada Norte','2024-01-18 00:00:00','libre'),('Grindhouse cyj','Camp Nou','infantil','Asiento 1','Grada Norte','2024-01-18 00:00:00','libre'),('Grindhouse cyj','Camp Nou','infantil','Asiento 18','Grada Norte','2024-01-18 00:00:00','libre'),('Grindhouse cyj','Camp Nou','infantil','Asiento 19','Grada Norte','2024-01-18 00:00:00','libre'),('Grindhouse cyj','Camp Nou','infantil','Asiento 26','Grada Norte','2024-01-18 00:00:00','libre'),('Grindhouse cyj','Camp Nou','infantil','Asiento 3','Grada Blanca Tribuna','2024-01-18 00:00:00','libre'),('Grindhouse cyj','Camp Nou','infantil','Asiento 34','Grada Norte','2024-01-18 00:00:00','libre'),('Grindhouse cyj','Camp Nou','infantil','Asiento 36','Grada Norte','2024-01-18 00:00:00','libre'),('Grindhouse cyj','Camp Nou','infantil','Asiento 38','Grada Norte','2024-01-18 00:00:00','libre'),('Grindhouse cyj','Camp Nou','infantil','Asiento 4','Grada Azul Zona','2024-01-18 00:00:00','libre'),('Grindhouse cyj','Camp Nou','infantil','Asiento 45','Grada Norte','2024-01-18 00:00:00','libre'),('Grindhouse cyj','Camp Nou','infantil','Asiento 5','Grada Azul Zona','2024-01-18 00:00:00','libre'),('Grindhouse cyj','Camp Nou','infantil','Asiento 51','Grada Norte','2024-01-18 00:00:00','libre'),('Grindhouse cyj','Camp Nou','infantil','Asiento 52','Grada Norte','2024-01-18 00:00:00','libre'),('Grindhouse cyj','Camp Nou','infantil','Asiento 55','Grada Norte','2024-01-18 00:00:00','libre'),('Grindhouse cyj','Camp Nou','infantil','Asiento 58','Grada Norte','2024-01-18 00:00:00','libre'),('Grindhouse cyj','Camp Nou','infantil','Asiento 6','Grada Norte','2024-01-18 00:00:00','libre'),('Grindhouse cyj','Camp Nou','infantil','Asiento 66','Grada Norte','2024-01-18 00:00:00','libre'),('Grindhouse cyj','Camp Nou','infantil','Asiento 68','Grada Norte','2024-01-18 00:00:00','libre'),('Grindhouse cyj','Camp Nou','infantil','Asiento 69','Grada Norte','2024-01-18 00:00:00','libre'),('Grindhouse cyj','Camp Nou','infantil','Asiento 7','Grada Blanca Tribuna','2024-01-18 00:00:00','libre'),('Grindhouse cyj','Camp Nou','infantil','Asiento 77','Grada Norte','2024-01-18 00:00:00','libre'),('Grindhouse cyj','Camp Nou','infantil','Asiento 9','Grada Norte','2024-01-18 00:00:00','libre'),('Grindhouse cyj','Camp Nou','infantil','Asiento 90','Grada Norte','2024-01-18 00:00:00','libre'),('Grindhouse cyj','Camp Nou','infantil','Asiento 96','Grada Norte','2024-01-18 00:00:00','libre'),('Grindhouse cyj','Camp Nou','infantil','Balcón 1','Grada Azul Zona','2024-01-18 00:00:00','libre'),('Grindhouse cyj','Camp Nou','infantil','Balcón 10','Grada Blanca Tribuna','2024-01-18 00:00:00','libre'),('Grindhouse cyj','Camp Nou','infantil','Balcón 10','Grada Norte','2024-01-18 00:00:00','libre'),('Grindhouse cyj','Camp Nou','infantil','Balcón 100','Grada Norte','2024-01-18 00:00:00','libre'),('Grindhouse cyj','Camp Nou','infantil','Balcón 14','Grada Norte','2024-01-18 00:00:00','libre'),('Grindhouse cyj','Camp Nou','infantil','Balcón 15','Grada Norte','2024-01-18 00:00:00','libre'),('Grindhouse cyj','Camp Nou','infantil','Balcón 16','Grada Norte','2024-01-18 00:00:00','libre'),('Grindhouse cyj','Camp Nou','infantil','Balcón 2','Grada Norte','2024-01-18 00:00:00','libre'),('Grindhouse cyj','Camp Nou','infantil','Balcón 20','Grada Norte','2024-01-18 00:00:00','libre'),('Grindhouse cyj','Camp Nou','infantil','Balcón 29','Grada Norte','2024-01-18 00:00:00','libre'),('Grindhouse cyj','Camp Nou','infantil','Balcón 3','Grada Azul Zona','2024-01-18 00:00:00','libre'),('Grindhouse cyj','Camp Nou','infantil','Balcón 3','Grada Norte','2024-01-18 00:00:00','libre'),('Grindhouse cyj','Camp Nou','infantil','Balcón 32','Grada Norte','2024-01-18 00:00:00','libre'),('Grindhouse cyj','Camp Nou','infantil','Balcón 39','Grada Norte','2024-01-18 00:00:00','libre'),('Grindhouse cyj','Camp Nou','infantil','Balcón 4','Grada Norte','2024-01-18 00:00:00','libre'),('Grindhouse cyj','Camp Nou','infantil','Balcón 49','Grada Norte','2024-01-18 00:00:00','libre'),('Grindhouse cyj','Camp Nou','infantil','Balcón 59','Grada Norte','2024-01-18 00:00:00','libre'),('Grindhouse cyj','Camp Nou','infantil','Balcón 60','Grada Norte','2024-01-18 00:00:00','libre'),('Grindhouse cyj','Camp Nou','infantil','Balcón 65','Grada Norte','2024-01-18 00:00:00','libre'),('Grindhouse cyj','Camp Nou','infantil','Balcón 7','Grada Azul Zona','2024-01-18 00:00:00','libre'),('Grindhouse cyj','Camp Nou','infantil','Balcón 71','Grada Norte','2024-01-18 00:00:00','libre'),('Grindhouse cyj','Camp Nou','infantil','Balcón 72','Grada Norte','2024-01-18 00:00:00','libre'),('Grindhouse cyj','Camp Nou','infantil','Balcón 76','Grada Norte','2024-01-18 00:00:00','libre'),('Grindhouse cyj','Camp Nou','infantil','Balcón 8','Grada Blanca Tribuna','2024-01-18 00:00:00','libre'),('Grindhouse cyj','Camp Nou','infantil','Balcón 81','Grada Norte','2024-01-18 00:00:00','libre'),('Grindhouse cyj','Camp Nou','infantil','Balcón 83','Grada Norte','2024-01-18 00:00:00','libre'),('Grindhouse cyj','Camp Nou','infantil','Balcón 89','Grada Norte','2024-01-18 00:00:00','libre'),('Grindhouse cyj','Camp Nou','infantil','Balcón 97','Grada Norte','2024-01-18 00:00:00','libre'),('Grindhouse cyj','Camp Nou','infantil','Butaca 11','Grada Norte','2024-01-18 00:00:00','libre'),('Grindhouse cyj','Camp Nou','infantil','Butaca 12','Grada Norte','2024-01-18 00:00:00','libre'),('Grindhouse cyj','Camp Nou','infantil','Butaca 13','Grada Norte','2024-01-18 00:00:00','libre'),('Grindhouse cyj','Camp Nou','infantil','Butaca 2','Grada Blanca Tribuna','2024-01-18 00:00:00','libre'),('Grindhouse cyj','Camp Nou','infantil','Butaca 22','Grada Norte','2024-01-18 00:00:00','libre'),('Grindhouse cyj','Camp Nou','infantil','Butaca 27','Grada Norte','2024-01-18 00:00:00','libre'),('Grindhouse cyj','Camp Nou','infantil','Butaca 28','Grada Norte','2024-01-18 00:00:00','libre'),('Grindhouse cyj','Camp Nou','infantil','Butaca 30','Grada Norte','2024-01-18 00:00:00','libre'),('Grindhouse cyj','Camp Nou','infantil','Butaca 33','Grada Norte','2024-01-18 00:00:00','libre'),('Grindhouse cyj','Camp Nou','infantil','Butaca 35','Grada Norte','2024-01-18 00:00:00','libre'),('Grindhouse cyj','Camp Nou','infantil','Butaca 37','Grada Norte','2024-01-18 00:00:00','libre'),('Grindhouse cyj','Camp Nou','infantil','Butaca 4','Grada Blanca Tribuna','2024-01-18 00:00:00','libre'),('Grindhouse cyj','Camp Nou','infantil','Butaca 40','Grada Norte','2024-01-18 00:00:00','libre'),('Grindhouse cyj','Camp Nou','infantil','Butaca 43','Grada Norte','2024-01-18 00:00:00','libre'),('Grindhouse cyj','Camp Nou','infantil','Butaca 48','Grada Norte','2024-01-18 00:00:00','libre'),('Grindhouse cyj','Camp Nou','infantil','Butaca 50','Grada Norte','2024-01-18 00:00:00','libre'),('Grindhouse cyj','Camp Nou','infantil','Butaca 53','Grada Norte','2024-01-18 00:00:00','libre'),('Grindhouse cyj','Camp Nou','infantil','Butaca 57','Grada Norte','2024-01-18 00:00:00','libre'),('Grindhouse cyj','Camp Nou','infantil','Butaca 6','Grada Blanca Tribuna','2024-01-18 00:00:00','libre'),('Grindhouse cyj','Camp Nou','infantil','Butaca 7','Grada Norte','2024-01-18 00:00:00','libre'),('Grindhouse cyj','Camp Nou','infantil','Butaca 78','Grada Norte','2024-01-18 00:00:00','libre'),('Grindhouse cyj','Camp Nou','infantil','Butaca 8','Grada Norte','2024-01-18 00:00:00','libre'),('Grindhouse cyj','Camp Nou','infantil','Butaca 82','Grada Norte','2024-01-18 00:00:00','libre'),('Grindhouse cyj','Camp Nou','infantil','Butaca 84','Grada Norte','2024-01-18 00:00:00','libre'),('Grindhouse cyj','Camp Nou','infantil','Butaca 86','Grada Norte','2024-01-18 00:00:00','libre'),('Grindhouse cyj','Camp Nou','infantil','Butaca 87','Grada Norte','2024-01-18 00:00:00','libre'),('Grindhouse cyj','Camp Nou','infantil','Butaca 9','Grada Blanca Tribuna','2024-01-18 00:00:00','libre'),('Grindhouse cyj','Camp Nou','infantil','Butaca 91','Grada Norte','2024-01-18 00:00:00','libre'),('Grindhouse cyj','Camp Nou','infantil','Butaca 92','Grada Norte','2024-01-18 00:00:00','libre'),('Grindhouse cyj','Camp Nou','infantil','Butaca 95','Grada Norte','2024-01-18 00:00:00','libre'),('Grindhouse cyj','Camp Nou','infantil','Butaca 98','Grada Norte','2024-01-18 00:00:00','libre'),('Grindhouse cyj','Camp Nou','infantil','Butaca 99','Grada Norte','2024-01-18 00:00:00','libre'),('Grindhouse cyj','Camp Nou','infantil','Suelo 1','Grada Blanca Tribuna','2024-01-18 00:00:00','libre'),('Grindhouse cyj','Camp Nou','infantil','Suelo 17','Grada Norte','2024-01-18 00:00:00','libre'),('Grindhouse cyj','Camp Nou','infantil','Suelo 2','Grada Azul Zona','2024-01-18 00:00:00','libre'),('Grindhouse cyj','Camp Nou','infantil','Suelo 21','Grada Norte','2024-01-18 00:00:00','libre'),('Grindhouse cyj','Camp Nou','infantil','Suelo 23','Grada Norte','2024-01-18 00:00:00','libre'),('Grindhouse cyj','Camp Nou','infantil','Suelo 24','Grada Norte','2024-01-18 00:00:00','libre'),('Grindhouse cyj','Camp Nou','infantil','Suelo 25','Grada Norte','2024-01-18 00:00:00','libre'),('Grindhouse cyj','Camp Nou','infantil','Suelo 31','Grada Norte','2024-01-18 00:00:00','libre'),('Grindhouse cyj','Camp Nou','infantil','Suelo 41','Grada Norte','2024-01-18 00:00:00','libre'),('Grindhouse cyj','Camp Nou','infantil','Suelo 42','Grada Norte','2024-01-18 00:00:00','libre'),('Grindhouse cyj','Camp Nou','infantil','Suelo 44','Grada Norte','2024-01-18 00:00:00','libre'),('Grindhouse cyj','Camp Nou','infantil','Suelo 46','Grada Norte','2024-01-18 00:00:00','libre'),('Grindhouse cyj','Camp Nou','infantil','Suelo 47','Grada Norte','2024-01-18 00:00:00','libre'),('Grindhouse cyj','Camp Nou','infantil','Suelo 5','Grada Blanca Tribuna','2024-01-18 00:00:00','libre'),('Grindhouse cyj','Camp Nou','infantil','Suelo 5','Grada Norte','2024-01-18 00:00:00','libre'),('Grindhouse cyj','Camp Nou','infantil','Suelo 54','Grada Norte','2024-01-18 00:00:00','libre'),('Grindhouse cyj','Camp Nou','infantil','Suelo 56','Grada Norte','2024-01-18 00:00:00','libre'),('Grindhouse cyj','Camp Nou','infantil','Suelo 6','Grada Azul Zona','2024-01-18 00:00:00','libre'),('Grindhouse cyj','Camp Nou','infantil','Suelo 61','Grada Norte','2024-01-18 00:00:00','libre'),('Grindhouse cyj','Camp Nou','infantil','Suelo 62','Grada Norte','2024-01-18 00:00:00','libre'),('Grindhouse cyj','Camp Nou','infantil','Suelo 63','Grada Norte','2024-01-18 00:00:00','libre'),('Grindhouse cyj','Camp Nou','infantil','Suelo 64','Grada Norte','2024-01-18 00:00:00','libre'),('Grindhouse cyj','Camp Nou','infantil','Suelo 67','Grada Norte','2024-01-18 00:00:00','libre'),('Grindhouse cyj','Camp Nou','infantil','Suelo 70','Grada Norte','2024-01-18 00:00:00','libre'),('Grindhouse cyj','Camp Nou','infantil','Suelo 73','Grada Norte','2024-01-18 00:00:00','libre'),('Grindhouse cyj','Camp Nou','infantil','Suelo 74','Grada Norte','2024-01-18 00:00:00','libre'),('Grindhouse cyj','Camp Nou','infantil','Suelo 75','Grada Norte','2024-01-18 00:00:00','libre'),('Grindhouse cyj','Camp Nou','infantil','Suelo 79','Grada Norte','2024-01-18 00:00:00','libre'),('Grindhouse cyj','Camp Nou','infantil','Suelo 80','Grada Norte','2024-01-18 00:00:00','libre'),('Grindhouse cyj','Camp Nou','infantil','Suelo 85','Grada Norte','2024-01-18 00:00:00','libre'),('Grindhouse cyj','Camp Nou','infantil','Suelo 88','Grada Norte','2024-01-18 00:00:00','libre'),('Grindhouse cyj','Camp Nou','infantil','Suelo 93','Grada Norte','2024-01-18 00:00:00','libre'),('Grindhouse cyj','Camp Nou','infantil','Suelo 94','Grada Norte','2024-01-18 00:00:00','libre'),('Grindhouse cyj','Jack Trice Stadium mtq','jubilado','Asiento 2','Grada Sur Tribuna','2026-08-23 00:00:00','libre'),('Grindhouse cyj','Jack Trice Stadium mtq','jubilado','Balcón 1','Grada Sur Tribuna','2026-08-23 00:00:00','libre'),('Grindhouse cyj','Jack Trice Stadium mtq','jubilado','Balcón 3','Grada Sur Tribuna','2026-08-23 00:00:00','libre'),('Grindhouse cyj','Jack Trice Stadium mtq','jubilado','Balcón 5','Grada Sur Tribuna','2026-08-23 00:00:00','libre'),('Grindhouse cyj','Jack Trice Stadium mtq','jubilado','Butaca 4','Grada Sur Tribuna','2026-08-23 00:00:00','libre'),('Grindhouse cyj','Jack Trice Stadium mtq','parado','Asiento 2','Grada Sur Tribuna','2026-08-23 00:00:00','libre'),('Grindhouse cyj','Jack Trice Stadium mtq','parado','Balcón 1','Grada Sur Tribuna','2026-08-23 00:00:00','libre'),('Grindhouse cyj','Jack Trice Stadium mtq','parado','Balcón 3','Grada Sur Tribuna','2026-08-23 00:00:00','libre'),('Grindhouse cyj','Jack Trice Stadium mtq','parado','Balcón 5','Grada Sur Tribuna','2026-08-23 00:00:00','libre'),('Grindhouse cyj','Jack Trice Stadium mtq','parado','Butaca 4','Grada Sur Tribuna','2026-08-23 00:00:00','libre'),('Grindhouse cyj','Jack Trice Stadium mtq','adulto','Asiento 2','Grada Sur Tribuna','2026-08-23 00:00:00','libre'),('Grindhouse cyj','Jack Trice Stadium mtq','adulto','Balcón 1','Grada Sur Tribuna','2026-08-23 00:00:00','libre'),('Grindhouse cyj','Jack Trice Stadium mtq','adulto','Balcón 3','Grada Sur Tribuna','2026-08-23 00:00:00','libre'),('Grindhouse cyj','Jack Trice Stadium mtq','adulto','Balcón 5','Grada Sur Tribuna','2026-08-23 00:00:00','libre'),('Grindhouse cyj','Jack Trice Stadium mtq','adulto','Butaca 4','Grada Sur Tribuna','2026-08-23 00:00:00','libre'),('Grindhouse cyj','Jack Trice Stadium mtq','infantil','Asiento 2','Grada Sur Tribuna','2026-08-23 00:00:00','libre'),('Grindhouse cyj','Jack Trice Stadium mtq','infantil','Balcón 1','Grada Sur Tribuna','2026-08-23 00:00:00','libre'),('Grindhouse cyj','Jack Trice Stadium mtq','infantil','Balcón 3','Grada Sur Tribuna','2026-08-23 00:00:00','libre'),('Grindhouse cyj','Jack Trice Stadium mtq','infantil','Balcón 5','Grada Sur Tribuna','2026-08-23 00:00:00','libre'),('Grindhouse cyj','Jack Trice Stadium mtq','infantil','Butaca 4','Grada Sur Tribuna','2026-08-23 00:00:00','libre'),('Grindhouse cyj','Pendleton Round-Up weh','jubilado','Asiento 1','Grada Amarilla Sector','2024-04-01 00:00:00','libre'),('Grindhouse cyj','Pendleton Round-Up weh','jubilado','Asiento 1','Grada Amarilla Sector','2026-05-25 00:00:00','libre'),('Grindhouse cyj','Pendleton Round-Up weh','jubilado','Asiento 1','Grada Oeste Sector','2024-04-01 00:00:00','libre'),('Grindhouse cyj','Pendleton Round-Up weh','jubilado','Asiento 1','Grada Oeste Sector','2026-05-25 00:00:00','libre'),('Grindhouse cyj','Pendleton Round-Up weh','jubilado','Asiento 10','Grada Oeste Sector','2024-04-01 00:00:00','libre'),('Grindhouse cyj','Pendleton Round-Up weh','jubilado','Asiento 10','Grada Oeste Sector','2026-05-25 00:00:00','libre'),('Grindhouse cyj','Pendleton Round-Up weh','jubilado','Asiento 3','Grada Oeste Sector','2024-04-01 00:00:00','libre'),('Grindhouse cyj','Pendleton Round-Up weh','jubilado','Asiento 3','Grada Oeste Sector','2026-05-25 00:00:00','libre'),('Grindhouse cyj','Pendleton Round-Up weh','jubilado','Asiento 5','Grada Oeste Sector','2024-04-01 00:00:00','libre'),('Grindhouse cyj','Pendleton Round-Up weh','jubilado','Asiento 5','Grada Oeste Sector','2026-05-25 00:00:00','libre'),('Grindhouse cyj','Pendleton Round-Up weh','jubilado','Asiento 9','Grada Oeste Sector','2024-04-01 00:00:00','libre'),('Grindhouse cyj','Pendleton Round-Up weh','jubilado','Asiento 9','Grada Oeste Sector','2026-05-25 00:00:00','libre'),('Grindhouse cyj','Pendleton Round-Up weh','jubilado','Balcón 2','Grada Amarilla Sector','2024-04-01 00:00:00','libre'),('Grindhouse cyj','Pendleton Round-Up weh','jubilado','Balcón 2','Grada Amarilla Sector','2026-05-25 00:00:00','libre'),('Grindhouse cyj','Pendleton Round-Up weh','jubilado','Balcón 2','Grada Oeste Sector','2024-04-01 00:00:00','libre'),('Grindhouse cyj','Pendleton Round-Up weh','jubilado','Balcón 2','Grada Oeste Sector','2026-05-25 00:00:00','libre'),('Grindhouse cyj','Pendleton Round-Up weh','jubilado','Balcón 4','Grada Amarilla Sector','2024-04-01 00:00:00','libre'),('Grindhouse cyj','Pendleton Round-Up weh','jubilado','Balcón 4','Grada Amarilla Sector','2026-05-25 00:00:00','libre'),('Grindhouse cyj','Pendleton Round-Up weh','jubilado','Balcón 4','Grada Oeste Sector','2024-04-01 00:00:00','libre'),('Grindhouse cyj','Pendleton Round-Up weh','jubilado','Balcón 4','Grada Oeste Sector','2026-05-25 00:00:00','libre'),('Grindhouse cyj','Pendleton Round-Up weh','jubilado','Balcón 6','Grada Amarilla Sector','2024-04-01 00:00:00','libre'),('Grindhouse cyj','Pendleton Round-Up weh','jubilado','Balcón 6','Grada Amarilla Sector','2026-05-25 00:00:00','libre'),('Grindhouse cyj','Pendleton Round-Up weh','jubilado','Balcón 7','Grada Amarilla Sector','2024-04-01 00:00:00','libre'),('Grindhouse cyj','Pendleton Round-Up weh','jubilado','Balcón 7','Grada Amarilla Sector','2026-05-25 00:00:00','libre'),('Grindhouse cyj','Pendleton Round-Up weh','jubilado','Butaca 2','Grada Norte Sector','2024-04-01 00:00:00','libre'),('Grindhouse cyj','Pendleton Round-Up weh','jubilado','Butaca 2','Grada Norte Sector','2026-05-25 00:00:00','libre'),('Grindhouse cyj','Pendleton Round-Up weh','jubilado','Butaca 3','Grada Amarilla Sector','2024-04-01 00:00:00','libre'),('Grindhouse cyj','Pendleton Round-Up weh','jubilado','Butaca 3','Grada Amarilla Sector','2026-05-25 00:00:00','libre'),('Grindhouse cyj','Pendleton Round-Up weh','jubilado','Butaca 5','Grada Amarilla Sector','2024-04-01 00:00:00','libre'),('Grindhouse cyj','Pendleton Round-Up weh','jubilado','Butaca 5','Grada Amarilla Sector','2026-05-25 00:00:00','libre'),('Grindhouse cyj','Pendleton Round-Up weh','jubilado','Butaca 5','Grada Norte Sector','2024-04-01 00:00:00','libre'),('Grindhouse cyj','Pendleton Round-Up weh','jubilado','Butaca 5','Grada Norte Sector','2026-05-25 00:00:00','libre'),('Grindhouse cyj','Pendleton Round-Up weh','jubilado','Butaca 6','Grada Oeste Sector','2024-04-01 00:00:00','libre'),('Grindhouse cyj','Pendleton Round-Up weh','jubilado','Butaca 6','Grada Oeste Sector','2026-05-25 00:00:00','libre'),('Grindhouse cyj','Pendleton Round-Up weh','jubilado','Butaca 8','Grada Oeste Sector','2024-04-01 00:00:00','libre'),('Grindhouse cyj','Pendleton Round-Up weh','jubilado','Butaca 8','Grada Oeste Sector','2026-05-25 00:00:00','libre'),('Grindhouse cyj','Pendleton Round-Up weh','jubilado','Suelo 1','Grada Norte Sector','2024-04-01 00:00:00','libre'),('Grindhouse cyj','Pendleton Round-Up weh','jubilado','Suelo 1','Grada Norte Sector','2026-05-25 00:00:00','libre'),('Grindhouse cyj','Pendleton Round-Up weh','jubilado','Suelo 3','Grada Norte Sector','2024-04-01 00:00:00','libre'),('Grindhouse cyj','Pendleton Round-Up weh','jubilado','Suelo 3','Grada Norte Sector','2026-05-25 00:00:00','libre'),('Grindhouse cyj','Pendleton Round-Up weh','jubilado','Suelo 4','Grada Norte Sector','2024-04-01 00:00:00','libre'),('Grindhouse cyj','Pendleton Round-Up weh','jubilado','Suelo 4','Grada Norte Sector','2026-05-25 00:00:00','libre'),('Grindhouse cyj','Pendleton Round-Up weh','jubilado','Suelo 7','Grada Oeste Sector','2024-04-01 00:00:00','libre'),('Grindhouse cyj','Pendleton Round-Up weh','jubilado','Suelo 7','Grada Oeste Sector','2026-05-25 00:00:00','libre'),('Grindhouse cyj','Pendleton Round-Up weh','parado','Asiento 1','Grada Amarilla Sector','2024-04-01 00:00:00','libre'),('Grindhouse cyj','Pendleton Round-Up weh','parado','Asiento 1','Grada Amarilla Sector','2026-05-25 00:00:00','libre'),('Grindhouse cyj','Pendleton Round-Up weh','parado','Asiento 1','Grada Oeste Sector','2024-04-01 00:00:00','libre'),('Grindhouse cyj','Pendleton Round-Up weh','parado','Asiento 1','Grada Oeste Sector','2026-05-25 00:00:00','libre'),('Grindhouse cyj','Pendleton Round-Up weh','parado','Asiento 10','Grada Oeste Sector','2024-04-01 00:00:00','libre'),('Grindhouse cyj','Pendleton Round-Up weh','parado','Asiento 10','Grada Oeste Sector','2026-05-25 00:00:00','libre'),('Grindhouse cyj','Pendleton Round-Up weh','parado','Asiento 3','Grada Oeste Sector','2024-04-01 00:00:00','libre'),('Grindhouse cyj','Pendleton Round-Up weh','parado','Asiento 3','Grada Oeste Sector','2026-05-25 00:00:00','libre'),('Grindhouse cyj','Pendleton Round-Up weh','parado','Asiento 5','Grada Oeste Sector','2024-04-01 00:00:00','libre'),('Grindhouse cyj','Pendleton Round-Up weh','parado','Asiento 5','Grada Oeste Sector','2026-05-25 00:00:00','libre'),('Grindhouse cyj','Pendleton Round-Up weh','parado','Asiento 9','Grada Oeste Sector','2024-04-01 00:00:00','libre'),('Grindhouse cyj','Pendleton Round-Up weh','parado','Asiento 9','Grada Oeste Sector','2026-05-25 00:00:00','libre'),('Grindhouse cyj','Pendleton Round-Up weh','parado','Balcón 2','Grada Amarilla Sector','2024-04-01 00:00:00','libre'),('Grindhouse cyj','Pendleton Round-Up weh','parado','Balcón 2','Grada Amarilla Sector','2026-05-25 00:00:00','libre'),('Grindhouse cyj','Pendleton Round-Up weh','parado','Balcón 2','Grada Oeste Sector','2024-04-01 00:00:00','libre'),('Grindhouse cyj','Pendleton Round-Up weh','parado','Balcón 2','Grada Oeste Sector','2026-05-25 00:00:00','libre'),('Grindhouse cyj','Pendleton Round-Up weh','parado','Balcón 4','Grada Amarilla Sector','2024-04-01 00:00:00','libre'),('Grindhouse cyj','Pendleton Round-Up weh','parado','Balcón 4','Grada Amarilla Sector','2026-05-25 00:00:00','libre'),('Grindhouse cyj','Pendleton Round-Up weh','parado','Balcón 4','Grada Oeste Sector','2024-04-01 00:00:00','libre'),('Grindhouse cyj','Pendleton Round-Up weh','parado','Balcón 4','Grada Oeste Sector','2026-05-25 00:00:00','libre'),('Grindhouse cyj','Pendleton Round-Up weh','parado','Balcón 6','Grada Amarilla Sector','2024-04-01 00:00:00','libre'),('Grindhouse cyj','Pendleton Round-Up weh','parado','Balcón 6','Grada Amarilla Sector','2026-05-25 00:00:00','libre'),('Grindhouse cyj','Pendleton Round-Up weh','parado','Balcón 7','Grada Amarilla Sector','2024-04-01 00:00:00','libre'),('Grindhouse cyj','Pendleton Round-Up weh','parado','Balcón 7','Grada Amarilla Sector','2026-05-25 00:00:00','libre'),('Grindhouse cyj','Pendleton Round-Up weh','parado','Butaca 2','Grada Norte Sector','2024-04-01 00:00:00','libre'),('Grindhouse cyj','Pendleton Round-Up weh','parado','Butaca 2','Grada Norte Sector','2026-05-25 00:00:00','libre'),('Grindhouse cyj','Pendleton Round-Up weh','parado','Butaca 3','Grada Amarilla Sector','2024-04-01 00:00:00','libre'),('Grindhouse cyj','Pendleton Round-Up weh','parado','Butaca 3','Grada Amarilla Sector','2026-05-25 00:00:00','libre'),('Grindhouse cyj','Pendleton Round-Up weh','parado','Butaca 5','Grada Amarilla Sector','2024-04-01 00:00:00','libre'),('Grindhouse cyj','Pendleton Round-Up weh','parado','Butaca 5','Grada Amarilla Sector','2026-05-25 00:00:00','libre'),('Grindhouse cyj','Pendleton Round-Up weh','parado','Butaca 5','Grada Norte Sector','2024-04-01 00:00:00','libre'),('Grindhouse cyj','Pendleton Round-Up weh','parado','Butaca 5','Grada Norte Sector','2026-05-25 00:00:00','libre'),('Grindhouse cyj','Pendleton Round-Up weh','parado','Butaca 6','Grada Oeste Sector','2024-04-01 00:00:00','libre'),('Grindhouse cyj','Pendleton Round-Up weh','parado','Butaca 6','Grada Oeste Sector','2026-05-25 00:00:00','libre'),('Grindhouse cyj','Pendleton Round-Up weh','parado','Butaca 8','Grada Oeste Sector','2024-04-01 00:00:00','libre'),('Grindhouse cyj','Pendleton Round-Up weh','parado','Butaca 8','Grada Oeste Sector','2026-05-25 00:00:00','libre'),('Grindhouse cyj','Pendleton Round-Up weh','parado','Suelo 1','Grada Norte Sector','2024-04-01 00:00:00','libre'),('Grindhouse cyj','Pendleton Round-Up weh','parado','Suelo 1','Grada Norte Sector','2026-05-25 00:00:00','libre'),('Grindhouse cyj','Pendleton Round-Up weh','parado','Suelo 3','Grada Norte Sector','2024-04-01 00:00:00','libre'),('Grindhouse cyj','Pendleton Round-Up weh','parado','Suelo 3','Grada Norte Sector','2026-05-25 00:00:00','libre'),('Grindhouse cyj','Pendleton Round-Up weh','parado','Suelo 4','Grada Norte Sector','2024-04-01 00:00:00','libre'),('Grindhouse cyj','Pendleton Round-Up weh','parado','Suelo 4','Grada Norte Sector','2026-05-25 00:00:00','libre'),('Grindhouse cyj','Pendleton Round-Up weh','parado','Suelo 7','Grada Oeste Sector','2024-04-01 00:00:00','libre'),('Grindhouse cyj','Pendleton Round-Up weh','parado','Suelo 7','Grada Oeste Sector','2026-05-25 00:00:00','libre'),('Grindhouse cyj','Pendleton Round-Up weh','adulto','Asiento 1','Grada Amarilla Sector','2024-04-01 00:00:00','libre'),('Grindhouse cyj','Pendleton Round-Up weh','adulto','Asiento 1','Grada Amarilla Sector','2026-05-25 00:00:00','libre'),('Grindhouse cyj','Pendleton Round-Up weh','adulto','Asiento 1','Grada Oeste Sector','2024-04-01 00:00:00','libre'),('Grindhouse cyj','Pendleton Round-Up weh','adulto','Asiento 1','Grada Oeste Sector','2026-05-25 00:00:00','libre'),('Grindhouse cyj','Pendleton Round-Up weh','adulto','Asiento 10','Grada Oeste Sector','2024-04-01 00:00:00','libre'),('Grindhouse cyj','Pendleton Round-Up weh','adulto','Asiento 10','Grada Oeste Sector','2026-05-25 00:00:00','libre'),('Grindhouse cyj','Pendleton Round-Up weh','adulto','Asiento 3','Grada Oeste Sector','2024-04-01 00:00:00','libre'),('Grindhouse cyj','Pendleton Round-Up weh','adulto','Asiento 3','Grada Oeste Sector','2026-05-25 00:00:00','libre'),('Grindhouse cyj','Pendleton Round-Up weh','adulto','Asiento 5','Grada Oeste Sector','2024-04-01 00:00:00','libre'),('Grindhouse cyj','Pendleton Round-Up weh','adulto','Asiento 5','Grada Oeste Sector','2026-05-25 00:00:00','libre'),('Grindhouse cyj','Pendleton Round-Up weh','adulto','Asiento 9','Grada Oeste Sector','2024-04-01 00:00:00','libre'),('Grindhouse cyj','Pendleton Round-Up weh','adulto','Asiento 9','Grada Oeste Sector','2026-05-25 00:00:00','libre'),('Grindhouse cyj','Pendleton Round-Up weh','adulto','Balcón 2','Grada Amarilla Sector','2024-04-01 00:00:00','libre'),('Grindhouse cyj','Pendleton Round-Up weh','adulto','Balcón 2','Grada Amarilla Sector','2026-05-25 00:00:00','libre'),('Grindhouse cyj','Pendleton Round-Up weh','adulto','Balcón 2','Grada Oeste Sector','2024-04-01 00:00:00','libre'),('Grindhouse cyj','Pendleton Round-Up weh','adulto','Balcón 2','Grada Oeste Sector','2026-05-25 00:00:00','libre'),('Grindhouse cyj','Pendleton Round-Up weh','adulto','Balcón 4','Grada Amarilla Sector','2024-04-01 00:00:00','libre'),('Grindhouse cyj','Pendleton Round-Up weh','adulto','Balcón 4','Grada Amarilla Sector','2026-05-25 00:00:00','libre'),('Grindhouse cyj','Pendleton Round-Up weh','adulto','Balcón 4','Grada Oeste Sector','2024-04-01 00:00:00','libre'),('Grindhouse cyj','Pendleton Round-Up weh','adulto','Balcón 4','Grada Oeste Sector','2026-05-25 00:00:00','libre'),('Grindhouse cyj','Pendleton Round-Up weh','adulto','Balcón 6','Grada Amarilla Sector','2024-04-01 00:00:00','libre'),('Grindhouse cyj','Pendleton Round-Up weh','adulto','Balcón 6','Grada Amarilla Sector','2026-05-25 00:00:00','libre'),('Grindhouse cyj','Pendleton Round-Up weh','adulto','Balcón 7','Grada Amarilla Sector','2024-04-01 00:00:00','libre'),('Grindhouse cyj','Pendleton Round-Up weh','adulto','Balcón 7','Grada Amarilla Sector','2026-05-25 00:00:00','libre'),('Grindhouse cyj','Pendleton Round-Up weh','adulto','Butaca 2','Grada Norte Sector','2024-04-01 00:00:00','libre'),('Grindhouse cyj','Pendleton Round-Up weh','adulto','Butaca 2','Grada Norte Sector','2026-05-25 00:00:00','libre'),('Grindhouse cyj','Pendleton Round-Up weh','adulto','Butaca 3','Grada Amarilla Sector','2024-04-01 00:00:00','libre'),('Grindhouse cyj','Pendleton Round-Up weh','adulto','Butaca 3','Grada Amarilla Sector','2026-05-25 00:00:00','libre'),('Grindhouse cyj','Pendleton Round-Up weh','adulto','Butaca 5','Grada Amarilla Sector','2024-04-01 00:00:00','libre'),('Grindhouse cyj','Pendleton Round-Up weh','adulto','Butaca 5','Grada Amarilla Sector','2026-05-25 00:00:00','libre'),('Grindhouse cyj','Pendleton Round-Up weh','adulto','Butaca 5','Grada Norte Sector','2024-04-01 00:00:00','libre'),('Grindhouse cyj','Pendleton Round-Up weh','adulto','Butaca 5','Grada Norte Sector','2026-05-25 00:00:00','libre'),('Grindhouse cyj','Pendleton Round-Up weh','adulto','Butaca 6','Grada Oeste Sector','2024-04-01 00:00:00','libre'),('Grindhouse cyj','Pendleton Round-Up weh','adulto','Butaca 6','Grada Oeste Sector','2026-05-25 00:00:00','libre'),('Grindhouse cyj','Pendleton Round-Up weh','adulto','Butaca 8','Grada Oeste Sector','2024-04-01 00:00:00','libre'),('Grindhouse cyj','Pendleton Round-Up weh','adulto','Butaca 8','Grada Oeste Sector','2026-05-25 00:00:00','libre'),('Grindhouse cyj','Pendleton Round-Up weh','adulto','Suelo 1','Grada Norte Sector','2024-04-01 00:00:00','libre'),('Grindhouse cyj','Pendleton Round-Up weh','adulto','Suelo 1','Grada Norte Sector','2026-05-25 00:00:00','libre'),('Grindhouse cyj','Pendleton Round-Up weh','adulto','Suelo 3','Grada Norte Sector','2024-04-01 00:00:00','libre'),('Grindhouse cyj','Pendleton Round-Up weh','adulto','Suelo 3','Grada Norte Sector','2026-05-25 00:00:00','libre'),('Grindhouse cyj','Pendleton Round-Up weh','adulto','Suelo 4','Grada Norte Sector','2024-04-01 00:00:00','libre'),('Grindhouse cyj','Pendleton Round-Up weh','adulto','Suelo 4','Grada Norte Sector','2026-05-25 00:00:00','libre'),('Grindhouse cyj','Pendleton Round-Up weh','adulto','Suelo 7','Grada Oeste Sector','2024-04-01 00:00:00','libre'),('Grindhouse cyj','Pendleton Round-Up weh','adulto','Suelo 7','Grada Oeste Sector','2026-05-25 00:00:00','libre'),('Grindhouse cyj','Pendleton Round-Up weh','infantil','Asiento 1','Grada Amarilla Sector','2024-04-01 00:00:00','libre'),('Grindhouse cyj','Pendleton Round-Up weh','infantil','Asiento 1','Grada Amarilla Sector','2026-05-25 00:00:00','libre'),('Grindhouse cyj','Pendleton Round-Up weh','infantil','Asiento 1','Grada Oeste Sector','2024-04-01 00:00:00','libre'),('Grindhouse cyj','Pendleton Round-Up weh','infantil','Asiento 1','Grada Oeste Sector','2026-05-25 00:00:00','libre'),('Grindhouse cyj','Pendleton Round-Up weh','infantil','Asiento 10','Grada Oeste Sector','2024-04-01 00:00:00','libre'),('Grindhouse cyj','Pendleton Round-Up weh','infantil','Asiento 10','Grada Oeste Sector','2026-05-25 00:00:00','libre'),('Grindhouse cyj','Pendleton Round-Up weh','infantil','Asiento 3','Grada Oeste Sector','2024-04-01 00:00:00','libre'),('Grindhouse cyj','Pendleton Round-Up weh','infantil','Asiento 3','Grada Oeste Sector','2026-05-25 00:00:00','libre'),('Grindhouse cyj','Pendleton Round-Up weh','infantil','Asiento 5','Grada Oeste Sector','2024-04-01 00:00:00','libre'),('Grindhouse cyj','Pendleton Round-Up weh','infantil','Asiento 5','Grada Oeste Sector','2026-05-25 00:00:00','libre'),('Grindhouse cyj','Pendleton Round-Up weh','infantil','Asiento 9','Grada Oeste Sector','2024-04-01 00:00:00','libre'),('Grindhouse cyj','Pendleton Round-Up weh','infantil','Asiento 9','Grada Oeste Sector','2026-05-25 00:00:00','libre'),('Grindhouse cyj','Pendleton Round-Up weh','infantil','Balcón 2','Grada Amarilla Sector','2024-04-01 00:00:00','libre'),('Grindhouse cyj','Pendleton Round-Up weh','infantil','Balcón 2','Grada Amarilla Sector','2026-05-25 00:00:00','libre'),('Grindhouse cyj','Pendleton Round-Up weh','infantil','Balcón 2','Grada Oeste Sector','2024-04-01 00:00:00','libre'),('Grindhouse cyj','Pendleton Round-Up weh','infantil','Balcón 2','Grada Oeste Sector','2026-05-25 00:00:00','libre'),('Grindhouse cyj','Pendleton Round-Up weh','infantil','Balcón 4','Grada Amarilla Sector','2024-04-01 00:00:00','libre'),('Grindhouse cyj','Pendleton Round-Up weh','infantil','Balcón 4','Grada Amarilla Sector','2026-05-25 00:00:00','libre'),('Grindhouse cyj','Pendleton Round-Up weh','infantil','Balcón 4','Grada Oeste Sector','2024-04-01 00:00:00','libre'),('Grindhouse cyj','Pendleton Round-Up weh','infantil','Balcón 4','Grada Oeste Sector','2026-05-25 00:00:00','libre'),('Grindhouse cyj','Pendleton Round-Up weh','infantil','Balcón 6','Grada Amarilla Sector','2024-04-01 00:00:00','libre'),('Grindhouse cyj','Pendleton Round-Up weh','infantil','Balcón 6','Grada Amarilla Sector','2026-05-25 00:00:00','libre'),('Grindhouse cyj','Pendleton Round-Up weh','infantil','Balcón 7','Grada Amarilla Sector','2024-04-01 00:00:00','libre'),('Grindhouse cyj','Pendleton Round-Up weh','infantil','Balcón 7','Grada Amarilla Sector','2026-05-25 00:00:00','libre'),('Grindhouse cyj','Pendleton Round-Up weh','infantil','Butaca 2','Grada Norte Sector','2024-04-01 00:00:00','libre'),('Grindhouse cyj','Pendleton Round-Up weh','infantil','Butaca 2','Grada Norte Sector','2026-05-25 00:00:00','libre'),('Grindhouse cyj','Pendleton Round-Up weh','infantil','Butaca 3','Grada Amarilla Sector','2024-04-01 00:00:00','libre'),('Grindhouse cyj','Pendleton Round-Up weh','infantil','Butaca 3','Grada Amarilla Sector','2026-05-25 00:00:00','libre'),('Grindhouse cyj','Pendleton Round-Up weh','infantil','Butaca 5','Grada Amarilla Sector','2024-04-01 00:00:00','libre'),('Grindhouse cyj','Pendleton Round-Up weh','infantil','Butaca 5','Grada Amarilla Sector','2026-05-25 00:00:00','libre'),('Grindhouse cyj','Pendleton Round-Up weh','infantil','Butaca 5','Grada Norte Sector','2024-04-01 00:00:00','libre'),('Grindhouse cyj','Pendleton Round-Up weh','infantil','Butaca 5','Grada Norte Sector','2026-05-25 00:00:00','libre'),('Grindhouse cyj','Pendleton Round-Up weh','infantil','Butaca 6','Grada Oeste Sector','2024-04-01 00:00:00','libre'),('Grindhouse cyj','Pendleton Round-Up weh','infantil','Butaca 6','Grada Oeste Sector','2026-05-25 00:00:00','libre'),('Grindhouse cyj','Pendleton Round-Up weh','infantil','Butaca 8','Grada Oeste Sector','2024-04-01 00:00:00','libre'),('Grindhouse cyj','Pendleton Round-Up weh','infantil','Butaca 8','Grada Oeste Sector','2026-05-25 00:00:00','libre'),('Grindhouse cyj','Pendleton Round-Up weh','infantil','Suelo 1','Grada Norte Sector','2024-04-01 00:00:00','libre'),('Grindhouse cyj','Pendleton Round-Up weh','infantil','Suelo 1','Grada Norte Sector','2026-05-25 00:00:00','libre'),('Grindhouse cyj','Pendleton Round-Up weh','infantil','Suelo 3','Grada Norte Sector','2024-04-01 00:00:00','libre'),('Grindhouse cyj','Pendleton Round-Up weh','infantil','Suelo 3','Grada Norte Sector','2026-05-25 00:00:00','libre'),('Grindhouse cyj','Pendleton Round-Up weh','infantil','Suelo 4','Grada Norte Sector','2024-04-01 00:00:00','libre'),('Grindhouse cyj','Pendleton Round-Up weh','infantil','Suelo 4','Grada Norte Sector','2026-05-25 00:00:00','libre'),('Grindhouse cyj','Pendleton Round-Up weh','infantil','Suelo 7','Grada Oeste Sector','2024-04-01 00:00:00','libre'),('Grindhouse cyj','Pendleton Round-Up weh','infantil','Suelo 7','Grada Oeste Sector','2026-05-25 00:00:00','libre'),('It Follows wbu','Camp Nou','jubilado','Asiento 1','Grada Norte','2026-07-09 00:00:00','libre'),('It Follows wbu','Camp Nou','jubilado','Asiento 1','Grada Norte','2027-07-10 00:00:00','libre'),('It Follows wbu','Camp Nou','jubilado','Asiento 18','Grada Norte','2026-07-09 00:00:00','libre'),('It Follows wbu','Camp Nou','jubilado','Asiento 18','Grada Norte','2027-07-10 00:00:00','libre'),('It Follows wbu','Camp Nou','jubilado','Asiento 19','Grada Norte','2026-07-09 00:00:00','libre'),('It Follows wbu','Camp Nou','jubilado','Asiento 19','Grada Norte','2027-07-10 00:00:00','libre'),('It Follows wbu','Camp Nou','jubilado','Asiento 26','Grada Norte','2026-07-09 00:00:00','libre'),('It Follows wbu','Camp Nou','jubilado','Asiento 26','Grada Norte','2027-07-10 00:00:00','libre'),('It Follows wbu','Camp Nou','jubilado','Asiento 3','Grada Blanca Tribuna','2026-07-09 00:00:00','libre'),('It Follows wbu','Camp Nou','jubilado','Asiento 3','Grada Blanca Tribuna','2027-07-10 00:00:00','libre'),('It Follows wbu','Camp Nou','jubilado','Asiento 34','Grada Norte','2026-07-09 00:00:00','libre'),('It Follows wbu','Camp Nou','jubilado','Asiento 34','Grada Norte','2027-07-10 00:00:00','libre'),('It Follows wbu','Camp Nou','jubilado','Asiento 36','Grada Norte','2026-07-09 00:00:00','libre'),('It Follows wbu','Camp Nou','jubilado','Asiento 36','Grada Norte','2027-07-10 00:00:00','libre'),('It Follows wbu','Camp Nou','jubilado','Asiento 38','Grada Norte','2026-07-09 00:00:00','libre'),('It Follows wbu','Camp Nou','jubilado','Asiento 38','Grada Norte','2027-07-10 00:00:00','libre'),('It Follows wbu','Camp Nou','jubilado','Asiento 4','Grada Azul Zona','2026-07-09 00:00:00','libre'),('It Follows wbu','Camp Nou','jubilado','Asiento 4','Grada Azul Zona','2027-07-10 00:00:00','libre'),('It Follows wbu','Camp Nou','jubilado','Asiento 45','Grada Norte','2026-07-09 00:00:00','libre'),('It Follows wbu','Camp Nou','jubilado','Asiento 45','Grada Norte','2027-07-10 00:00:00','libre'),('It Follows wbu','Camp Nou','jubilado','Asiento 5','Grada Azul Zona','2026-07-09 00:00:00','libre'),('It Follows wbu','Camp Nou','jubilado','Asiento 5','Grada Azul Zona','2027-07-10 00:00:00','libre'),('It Follows wbu','Camp Nou','jubilado','Asiento 51','Grada Norte','2026-07-09 00:00:00','libre'),('It Follows wbu','Camp Nou','jubilado','Asiento 51','Grada Norte','2027-07-10 00:00:00','libre'),('It Follows wbu','Camp Nou','jubilado','Asiento 52','Grada Norte','2026-07-09 00:00:00','libre'),('It Follows wbu','Camp Nou','jubilado','Asiento 52','Grada Norte','2027-07-10 00:00:00','libre'),('It Follows wbu','Camp Nou','jubilado','Asiento 55','Grada Norte','2026-07-09 00:00:00','libre'),('It Follows wbu','Camp Nou','jubilado','Asiento 55','Grada Norte','2027-07-10 00:00:00','libre'),('It Follows wbu','Camp Nou','jubilado','Asiento 58','Grada Norte','2026-07-09 00:00:00','libre'),('It Follows wbu','Camp Nou','jubilado','Asiento 58','Grada Norte','2027-07-10 00:00:00','libre'),('It Follows wbu','Camp Nou','jubilado','Asiento 6','Grada Norte','2026-07-09 00:00:00','libre'),('It Follows wbu','Camp Nou','jubilado','Asiento 6','Grada Norte','2027-07-10 00:00:00','libre'),('It Follows wbu','Camp Nou','jubilado','Asiento 66','Grada Norte','2026-07-09 00:00:00','libre'),('It Follows wbu','Camp Nou','jubilado','Asiento 66','Grada Norte','2027-07-10 00:00:00','libre'),('It Follows wbu','Camp Nou','jubilado','Asiento 68','Grada Norte','2026-07-09 00:00:00','libre'),('It Follows wbu','Camp Nou','jubilado','Asiento 68','Grada Norte','2027-07-10 00:00:00','libre'),('It Follows wbu','Camp Nou','jubilado','Asiento 69','Grada Norte','2026-07-09 00:00:00','libre'),('It Follows wbu','Camp Nou','jubilado','Asiento 69','Grada Norte','2027-07-10 00:00:00','libre'),('It Follows wbu','Camp Nou','jubilado','Asiento 7','Grada Blanca Tribuna','2026-07-09 00:00:00','libre'),('It Follows wbu','Camp Nou','jubilado','Asiento 7','Grada Blanca Tribuna','2027-07-10 00:00:00','libre'),('It Follows wbu','Camp Nou','jubilado','Asiento 77','Grada Norte','2026-07-09 00:00:00','libre'),('It Follows wbu','Camp Nou','jubilado','Asiento 77','Grada Norte','2027-07-10 00:00:00','libre'),('It Follows wbu','Camp Nou','jubilado','Asiento 9','Grada Norte','2026-07-09 00:00:00','libre'),('It Follows wbu','Camp Nou','jubilado','Asiento 9','Grada Norte','2027-07-10 00:00:00','libre'),('It Follows wbu','Camp Nou','jubilado','Asiento 90','Grada Norte','2026-07-09 00:00:00','libre'),('It Follows wbu','Camp Nou','jubilado','Asiento 90','Grada Norte','2027-07-10 00:00:00','libre'),('It Follows wbu','Camp Nou','jubilado','Asiento 96','Grada Norte','2026-07-09 00:00:00','libre'),('It Follows wbu','Camp Nou','jubilado','Asiento 96','Grada Norte','2027-07-10 00:00:00','libre'),('It Follows wbu','Camp Nou','jubilado','Balcón 1','Grada Azul Zona','2026-07-09 00:00:00','libre'),('It Follows wbu','Camp Nou','jubilado','Balcón 1','Grada Azul Zona','2027-07-10 00:00:00','libre'),('It Follows wbu','Camp Nou','jubilado','Balcón 10','Grada Blanca Tribuna','2026-07-09 00:00:00','libre'),('It Follows wbu','Camp Nou','jubilado','Balcón 10','Grada Blanca Tribuna','2027-07-10 00:00:00','libre'),('It Follows wbu','Camp Nou','jubilado','Balcón 10','Grada Norte','2026-07-09 00:00:00','libre'),('It Follows wbu','Camp Nou','jubilado','Balcón 10','Grada Norte','2027-07-10 00:00:00','libre'),('It Follows wbu','Camp Nou','jubilado','Balcón 100','Grada Norte','2026-07-09 00:00:00','libre'),('It Follows wbu','Camp Nou','jubilado','Balcón 100','Grada Norte','2027-07-10 00:00:00','libre'),('It Follows wbu','Camp Nou','jubilado','Balcón 14','Grada Norte','2026-07-09 00:00:00','libre'),('It Follows wbu','Camp Nou','jubilado','Balcón 14','Grada Norte','2027-07-10 00:00:00','libre'),('It Follows wbu','Camp Nou','jubilado','Balcón 15','Grada Norte','2026-07-09 00:00:00','libre'),('It Follows wbu','Camp Nou','jubilado','Balcón 15','Grada Norte','2027-07-10 00:00:00','libre'),('It Follows wbu','Camp Nou','jubilado','Balcón 16','Grada Norte','2026-07-09 00:00:00','libre'),('It Follows wbu','Camp Nou','jubilado','Balcón 16','Grada Norte','2027-07-10 00:00:00','libre'),('It Follows wbu','Camp Nou','jubilado','Balcón 2','Grada Norte','2026-07-09 00:00:00','libre'),('It Follows wbu','Camp Nou','jubilado','Balcón 2','Grada Norte','2027-07-10 00:00:00','libre'),('It Follows wbu','Camp Nou','jubilado','Balcón 20','Grada Norte','2026-07-09 00:00:00','libre'),('It Follows wbu','Camp Nou','jubilado','Balcón 20','Grada Norte','2027-07-10 00:00:00','libre'),('It Follows wbu','Camp Nou','jubilado','Balcón 29','Grada Norte','2026-07-09 00:00:00','libre'),('It Follows wbu','Camp Nou','jubilado','Balcón 29','Grada Norte','2027-07-10 00:00:00','libre'),('It Follows wbu','Camp Nou','jubilado','Balcón 3','Grada Azul Zona','2026-07-09 00:00:00','libre'),('It Follows wbu','Camp Nou','jubilado','Balcón 3','Grada Azul Zona','2027-07-10 00:00:00','libre'),('It Follows wbu','Camp Nou','jubilado','Balcón 3','Grada Norte','2026-07-09 00:00:00','libre'),('It Follows wbu','Camp Nou','jubilado','Balcón 3','Grada Norte','2027-07-10 00:00:00','libre'),('It Follows wbu','Camp Nou','jubilado','Balcón 32','Grada Norte','2026-07-09 00:00:00','libre'),('It Follows wbu','Camp Nou','jubilado','Balcón 32','Grada Norte','2027-07-10 00:00:00','libre'),('It Follows wbu','Camp Nou','jubilado','Balcón 39','Grada Norte','2026-07-09 00:00:00','libre'),('It Follows wbu','Camp Nou','jubilado','Balcón 39','Grada Norte','2027-07-10 00:00:00','libre'),('It Follows wbu','Camp Nou','jubilado','Balcón 4','Grada Norte','2026-07-09 00:00:00','libre'),('It Follows wbu','Camp Nou','jubilado','Balcón 4','Grada Norte','2027-07-10 00:00:00','libre'),('It Follows wbu','Camp Nou','jubilado','Balcón 49','Grada Norte','2026-07-09 00:00:00','libre'),('It Follows wbu','Camp Nou','jubilado','Balcón 49','Grada Norte','2027-07-10 00:00:00','libre'),('It Follows wbu','Camp Nou','jubilado','Balcón 59','Grada Norte','2026-07-09 00:00:00','libre'),('It Follows wbu','Camp Nou','jubilado','Balcón 59','Grada Norte','2027-07-10 00:00:00','libre'),('It Follows wbu','Camp Nou','jubilado','Balcón 60','Grada Norte','2026-07-09 00:00:00','libre'),('It Follows wbu','Camp Nou','jubilado','Balcón 60','Grada Norte','2027-07-10 00:00:00','libre'),('It Follows wbu','Camp Nou','jubilado','Balcón 65','Grada Norte','2026-07-09 00:00:00','libre'),('It Follows wbu','Camp Nou','jubilado','Balcón 65','Grada Norte','2027-07-10 00:00:00','libre'),('It Follows wbu','Camp Nou','jubilado','Balcón 7','Grada Azul Zona','2026-07-09 00:00:00','libre'),('It Follows wbu','Camp Nou','jubilado','Balcón 7','Grada Azul Zona','2027-07-10 00:00:00','libre'),('It Follows wbu','Camp Nou','jubilado','Balcón 71','Grada Norte','2026-07-09 00:00:00','libre'),('It Follows wbu','Camp Nou','jubilado','Balcón 71','Grada Norte','2027-07-10 00:00:00','libre'),('It Follows wbu','Camp Nou','jubilado','Balcón 72','Grada Norte','2026-07-09 00:00:00','libre'),('It Follows wbu','Camp Nou','jubilado','Balcón 72','Grada Norte','2027-07-10 00:00:00','libre'),('It Follows wbu','Camp Nou','jubilado','Balcón 76','Grada Norte','2026-07-09 00:00:00','libre'),('It Follows wbu','Camp Nou','jubilado','Balcón 76','Grada Norte','2027-07-10 00:00:00','libre'),('It Follows wbu','Camp Nou','jubilado','Balcón 8','Grada Blanca Tribuna','2026-07-09 00:00:00','libre'),('It Follows wbu','Camp Nou','jubilado','Balcón 8','Grada Blanca Tribuna','2027-07-10 00:00:00','libre'),('It Follows wbu','Camp Nou','jubilado','Balcón 81','Grada Norte','2026-07-09 00:00:00','libre'),('It Follows wbu','Camp Nou','jubilado','Balcón 81','Grada Norte','2027-07-10 00:00:00','libre'),('It Follows wbu','Camp Nou','jubilado','Balcón 83','Grada Norte','2026-07-09 00:00:00','libre'),('It Follows wbu','Camp Nou','jubilado','Balcón 83','Grada Norte','2027-07-10 00:00:00','libre'),('It Follows wbu','Camp Nou','jubilado','Balcón 89','Grada Norte','2026-07-09 00:00:00','libre'),('It Follows wbu','Camp Nou','jubilado','Balcón 89','Grada Norte','2027-07-10 00:00:00','libre'),('It Follows wbu','Camp Nou','jubilado','Balcón 97','Grada Norte','2026-07-09 00:00:00','libre'),('It Follows wbu','Camp Nou','jubilado','Balcón 97','Grada Norte','2027-07-10 00:00:00','libre'),('It Follows wbu','Camp Nou','jubilado','Butaca 11','Grada Norte','2026-07-09 00:00:00','libre'),('It Follows wbu','Camp Nou','jubilado','Butaca 11','Grada Norte','2027-07-10 00:00:00','libre'),('It Follows wbu','Camp Nou','jubilado','Butaca 12','Grada Norte','2026-07-09 00:00:00','libre'),('It Follows wbu','Camp Nou','jubilado','Butaca 12','Grada Norte','2027-07-10 00:00:00','libre'),('It Follows wbu','Camp Nou','jubilado','Butaca 13','Grada Norte','2026-07-09 00:00:00','libre'),('It Follows wbu','Camp Nou','jubilado','Butaca 13','Grada Norte','2027-07-10 00:00:00','libre'),('It Follows wbu','Camp Nou','jubilado','Butaca 2','Grada Blanca Tribuna','2026-07-09 00:00:00','libre'),('It Follows wbu','Camp Nou','jubilado','Butaca 2','Grada Blanca Tribuna','2027-07-10 00:00:00','libre'),('It Follows wbu','Camp Nou','jubilado','Butaca 22','Grada Norte','2026-07-09 00:00:00','libre'),('It Follows wbu','Camp Nou','jubilado','Butaca 22','Grada Norte','2027-07-10 00:00:00','libre'),('It Follows wbu','Camp Nou','jubilado','Butaca 27','Grada Norte','2026-07-09 00:00:00','libre'),('It Follows wbu','Camp Nou','jubilado','Butaca 27','Grada Norte','2027-07-10 00:00:00','libre'),('It Follows wbu','Camp Nou','jubilado','Butaca 28','Grada Norte','2026-07-09 00:00:00','libre'),('It Follows wbu','Camp Nou','jubilado','Butaca 28','Grada Norte','2027-07-10 00:00:00','libre'),('It Follows wbu','Camp Nou','jubilado','Butaca 30','Grada Norte','2026-07-09 00:00:00','libre'),('It Follows wbu','Camp Nou','jubilado','Butaca 30','Grada Norte','2027-07-10 00:00:00','libre'),('It Follows wbu','Camp Nou','jubilado','Butaca 33','Grada Norte','2026-07-09 00:00:00','libre'),('It Follows wbu','Camp Nou','jubilado','Butaca 33','Grada Norte','2027-07-10 00:00:00','libre'),('It Follows wbu','Camp Nou','jubilado','Butaca 35','Grada Norte','2026-07-09 00:00:00','libre'),('It Follows wbu','Camp Nou','jubilado','Butaca 35','Grada Norte','2027-07-10 00:00:00','libre'),('It Follows wbu','Camp Nou','jubilado','Butaca 37','Grada Norte','2026-07-09 00:00:00','libre'),('It Follows wbu','Camp Nou','jubilado','Butaca 37','Grada Norte','2027-07-10 00:00:00','libre'),('It Follows wbu','Camp Nou','jubilado','Butaca 4','Grada Blanca Tribuna','2026-07-09 00:00:00','libre'),('It Follows wbu','Camp Nou','jubilado','Butaca 4','Grada Blanca Tribuna','2027-07-10 00:00:00','libre'),('It Follows wbu','Camp Nou','jubilado','Butaca 40','Grada Norte','2026-07-09 00:00:00','libre'),('It Follows wbu','Camp Nou','jubilado','Butaca 40','Grada Norte','2027-07-10 00:00:00','libre'),('It Follows wbu','Camp Nou','jubilado','Butaca 43','Grada Norte','2026-07-09 00:00:00','libre'),('It Follows wbu','Camp Nou','jubilado','Butaca 43','Grada Norte','2027-07-10 00:00:00','libre'),('It Follows wbu','Camp Nou','jubilado','Butaca 48','Grada Norte','2026-07-09 00:00:00','libre'),('It Follows wbu','Camp Nou','jubilado','Butaca 48','Grada Norte','2027-07-10 00:00:00','libre'),('It Follows wbu','Camp Nou','jubilado','Butaca 50','Grada Norte','2026-07-09 00:00:00','libre'),('It Follows wbu','Camp Nou','jubilado','Butaca 50','Grada Norte','2027-07-10 00:00:00','libre'),('It Follows wbu','Camp Nou','jubilado','Butaca 53','Grada Norte','2026-07-09 00:00:00','libre'),('It Follows wbu','Camp Nou','jubilado','Butaca 53','Grada Norte','2027-07-10 00:00:00','libre'),('It Follows wbu','Camp Nou','jubilado','Butaca 57','Grada Norte','2026-07-09 00:00:00','libre'),('It Follows wbu','Camp Nou','jubilado','Butaca 57','Grada Norte','2027-07-10 00:00:00','libre'),('It Follows wbu','Camp Nou','jubilado','Butaca 6','Grada Blanca Tribuna','2026-07-09 00:00:00','libre'),('It Follows wbu','Camp Nou','jubilado','Butaca 6','Grada Blanca Tribuna','2027-07-10 00:00:00','libre'),('It Follows wbu','Camp Nou','jubilado','Butaca 7','Grada Norte','2026-07-09 00:00:00','libre'),('It Follows wbu','Camp Nou','jubilado','Butaca 7','Grada Norte','2027-07-10 00:00:00','libre'),('It Follows wbu','Camp Nou','jubilado','Butaca 78','Grada Norte','2026-07-09 00:00:00','libre'),('It Follows wbu','Camp Nou','jubilado','Butaca 78','Grada Norte','2027-07-10 00:00:00','libre'),('It Follows wbu','Camp Nou','jubilado','Butaca 8','Grada Norte','2026-07-09 00:00:00','libre'),('It Follows wbu','Camp Nou','jubilado','Butaca 8','Grada Norte','2027-07-10 00:00:00','libre'),('It Follows wbu','Camp Nou','jubilado','Butaca 82','Grada Norte','2026-07-09 00:00:00','libre'),('It Follows wbu','Camp Nou','jubilado','Butaca 82','Grada Norte','2027-07-10 00:00:00','libre'),('It Follows wbu','Camp Nou','jubilado','Butaca 84','Grada Norte','2026-07-09 00:00:00','libre'),('It Follows wbu','Camp Nou','jubilado','Butaca 84','Grada Norte','2027-07-10 00:00:00','libre'),('It Follows wbu','Camp Nou','jubilado','Butaca 86','Grada Norte','2026-07-09 00:00:00','libre'),('It Follows wbu','Camp Nou','jubilado','Butaca 86','Grada Norte','2027-07-10 00:00:00','libre'),('It Follows wbu','Camp Nou','jubilado','Butaca 87','Grada Norte','2026-07-09 00:00:00','libre'),('It Follows wbu','Camp Nou','jubilado','Butaca 87','Grada Norte','2027-07-10 00:00:00','libre'),('It Follows wbu','Camp Nou','jubilado','Butaca 9','Grada Blanca Tribuna','2026-07-09 00:00:00','libre'),('It Follows wbu','Camp Nou','jubilado','Butaca 9','Grada Blanca Tribuna','2027-07-10 00:00:00','libre'),('It Follows wbu','Camp Nou','jubilado','Butaca 91','Grada Norte','2026-07-09 00:00:00','libre'),('It Follows wbu','Camp Nou','jubilado','Butaca 91','Grada Norte','2027-07-10 00:00:00','libre'),('It Follows wbu','Camp Nou','jubilado','Butaca 92','Grada Norte','2026-07-09 00:00:00','libre'),('It Follows wbu','Camp Nou','jubilado','Butaca 92','Grada Norte','2027-07-10 00:00:00','libre'),('It Follows wbu','Camp Nou','jubilado','Butaca 95','Grada Norte','2026-07-09 00:00:00','libre'),('It Follows wbu','Camp Nou','jubilado','Butaca 95','Grada Norte','2027-07-10 00:00:00','libre'),('It Follows wbu','Camp Nou','jubilado','Butaca 98','Grada Norte','2026-07-09 00:00:00','libre'),('It Follows wbu','Camp Nou','jubilado','Butaca 98','Grada Norte','2027-07-10 00:00:00','libre'),('It Follows wbu','Camp Nou','jubilado','Butaca 99','Grada Norte','2026-07-09 00:00:00','libre'),('It Follows wbu','Camp Nou','jubilado','Butaca 99','Grada Norte','2027-07-10 00:00:00','libre'),('It Follows wbu','Camp Nou','jubilado','Suelo 1','Grada Blanca Tribuna','2026-07-09 00:00:00','libre'),('It Follows wbu','Camp Nou','jubilado','Suelo 1','Grada Blanca Tribuna','2027-07-10 00:00:00','libre'),('It Follows wbu','Camp Nou','jubilado','Suelo 17','Grada Norte','2026-07-09 00:00:00','libre'),('It Follows wbu','Camp Nou','jubilado','Suelo 17','Grada Norte','2027-07-10 00:00:00','libre'),('It Follows wbu','Camp Nou','jubilado','Suelo 2','Grada Azul Zona','2026-07-09 00:00:00','libre'),('It Follows wbu','Camp Nou','jubilado','Suelo 2','Grada Azul Zona','2027-07-10 00:00:00','libre'),('It Follows wbu','Camp Nou','jubilado','Suelo 21','Grada Norte','2026-07-09 00:00:00','libre'),('It Follows wbu','Camp Nou','jubilado','Suelo 21','Grada Norte','2027-07-10 00:00:00','libre'),('It Follows wbu','Camp Nou','jubilado','Suelo 23','Grada Norte','2026-07-09 00:00:00','libre'),('It Follows wbu','Camp Nou','jubilado','Suelo 23','Grada Norte','2027-07-10 00:00:00','libre'),('It Follows wbu','Camp Nou','jubilado','Suelo 24','Grada Norte','2026-07-09 00:00:00','libre'),('It Follows wbu','Camp Nou','jubilado','Suelo 24','Grada Norte','2027-07-10 00:00:00','libre'),('It Follows wbu','Camp Nou','jubilado','Suelo 25','Grada Norte','2026-07-09 00:00:00','libre'),('It Follows wbu','Camp Nou','jubilado','Suelo 25','Grada Norte','2027-07-10 00:00:00','libre'),('It Follows wbu','Camp Nou','jubilado','Suelo 31','Grada Norte','2026-07-09 00:00:00','libre'),('It Follows wbu','Camp Nou','jubilado','Suelo 31','Grada Norte','2027-07-10 00:00:00','libre'),('It Follows wbu','Camp Nou','jubilado','Suelo 41','Grada Norte','2026-07-09 00:00:00','libre'),('It Follows wbu','Camp Nou','jubilado','Suelo 41','Grada Norte','2027-07-10 00:00:00','libre'),('It Follows wbu','Camp Nou','jubilado','Suelo 42','Grada Norte','2026-07-09 00:00:00','libre'),('It Follows wbu','Camp Nou','jubilado','Suelo 42','Grada Norte','2027-07-10 00:00:00','libre'),('It Follows wbu','Camp Nou','jubilado','Suelo 44','Grada Norte','2026-07-09 00:00:00','libre'),('It Follows wbu','Camp Nou','jubilado','Suelo 44','Grada Norte','2027-07-10 00:00:00','libre'),('It Follows wbu','Camp Nou','jubilado','Suelo 46','Grada Norte','2026-07-09 00:00:00','libre'),('It Follows wbu','Camp Nou','jubilado','Suelo 46','Grada Norte','2027-07-10 00:00:00','libre'),('It Follows wbu','Camp Nou','jubilado','Suelo 47','Grada Norte','2026-07-09 00:00:00','libre'),('It Follows wbu','Camp Nou','jubilado','Suelo 47','Grada Norte','2027-07-10 00:00:00','libre'),('It Follows wbu','Camp Nou','jubilado','Suelo 5','Grada Blanca Tribuna','2026-07-09 00:00:00','libre'),('It Follows wbu','Camp Nou','jubilado','Suelo 5','Grada Blanca Tribuna','2027-07-10 00:00:00','libre'),('It Follows wbu','Camp Nou','jubilado','Suelo 5','Grada Norte','2026-07-09 00:00:00','libre'),('It Follows wbu','Camp Nou','jubilado','Suelo 5','Grada Norte','2027-07-10 00:00:00','libre'),('It Follows wbu','Camp Nou','jubilado','Suelo 54','Grada Norte','2026-07-09 00:00:00','libre'),('It Follows wbu','Camp Nou','jubilado','Suelo 54','Grada Norte','2027-07-10 00:00:00','libre'),('It Follows wbu','Camp Nou','jubilado','Suelo 56','Grada Norte','2026-07-09 00:00:00','libre'),('It Follows wbu','Camp Nou','jubilado','Suelo 56','Grada Norte','2027-07-10 00:00:00','libre'),('It Follows wbu','Camp Nou','jubilado','Suelo 6','Grada Azul Zona','2026-07-09 00:00:00','libre'),('It Follows wbu','Camp Nou','jubilado','Suelo 6','Grada Azul Zona','2027-07-10 00:00:00','libre'),('It Follows wbu','Camp Nou','jubilado','Suelo 61','Grada Norte','2026-07-09 00:00:00','libre'),('It Follows wbu','Camp Nou','jubilado','Suelo 61','Grada Norte','2027-07-10 00:00:00','libre'),('It Follows wbu','Camp Nou','jubilado','Suelo 62','Grada Norte','2026-07-09 00:00:00','libre'),('It Follows wbu','Camp Nou','jubilado','Suelo 62','Grada Norte','2027-07-10 00:00:00','libre'),('It Follows wbu','Camp Nou','jubilado','Suelo 63','Grada Norte','2026-07-09 00:00:00','libre'),('It Follows wbu','Camp Nou','jubilado','Suelo 63','Grada Norte','2027-07-10 00:00:00','libre'),('It Follows wbu','Camp Nou','jubilado','Suelo 64','Grada Norte','2026-07-09 00:00:00','libre'),('It Follows wbu','Camp Nou','jubilado','Suelo 64','Grada Norte','2027-07-10 00:00:00','libre'),('It Follows wbu','Camp Nou','jubilado','Suelo 67','Grada Norte','2026-07-09 00:00:00','libre'),('It Follows wbu','Camp Nou','jubilado','Suelo 67','Grada Norte','2027-07-10 00:00:00','libre'),('It Follows wbu','Camp Nou','jubilado','Suelo 70','Grada Norte','2026-07-09 00:00:00','libre'),('It Follows wbu','Camp Nou','jubilado','Suelo 70','Grada Norte','2027-07-10 00:00:00','libre'),('It Follows wbu','Camp Nou','jubilado','Suelo 73','Grada Norte','2026-07-09 00:00:00','libre'),('It Follows wbu','Camp Nou','jubilado','Suelo 73','Grada Norte','2027-07-10 00:00:00','libre'),('It Follows wbu','Camp Nou','jubilado','Suelo 74','Grada Norte','2026-07-09 00:00:00','libre'),('It Follows wbu','Camp Nou','jubilado','Suelo 74','Grada Norte','2027-07-10 00:00:00','libre'),('It Follows wbu','Camp Nou','jubilado','Suelo 75','Grada Norte','2026-07-09 00:00:00','libre'),('It Follows wbu','Camp Nou','jubilado','Suelo 75','Grada Norte','2027-07-10 00:00:00','libre'),('It Follows wbu','Camp Nou','jubilado','Suelo 79','Grada Norte','2026-07-09 00:00:00','libre'),('It Follows wbu','Camp Nou','jubilado','Suelo 79','Grada Norte','2027-07-10 00:00:00','libre'),('It Follows wbu','Camp Nou','jubilado','Suelo 80','Grada Norte','2026-07-09 00:00:00','libre'),('It Follows wbu','Camp Nou','jubilado','Suelo 80','Grada Norte','2027-07-10 00:00:00','libre'),('It Follows wbu','Camp Nou','jubilado','Suelo 85','Grada Norte','2026-07-09 00:00:00','libre'),('It Follows wbu','Camp Nou','jubilado','Suelo 85','Grada Norte','2027-07-10 00:00:00','libre'),('It Follows wbu','Camp Nou','jubilado','Suelo 88','Grada Norte','2026-07-09 00:00:00','libre'),('It Follows wbu','Camp Nou','jubilado','Suelo 88','Grada Norte','2027-07-10 00:00:00','libre'),('It Follows wbu','Camp Nou','jubilado','Suelo 93','Grada Norte','2026-07-09 00:00:00','libre'),('It Follows wbu','Camp Nou','jubilado','Suelo 93','Grada Norte','2027-07-10 00:00:00','libre'),('It Follows wbu','Camp Nou','jubilado','Suelo 94','Grada Norte','2026-07-09 00:00:00','libre'),('It Follows wbu','Camp Nou','jubilado','Suelo 94','Grada Norte','2027-07-10 00:00:00','libre'),('It Follows wbu','Camp Nou','parado','Asiento 1','Grada Norte','2026-07-09 00:00:00','libre'),('It Follows wbu','Camp Nou','parado','Asiento 1','Grada Norte','2027-07-10 00:00:00','libre'),('It Follows wbu','Camp Nou','parado','Asiento 18','Grada Norte','2026-07-09 00:00:00','libre'),('It Follows wbu','Camp Nou','parado','Asiento 18','Grada Norte','2027-07-10 00:00:00','libre'),('It Follows wbu','Camp Nou','parado','Asiento 19','Grada Norte','2026-07-09 00:00:00','libre'),('It Follows wbu','Camp Nou','parado','Asiento 19','Grada Norte','2027-07-10 00:00:00','libre'),('It Follows wbu','Camp Nou','parado','Asiento 26','Grada Norte','2026-07-09 00:00:00','libre'),('It Follows wbu','Camp Nou','parado','Asiento 26','Grada Norte','2027-07-10 00:00:00','libre'),('It Follows wbu','Camp Nou','parado','Asiento 3','Grada Blanca Tribuna','2026-07-09 00:00:00','libre'),('It Follows wbu','Camp Nou','parado','Asiento 3','Grada Blanca Tribuna','2027-07-10 00:00:00','libre'),('It Follows wbu','Camp Nou','parado','Asiento 34','Grada Norte','2026-07-09 00:00:00','libre'),('It Follows wbu','Camp Nou','parado','Asiento 34','Grada Norte','2027-07-10 00:00:00','libre'),('It Follows wbu','Camp Nou','parado','Asiento 36','Grada Norte','2026-07-09 00:00:00','libre'),('It Follows wbu','Camp Nou','parado','Asiento 36','Grada Norte','2027-07-10 00:00:00','libre'),('It Follows wbu','Camp Nou','parado','Asiento 38','Grada Norte','2026-07-09 00:00:00','libre'),('It Follows wbu','Camp Nou','parado','Asiento 38','Grada Norte','2027-07-10 00:00:00','libre'),('It Follows wbu','Camp Nou','parado','Asiento 4','Grada Azul Zona','2026-07-09 00:00:00','libre'),('It Follows wbu','Camp Nou','parado','Asiento 4','Grada Azul Zona','2027-07-10 00:00:00','libre'),('It Follows wbu','Camp Nou','parado','Asiento 45','Grada Norte','2026-07-09 00:00:00','libre'),('It Follows wbu','Camp Nou','parado','Asiento 45','Grada Norte','2027-07-10 00:00:00','libre'),('It Follows wbu','Camp Nou','parado','Asiento 5','Grada Azul Zona','2026-07-09 00:00:00','libre'),('It Follows wbu','Camp Nou','parado','Asiento 5','Grada Azul Zona','2027-07-10 00:00:00','libre'),('It Follows wbu','Camp Nou','parado','Asiento 51','Grada Norte','2026-07-09 00:00:00','libre'),('It Follows wbu','Camp Nou','parado','Asiento 51','Grada Norte','2027-07-10 00:00:00','libre'),('It Follows wbu','Camp Nou','parado','Asiento 52','Grada Norte','2026-07-09 00:00:00','libre'),('It Follows wbu','Camp Nou','parado','Asiento 52','Grada Norte','2027-07-10 00:00:00','libre'),('It Follows wbu','Camp Nou','parado','Asiento 55','Grada Norte','2026-07-09 00:00:00','libre'),('It Follows wbu','Camp Nou','parado','Asiento 55','Grada Norte','2027-07-10 00:00:00','libre'),('It Follows wbu','Camp Nou','parado','Asiento 58','Grada Norte','2026-07-09 00:00:00','libre'),('It Follows wbu','Camp Nou','parado','Asiento 58','Grada Norte','2027-07-10 00:00:00','libre'),('It Follows wbu','Camp Nou','parado','Asiento 6','Grada Norte','2026-07-09 00:00:00','libre'),('It Follows wbu','Camp Nou','parado','Asiento 6','Grada Norte','2027-07-10 00:00:00','libre'),('It Follows wbu','Camp Nou','parado','Asiento 66','Grada Norte','2026-07-09 00:00:00','libre'),('It Follows wbu','Camp Nou','parado','Asiento 66','Grada Norte','2027-07-10 00:00:00','libre'),('It Follows wbu','Camp Nou','parado','Asiento 68','Grada Norte','2026-07-09 00:00:00','libre'),('It Follows wbu','Camp Nou','parado','Asiento 68','Grada Norte','2027-07-10 00:00:00','libre'),('It Follows wbu','Camp Nou','parado','Asiento 69','Grada Norte','2026-07-09 00:00:00','libre'),('It Follows wbu','Camp Nou','parado','Asiento 69','Grada Norte','2027-07-10 00:00:00','libre'),('It Follows wbu','Camp Nou','parado','Asiento 7','Grada Blanca Tribuna','2026-07-09 00:00:00','libre'),('It Follows wbu','Camp Nou','parado','Asiento 7','Grada Blanca Tribuna','2027-07-10 00:00:00','libre'),('It Follows wbu','Camp Nou','parado','Asiento 77','Grada Norte','2026-07-09 00:00:00','libre'),('It Follows wbu','Camp Nou','parado','Asiento 77','Grada Norte','2027-07-10 00:00:00','libre'),('It Follows wbu','Camp Nou','parado','Asiento 9','Grada Norte','2026-07-09 00:00:00','libre'),('It Follows wbu','Camp Nou','parado','Asiento 9','Grada Norte','2027-07-10 00:00:00','libre'),('It Follows wbu','Camp Nou','parado','Asiento 90','Grada Norte','2026-07-09 00:00:00','libre'),('It Follows wbu','Camp Nou','parado','Asiento 90','Grada Norte','2027-07-10 00:00:00','libre'),('It Follows wbu','Camp Nou','parado','Asiento 96','Grada Norte','2026-07-09 00:00:00','libre'),('It Follows wbu','Camp Nou','parado','Asiento 96','Grada Norte','2027-07-10 00:00:00','libre'),('It Follows wbu','Camp Nou','parado','Balcón 1','Grada Azul Zona','2026-07-09 00:00:00','libre'),('It Follows wbu','Camp Nou','parado','Balcón 1','Grada Azul Zona','2027-07-10 00:00:00','libre'),('It Follows wbu','Camp Nou','parado','Balcón 10','Grada Blanca Tribuna','2026-07-09 00:00:00','libre'),('It Follows wbu','Camp Nou','parado','Balcón 10','Grada Blanca Tribuna','2027-07-10 00:00:00','libre'),('It Follows wbu','Camp Nou','parado','Balcón 10','Grada Norte','2026-07-09 00:00:00','libre'),('It Follows wbu','Camp Nou','parado','Balcón 10','Grada Norte','2027-07-10 00:00:00','libre'),('It Follows wbu','Camp Nou','parado','Balcón 100','Grada Norte','2026-07-09 00:00:00','libre'),('It Follows wbu','Camp Nou','parado','Balcón 100','Grada Norte','2027-07-10 00:00:00','libre'),('It Follows wbu','Camp Nou','parado','Balcón 14','Grada Norte','2026-07-09 00:00:00','libre'),('It Follows wbu','Camp Nou','parado','Balcón 14','Grada Norte','2027-07-10 00:00:00','libre'),('It Follows wbu','Camp Nou','parado','Balcón 15','Grada Norte','2026-07-09 00:00:00','libre'),('It Follows wbu','Camp Nou','parado','Balcón 15','Grada Norte','2027-07-10 00:00:00','libre'),('It Follows wbu','Camp Nou','parado','Balcón 16','Grada Norte','2026-07-09 00:00:00','libre'),('It Follows wbu','Camp Nou','parado','Balcón 16','Grada Norte','2027-07-10 00:00:00','libre'),('It Follows wbu','Camp Nou','parado','Balcón 2','Grada Norte','2026-07-09 00:00:00','libre'),('It Follows wbu','Camp Nou','parado','Balcón 2','Grada Norte','2027-07-10 00:00:00','libre'),('It Follows wbu','Camp Nou','parado','Balcón 20','Grada Norte','2026-07-09 00:00:00','libre'),('It Follows wbu','Camp Nou','parado','Balcón 20','Grada Norte','2027-07-10 00:00:00','libre'),('It Follows wbu','Camp Nou','parado','Balcón 29','Grada Norte','2026-07-09 00:00:00','libre'),('It Follows wbu','Camp Nou','parado','Balcón 29','Grada Norte','2027-07-10 00:00:00','libre'),('It Follows wbu','Camp Nou','parado','Balcón 3','Grada Azul Zona','2026-07-09 00:00:00','libre'),('It Follows wbu','Camp Nou','parado','Balcón 3','Grada Azul Zona','2027-07-10 00:00:00','libre'),('It Follows wbu','Camp Nou','parado','Balcón 3','Grada Norte','2026-07-09 00:00:00','libre'),('It Follows wbu','Camp Nou','parado','Balcón 3','Grada Norte','2027-07-10 00:00:00','libre'),('It Follows wbu','Camp Nou','parado','Balcón 32','Grada Norte','2026-07-09 00:00:00','libre'),('It Follows wbu','Camp Nou','parado','Balcón 32','Grada Norte','2027-07-10 00:00:00','libre'),('It Follows wbu','Camp Nou','parado','Balcón 39','Grada Norte','2026-07-09 00:00:00','libre'),('It Follows wbu','Camp Nou','parado','Balcón 39','Grada Norte','2027-07-10 00:00:00','libre'),('It Follows wbu','Camp Nou','parado','Balcón 4','Grada Norte','2026-07-09 00:00:00','libre'),('It Follows wbu','Camp Nou','parado','Balcón 4','Grada Norte','2027-07-10 00:00:00','libre'),('It Follows wbu','Camp Nou','parado','Balcón 49','Grada Norte','2026-07-09 00:00:00','libre'),('It Follows wbu','Camp Nou','parado','Balcón 49','Grada Norte','2027-07-10 00:00:00','libre'),('It Follows wbu','Camp Nou','parado','Balcón 59','Grada Norte','2026-07-09 00:00:00','libre'),('It Follows wbu','Camp Nou','parado','Balcón 59','Grada Norte','2027-07-10 00:00:00','libre'),('It Follows wbu','Camp Nou','parado','Balcón 60','Grada Norte','2026-07-09 00:00:00','libre'),('It Follows wbu','Camp Nou','parado','Balcón 60','Grada Norte','2027-07-10 00:00:00','libre'),('It Follows wbu','Camp Nou','parado','Balcón 65','Grada Norte','2026-07-09 00:00:00','libre'),('It Follows wbu','Camp Nou','parado','Balcón 65','Grada Norte','2027-07-10 00:00:00','libre'),('It Follows wbu','Camp Nou','parado','Balcón 7','Grada Azul Zona','2026-07-09 00:00:00','libre'),('It Follows wbu','Camp Nou','parado','Balcón 7','Grada Azul Zona','2027-07-10 00:00:00','libre'),('It Follows wbu','Camp Nou','parado','Balcón 71','Grada Norte','2026-07-09 00:00:00','libre'),('It Follows wbu','Camp Nou','parado','Balcón 71','Grada Norte','2027-07-10 00:00:00','libre'),('It Follows wbu','Camp Nou','parado','Balcón 72','Grada Norte','2026-07-09 00:00:00','libre'),('It Follows wbu','Camp Nou','parado','Balcón 72','Grada Norte','2027-07-10 00:00:00','libre'),('It Follows wbu','Camp Nou','parado','Balcón 76','Grada Norte','2026-07-09 00:00:00','libre'),('It Follows wbu','Camp Nou','parado','Balcón 76','Grada Norte','2027-07-10 00:00:00','libre'),('It Follows wbu','Camp Nou','parado','Balcón 8','Grada Blanca Tribuna','2026-07-09 00:00:00','libre'),('It Follows wbu','Camp Nou','parado','Balcón 8','Grada Blanca Tribuna','2027-07-10 00:00:00','libre'),('It Follows wbu','Camp Nou','parado','Balcón 81','Grada Norte','2026-07-09 00:00:00','libre'),('It Follows wbu','Camp Nou','parado','Balcón 81','Grada Norte','2027-07-10 00:00:00','libre'),('It Follows wbu','Camp Nou','parado','Balcón 83','Grada Norte','2026-07-09 00:00:00','libre'),('It Follows wbu','Camp Nou','parado','Balcón 83','Grada Norte','2027-07-10 00:00:00','libre'),('It Follows wbu','Camp Nou','parado','Balcón 89','Grada Norte','2026-07-09 00:00:00','libre'),('It Follows wbu','Camp Nou','parado','Balcón 89','Grada Norte','2027-07-10 00:00:00','libre'),('It Follows wbu','Camp Nou','parado','Balcón 97','Grada Norte','2026-07-09 00:00:00','libre'),('It Follows wbu','Camp Nou','parado','Balcón 97','Grada Norte','2027-07-10 00:00:00','libre'),('It Follows wbu','Camp Nou','parado','Butaca 11','Grada Norte','2026-07-09 00:00:00','libre'),('It Follows wbu','Camp Nou','parado','Butaca 11','Grada Norte','2027-07-10 00:00:00','libre'),('It Follows wbu','Camp Nou','parado','Butaca 12','Grada Norte','2026-07-09 00:00:00','libre'),('It Follows wbu','Camp Nou','parado','Butaca 12','Grada Norte','2027-07-10 00:00:00','libre'),('It Follows wbu','Camp Nou','parado','Butaca 13','Grada Norte','2026-07-09 00:00:00','libre'),('It Follows wbu','Camp Nou','parado','Butaca 13','Grada Norte','2027-07-10 00:00:00','libre'),('It Follows wbu','Camp Nou','parado','Butaca 2','Grada Blanca Tribuna','2026-07-09 00:00:00','libre'),('It Follows wbu','Camp Nou','parado','Butaca 2','Grada Blanca Tribuna','2027-07-10 00:00:00','libre'),('It Follows wbu','Camp Nou','parado','Butaca 22','Grada Norte','2026-07-09 00:00:00','libre'),('It Follows wbu','Camp Nou','parado','Butaca 22','Grada Norte','2027-07-10 00:00:00','libre'),('It Follows wbu','Camp Nou','parado','Butaca 27','Grada Norte','2026-07-09 00:00:00','libre'),('It Follows wbu','Camp Nou','parado','Butaca 27','Grada Norte','2027-07-10 00:00:00','libre'),('It Follows wbu','Camp Nou','parado','Butaca 28','Grada Norte','2026-07-09 00:00:00','libre'),('It Follows wbu','Camp Nou','parado','Butaca 28','Grada Norte','2027-07-10 00:00:00','libre'),('It Follows wbu','Camp Nou','parado','Butaca 30','Grada Norte','2026-07-09 00:00:00','libre'),('It Follows wbu','Camp Nou','parado','Butaca 30','Grada Norte','2027-07-10 00:00:00','libre'),('It Follows wbu','Camp Nou','parado','Butaca 33','Grada Norte','2026-07-09 00:00:00','libre'),('It Follows wbu','Camp Nou','parado','Butaca 33','Grada Norte','2027-07-10 00:00:00','libre'),('It Follows wbu','Camp Nou','parado','Butaca 35','Grada Norte','2026-07-09 00:00:00','libre'),('It Follows wbu','Camp Nou','parado','Butaca 35','Grada Norte','2027-07-10 00:00:00','libre'),('It Follows wbu','Camp Nou','parado','Butaca 37','Grada Norte','2026-07-09 00:00:00','libre'),('It Follows wbu','Camp Nou','parado','Butaca 37','Grada Norte','2027-07-10 00:00:00','libre'),('It Follows wbu','Camp Nou','parado','Butaca 4','Grada Blanca Tribuna','2026-07-09 00:00:00','libre'),('It Follows wbu','Camp Nou','parado','Butaca 4','Grada Blanca Tribuna','2027-07-10 00:00:00','libre'),('It Follows wbu','Camp Nou','parado','Butaca 40','Grada Norte','2026-07-09 00:00:00','libre'),('It Follows wbu','Camp Nou','parado','Butaca 40','Grada Norte','2027-07-10 00:00:00','libre'),('It Follows wbu','Camp Nou','parado','Butaca 43','Grada Norte','2026-07-09 00:00:00','libre'),('It Follows wbu','Camp Nou','parado','Butaca 43','Grada Norte','2027-07-10 00:00:00','libre'),('It Follows wbu','Camp Nou','parado','Butaca 48','Grada Norte','2026-07-09 00:00:00','libre'),('It Follows wbu','Camp Nou','parado','Butaca 48','Grada Norte','2027-07-10 00:00:00','libre'),('It Follows wbu','Camp Nou','parado','Butaca 50','Grada Norte','2026-07-09 00:00:00','libre'),('It Follows wbu','Camp Nou','parado','Butaca 50','Grada Norte','2027-07-10 00:00:00','libre'),('It Follows wbu','Camp Nou','parado','Butaca 53','Grada Norte','2026-07-09 00:00:00','libre'),('It Follows wbu','Camp Nou','parado','Butaca 53','Grada Norte','2027-07-10 00:00:00','libre'),('It Follows wbu','Camp Nou','parado','Butaca 57','Grada Norte','2026-07-09 00:00:00','libre'),('It Follows wbu','Camp Nou','parado','Butaca 57','Grada Norte','2027-07-10 00:00:00','libre'),('It Follows wbu','Camp Nou','parado','Butaca 6','Grada Blanca Tribuna','2026-07-09 00:00:00','libre'),('It Follows wbu','Camp Nou','parado','Butaca 6','Grada Blanca Tribuna','2027-07-10 00:00:00','libre'),('It Follows wbu','Camp Nou','parado','Butaca 7','Grada Norte','2026-07-09 00:00:00','libre'),('It Follows wbu','Camp Nou','parado','Butaca 7','Grada Norte','2027-07-10 00:00:00','libre'),('It Follows wbu','Camp Nou','parado','Butaca 78','Grada Norte','2026-07-09 00:00:00','libre'),('It Follows wbu','Camp Nou','parado','Butaca 78','Grada Norte','2027-07-10 00:00:00','libre'),('It Follows wbu','Camp Nou','parado','Butaca 8','Grada Norte','2026-07-09 00:00:00','libre'),('It Follows wbu','Camp Nou','parado','Butaca 8','Grada Norte','2027-07-10 00:00:00','libre'),('It Follows wbu','Camp Nou','parado','Butaca 82','Grada Norte','2026-07-09 00:00:00','libre'),('It Follows wbu','Camp Nou','parado','Butaca 82','Grada Norte','2027-07-10 00:00:00','libre'),('It Follows wbu','Camp Nou','parado','Butaca 84','Grada Norte','2026-07-09 00:00:00','libre'),('It Follows wbu','Camp Nou','parado','Butaca 84','Grada Norte','2027-07-10 00:00:00','libre'),('It Follows wbu','Camp Nou','parado','Butaca 86','Grada Norte','2026-07-09 00:00:00','libre'),('It Follows wbu','Camp Nou','parado','Butaca 86','Grada Norte','2027-07-10 00:00:00','libre'),('It Follows wbu','Camp Nou','parado','Butaca 87','Grada Norte','2026-07-09 00:00:00','libre'),('It Follows wbu','Camp Nou','parado','Butaca 87','Grada Norte','2027-07-10 00:00:00','libre'),('It Follows wbu','Camp Nou','parado','Butaca 9','Grada Blanca Tribuna','2026-07-09 00:00:00','libre'),('It Follows wbu','Camp Nou','parado','Butaca 9','Grada Blanca Tribuna','2027-07-10 00:00:00','libre'),('It Follows wbu','Camp Nou','parado','Butaca 91','Grada Norte','2026-07-09 00:00:00','libre'),('It Follows wbu','Camp Nou','parado','Butaca 91','Grada Norte','2027-07-10 00:00:00','libre'),('It Follows wbu','Camp Nou','parado','Butaca 92','Grada Norte','2026-07-09 00:00:00','libre'),('It Follows wbu','Camp Nou','parado','Butaca 92','Grada Norte','2027-07-10 00:00:00','libre'),('It Follows wbu','Camp Nou','parado','Butaca 95','Grada Norte','2026-07-09 00:00:00','libre'),('It Follows wbu','Camp Nou','parado','Butaca 95','Grada Norte','2027-07-10 00:00:00','libre'),('It Follows wbu','Camp Nou','parado','Butaca 98','Grada Norte','2026-07-09 00:00:00','libre'),('It Follows wbu','Camp Nou','parado','Butaca 98','Grada Norte','2027-07-10 00:00:00','libre'),('It Follows wbu','Camp Nou','parado','Butaca 99','Grada Norte','2026-07-09 00:00:00','libre'),('It Follows wbu','Camp Nou','parado','Butaca 99','Grada Norte','2027-07-10 00:00:00','libre'),('It Follows wbu','Camp Nou','parado','Suelo 1','Grada Blanca Tribuna','2026-07-09 00:00:00','libre'),('It Follows wbu','Camp Nou','parado','Suelo 1','Grada Blanca Tribuna','2027-07-10 00:00:00','libre'),('It Follows wbu','Camp Nou','parado','Suelo 17','Grada Norte','2026-07-09 00:00:00','libre'),('It Follows wbu','Camp Nou','parado','Suelo 17','Grada Norte','2027-07-10 00:00:00','libre'),('It Follows wbu','Camp Nou','parado','Suelo 2','Grada Azul Zona','2026-07-09 00:00:00','libre'),('It Follows wbu','Camp Nou','parado','Suelo 2','Grada Azul Zona','2027-07-10 00:00:00','libre'),('It Follows wbu','Camp Nou','parado','Suelo 21','Grada Norte','2026-07-09 00:00:00','libre'),('It Follows wbu','Camp Nou','parado','Suelo 21','Grada Norte','2027-07-10 00:00:00','libre'),('It Follows wbu','Camp Nou','parado','Suelo 23','Grada Norte','2026-07-09 00:00:00','libre'),('It Follows wbu','Camp Nou','parado','Suelo 23','Grada Norte','2027-07-10 00:00:00','libre'),('It Follows wbu','Camp Nou','parado','Suelo 24','Grada Norte','2026-07-09 00:00:00','libre'),('It Follows wbu','Camp Nou','parado','Suelo 24','Grada Norte','2027-07-10 00:00:00','libre'),('It Follows wbu','Camp Nou','parado','Suelo 25','Grada Norte','2026-07-09 00:00:00','libre'),('It Follows wbu','Camp Nou','parado','Suelo 25','Grada Norte','2027-07-10 00:00:00','libre'),('It Follows wbu','Camp Nou','parado','Suelo 31','Grada Norte','2026-07-09 00:00:00','libre'),('It Follows wbu','Camp Nou','parado','Suelo 31','Grada Norte','2027-07-10 00:00:00','libre'),('It Follows wbu','Camp Nou','parado','Suelo 41','Grada Norte','2026-07-09 00:00:00','libre'),('It Follows wbu','Camp Nou','parado','Suelo 41','Grada Norte','2027-07-10 00:00:00','libre'),('It Follows wbu','Camp Nou','parado','Suelo 42','Grada Norte','2026-07-09 00:00:00','libre'),('It Follows wbu','Camp Nou','parado','Suelo 42','Grada Norte','2027-07-10 00:00:00','libre'),('It Follows wbu','Camp Nou','parado','Suelo 44','Grada Norte','2026-07-09 00:00:00','libre'),('It Follows wbu','Camp Nou','parado','Suelo 44','Grada Norte','2027-07-10 00:00:00','libre'),('It Follows wbu','Camp Nou','parado','Suelo 46','Grada Norte','2026-07-09 00:00:00','libre'),('It Follows wbu','Camp Nou','parado','Suelo 46','Grada Norte','2027-07-10 00:00:00','libre'),('It Follows wbu','Camp Nou','parado','Suelo 47','Grada Norte','2026-07-09 00:00:00','libre'),('It Follows wbu','Camp Nou','parado','Suelo 47','Grada Norte','2027-07-10 00:00:00','libre'),('It Follows wbu','Camp Nou','parado','Suelo 5','Grada Blanca Tribuna','2026-07-09 00:00:00','libre'),('It Follows wbu','Camp Nou','parado','Suelo 5','Grada Blanca Tribuna','2027-07-10 00:00:00','libre'),('It Follows wbu','Camp Nou','parado','Suelo 5','Grada Norte','2026-07-09 00:00:00','libre'),('It Follows wbu','Camp Nou','parado','Suelo 5','Grada Norte','2027-07-10 00:00:00','libre'),('It Follows wbu','Camp Nou','parado','Suelo 54','Grada Norte','2026-07-09 00:00:00','libre'),('It Follows wbu','Camp Nou','parado','Suelo 54','Grada Norte','2027-07-10 00:00:00','libre'),('It Follows wbu','Camp Nou','parado','Suelo 56','Grada Norte','2026-07-09 00:00:00','libre'),('It Follows wbu','Camp Nou','parado','Suelo 56','Grada Norte','2027-07-10 00:00:00','libre'),('It Follows wbu','Camp Nou','parado','Suelo 6','Grada Azul Zona','2026-07-09 00:00:00','libre'),('It Follows wbu','Camp Nou','parado','Suelo 6','Grada Azul Zona','2027-07-10 00:00:00','libre'),('It Follows wbu','Camp Nou','parado','Suelo 61','Grada Norte','2026-07-09 00:00:00','libre'),('It Follows wbu','Camp Nou','parado','Suelo 61','Grada Norte','2027-07-10 00:00:00','libre'),('It Follows wbu','Camp Nou','parado','Suelo 62','Grada Norte','2026-07-09 00:00:00','libre'),('It Follows wbu','Camp Nou','parado','Suelo 62','Grada Norte','2027-07-10 00:00:00','libre'),('It Follows wbu','Camp Nou','parado','Suelo 63','Grada Norte','2026-07-09 00:00:00','libre'),('It Follows wbu','Camp Nou','parado','Suelo 63','Grada Norte','2027-07-10 00:00:00','libre'),('It Follows wbu','Camp Nou','parado','Suelo 64','Grada Norte','2026-07-09 00:00:00','libre'),('It Follows wbu','Camp Nou','parado','Suelo 64','Grada Norte','2027-07-10 00:00:00','libre'),('It Follows wbu','Camp Nou','parado','Suelo 67','Grada Norte','2026-07-09 00:00:00','libre'),('It Follows wbu','Camp Nou','parado','Suelo 67','Grada Norte','2027-07-10 00:00:00','libre'),('It Follows wbu','Camp Nou','parado','Suelo 70','Grada Norte','2026-07-09 00:00:00','libre'),('It Follows wbu','Camp Nou','parado','Suelo 70','Grada Norte','2027-07-10 00:00:00','libre'),('It Follows wbu','Camp Nou','parado','Suelo 73','Grada Norte','2026-07-09 00:00:00','libre'),('It Follows wbu','Camp Nou','parado','Suelo 73','Grada Norte','2027-07-10 00:00:00','libre'),('It Follows wbu','Camp Nou','parado','Suelo 74','Grada Norte','2026-07-09 00:00:00','libre'),('It Follows wbu','Camp Nou','parado','Suelo 74','Grada Norte','2027-07-10 00:00:00','libre'),('It Follows wbu','Camp Nou','parado','Suelo 75','Grada Norte','2026-07-09 00:00:00','libre'),('It Follows wbu','Camp Nou','parado','Suelo 75','Grada Norte','2027-07-10 00:00:00','libre'),('It Follows wbu','Camp Nou','parado','Suelo 79','Grada Norte','2026-07-09 00:00:00','libre'),('It Follows wbu','Camp Nou','parado','Suelo 79','Grada Norte','2027-07-10 00:00:00','libre'),('It Follows wbu','Camp Nou','parado','Suelo 80','Grada Norte','2026-07-09 00:00:00','libre'),('It Follows wbu','Camp Nou','parado','Suelo 80','Grada Norte','2027-07-10 00:00:00','libre'),('It Follows wbu','Camp Nou','parado','Suelo 85','Grada Norte','2026-07-09 00:00:00','libre'),('It Follows wbu','Camp Nou','parado','Suelo 85','Grada Norte','2027-07-10 00:00:00','libre'),('It Follows wbu','Camp Nou','parado','Suelo 88','Grada Norte','2026-07-09 00:00:00','libre'),('It Follows wbu','Camp Nou','parado','Suelo 88','Grada Norte','2027-07-10 00:00:00','libre'),('It Follows wbu','Camp Nou','parado','Suelo 93','Grada Norte','2026-07-09 00:00:00','libre'),('It Follows wbu','Camp Nou','parado','Suelo 93','Grada Norte','2027-07-10 00:00:00','libre'),('It Follows wbu','Camp Nou','parado','Suelo 94','Grada Norte','2026-07-09 00:00:00','libre'),('It Follows wbu','Camp Nou','parado','Suelo 94','Grada Norte','2027-07-10 00:00:00','libre'),('It Follows wbu','Camp Nou','adulto','Asiento 1','Grada Norte','2026-07-09 00:00:00','libre'),('It Follows wbu','Camp Nou','adulto','Asiento 1','Grada Norte','2027-07-10 00:00:00','libre'),('It Follows wbu','Camp Nou','adulto','Asiento 18','Grada Norte','2026-07-09 00:00:00','libre'),('It Follows wbu','Camp Nou','adulto','Asiento 18','Grada Norte','2027-07-10 00:00:00','libre'),('It Follows wbu','Camp Nou','adulto','Asiento 19','Grada Norte','2026-07-09 00:00:00','libre'),('It Follows wbu','Camp Nou','adulto','Asiento 19','Grada Norte','2027-07-10 00:00:00','libre'),('It Follows wbu','Camp Nou','adulto','Asiento 26','Grada Norte','2026-07-09 00:00:00','libre'),('It Follows wbu','Camp Nou','adulto','Asiento 26','Grada Norte','2027-07-10 00:00:00','libre'),('It Follows wbu','Camp Nou','adulto','Asiento 3','Grada Blanca Tribuna','2026-07-09 00:00:00','libre'),('It Follows wbu','Camp Nou','adulto','Asiento 3','Grada Blanca Tribuna','2027-07-10 00:00:00','libre'),('It Follows wbu','Camp Nou','adulto','Asiento 34','Grada Norte','2026-07-09 00:00:00','libre'),('It Follows wbu','Camp Nou','adulto','Asiento 34','Grada Norte','2027-07-10 00:00:00','libre'),('It Follows wbu','Camp Nou','adulto','Asiento 36','Grada Norte','2026-07-09 00:00:00','libre'),('It Follows wbu','Camp Nou','adulto','Asiento 36','Grada Norte','2027-07-10 00:00:00','libre'),('It Follows wbu','Camp Nou','adulto','Asiento 38','Grada Norte','2026-07-09 00:00:00','libre'),('It Follows wbu','Camp Nou','adulto','Asiento 38','Grada Norte','2027-07-10 00:00:00','libre'),('It Follows wbu','Camp Nou','adulto','Asiento 4','Grada Azul Zona','2026-07-09 00:00:00','libre'),('It Follows wbu','Camp Nou','adulto','Asiento 4','Grada Azul Zona','2027-07-10 00:00:00','libre'),('It Follows wbu','Camp Nou','adulto','Asiento 45','Grada Norte','2026-07-09 00:00:00','libre'),('It Follows wbu','Camp Nou','adulto','Asiento 45','Grada Norte','2027-07-10 00:00:00','libre'),('It Follows wbu','Camp Nou','adulto','Asiento 5','Grada Azul Zona','2026-07-09 00:00:00','libre'),('It Follows wbu','Camp Nou','adulto','Asiento 5','Grada Azul Zona','2027-07-10 00:00:00','libre'),('It Follows wbu','Camp Nou','adulto','Asiento 51','Grada Norte','2026-07-09 00:00:00','libre'),('It Follows wbu','Camp Nou','adulto','Asiento 51','Grada Norte','2027-07-10 00:00:00','libre'),('It Follows wbu','Camp Nou','adulto','Asiento 52','Grada Norte','2026-07-09 00:00:00','libre'),('It Follows wbu','Camp Nou','adulto','Asiento 52','Grada Norte','2027-07-10 00:00:00','libre'),('It Follows wbu','Camp Nou','adulto','Asiento 55','Grada Norte','2026-07-09 00:00:00','libre'),('It Follows wbu','Camp Nou','adulto','Asiento 55','Grada Norte','2027-07-10 00:00:00','libre'),('It Follows wbu','Camp Nou','adulto','Asiento 58','Grada Norte','2026-07-09 00:00:00','libre'),('It Follows wbu','Camp Nou','adulto','Asiento 58','Grada Norte','2027-07-10 00:00:00','libre'),('It Follows wbu','Camp Nou','adulto','Asiento 6','Grada Norte','2026-07-09 00:00:00','libre'),('It Follows wbu','Camp Nou','adulto','Asiento 6','Grada Norte','2027-07-10 00:00:00','libre'),('It Follows wbu','Camp Nou','adulto','Asiento 66','Grada Norte','2026-07-09 00:00:00','libre'),('It Follows wbu','Camp Nou','adulto','Asiento 66','Grada Norte','2027-07-10 00:00:00','libre'),('It Follows wbu','Camp Nou','adulto','Asiento 68','Grada Norte','2026-07-09 00:00:00','libre'),('It Follows wbu','Camp Nou','adulto','Asiento 68','Grada Norte','2027-07-10 00:00:00','libre'),('It Follows wbu','Camp Nou','adulto','Asiento 69','Grada Norte','2026-07-09 00:00:00','libre'),('It Follows wbu','Camp Nou','adulto','Asiento 69','Grada Norte','2027-07-10 00:00:00','libre'),('It Follows wbu','Camp Nou','adulto','Asiento 7','Grada Blanca Tribuna','2026-07-09 00:00:00','libre'),('It Follows wbu','Camp Nou','adulto','Asiento 7','Grada Blanca Tribuna','2027-07-10 00:00:00','libre'),('It Follows wbu','Camp Nou','adulto','Asiento 77','Grada Norte','2026-07-09 00:00:00','libre'),('It Follows wbu','Camp Nou','adulto','Asiento 77','Grada Norte','2027-07-10 00:00:00','libre'),('It Follows wbu','Camp Nou','adulto','Asiento 9','Grada Norte','2026-07-09 00:00:00','libre'),('It Follows wbu','Camp Nou','adulto','Asiento 9','Grada Norte','2027-07-10 00:00:00','libre'),('It Follows wbu','Camp Nou','adulto','Asiento 90','Grada Norte','2026-07-09 00:00:00','libre'),('It Follows wbu','Camp Nou','adulto','Asiento 90','Grada Norte','2027-07-10 00:00:00','libre'),('It Follows wbu','Camp Nou','adulto','Asiento 96','Grada Norte','2026-07-09 00:00:00','libre'),('It Follows wbu','Camp Nou','adulto','Asiento 96','Grada Norte','2027-07-10 00:00:00','libre'),('It Follows wbu','Camp Nou','adulto','Balcón 1','Grada Azul Zona','2026-07-09 00:00:00','libre'),('It Follows wbu','Camp Nou','adulto','Balcón 1','Grada Azul Zona','2027-07-10 00:00:00','libre'),('It Follows wbu','Camp Nou','adulto','Balcón 10','Grada Blanca Tribuna','2026-07-09 00:00:00','libre'),('It Follows wbu','Camp Nou','adulto','Balcón 10','Grada Blanca Tribuna','2027-07-10 00:00:00','libre'),('It Follows wbu','Camp Nou','adulto','Balcón 10','Grada Norte','2026-07-09 00:00:00','libre'),('It Follows wbu','Camp Nou','adulto','Balcón 10','Grada Norte','2027-07-10 00:00:00','libre'),('It Follows wbu','Camp Nou','adulto','Balcón 100','Grada Norte','2026-07-09 00:00:00','libre'),('It Follows wbu','Camp Nou','adulto','Balcón 100','Grada Norte','2027-07-10 00:00:00','libre'),('It Follows wbu','Camp Nou','adulto','Balcón 14','Grada Norte','2026-07-09 00:00:00','libre'),('It Follows wbu','Camp Nou','adulto','Balcón 14','Grada Norte','2027-07-10 00:00:00','libre'),('It Follows wbu','Camp Nou','adulto','Balcón 15','Grada Norte','2026-07-09 00:00:00','libre'),('It Follows wbu','Camp Nou','adulto','Balcón 15','Grada Norte','2027-07-10 00:00:00','libre'),('It Follows wbu','Camp Nou','adulto','Balcón 16','Grada Norte','2026-07-09 00:00:00','libre'),('It Follows wbu','Camp Nou','adulto','Balcón 16','Grada Norte','2027-07-10 00:00:00','libre'),('It Follows wbu','Camp Nou','adulto','Balcón 2','Grada Norte','2026-07-09 00:00:00','libre'),('It Follows wbu','Camp Nou','adulto','Balcón 2','Grada Norte','2027-07-10 00:00:00','libre'),('It Follows wbu','Camp Nou','adulto','Balcón 20','Grada Norte','2026-07-09 00:00:00','libre'),('It Follows wbu','Camp Nou','adulto','Balcón 20','Grada Norte','2027-07-10 00:00:00','libre'),('It Follows wbu','Camp Nou','adulto','Balcón 29','Grada Norte','2026-07-09 00:00:00','libre'),('It Follows wbu','Camp Nou','adulto','Balcón 29','Grada Norte','2027-07-10 00:00:00','libre'),('It Follows wbu','Camp Nou','adulto','Balcón 3','Grada Azul Zona','2026-07-09 00:00:00','libre'),('It Follows wbu','Camp Nou','adulto','Balcón 3','Grada Azul Zona','2027-07-10 00:00:00','libre'),('It Follows wbu','Camp Nou','adulto','Balcón 3','Grada Norte','2026-07-09 00:00:00','libre'),('It Follows wbu','Camp Nou','adulto','Balcón 3','Grada Norte','2027-07-10 00:00:00','libre'),('It Follows wbu','Camp Nou','adulto','Balcón 32','Grada Norte','2026-07-09 00:00:00','libre'),('It Follows wbu','Camp Nou','adulto','Balcón 32','Grada Norte','2027-07-10 00:00:00','libre'),('It Follows wbu','Camp Nou','adulto','Balcón 39','Grada Norte','2026-07-09 00:00:00','libre'),('It Follows wbu','Camp Nou','adulto','Balcón 39','Grada Norte','2027-07-10 00:00:00','libre'),('It Follows wbu','Camp Nou','adulto','Balcón 4','Grada Norte','2026-07-09 00:00:00','libre'),('It Follows wbu','Camp Nou','adulto','Balcón 4','Grada Norte','2027-07-10 00:00:00','libre'),('It Follows wbu','Camp Nou','adulto','Balcón 49','Grada Norte','2026-07-09 00:00:00','libre'),('It Follows wbu','Camp Nou','adulto','Balcón 49','Grada Norte','2027-07-10 00:00:00','libre'),('It Follows wbu','Camp Nou','adulto','Balcón 59','Grada Norte','2026-07-09 00:00:00','libre'),('It Follows wbu','Camp Nou','adulto','Balcón 59','Grada Norte','2027-07-10 00:00:00','libre'),('It Follows wbu','Camp Nou','adulto','Balcón 60','Grada Norte','2026-07-09 00:00:00','libre'),('It Follows wbu','Camp Nou','adulto','Balcón 60','Grada Norte','2027-07-10 00:00:00','libre'),('It Follows wbu','Camp Nou','adulto','Balcón 65','Grada Norte','2026-07-09 00:00:00','libre'),('It Follows wbu','Camp Nou','adulto','Balcón 65','Grada Norte','2027-07-10 00:00:00','libre'),('It Follows wbu','Camp Nou','adulto','Balcón 7','Grada Azul Zona','2026-07-09 00:00:00','libre'),('It Follows wbu','Camp Nou','adulto','Balcón 7','Grada Azul Zona','2027-07-10 00:00:00','libre'),('It Follows wbu','Camp Nou','adulto','Balcón 71','Grada Norte','2026-07-09 00:00:00','libre'),('It Follows wbu','Camp Nou','adulto','Balcón 71','Grada Norte','2027-07-10 00:00:00','libre'),('It Follows wbu','Camp Nou','adulto','Balcón 72','Grada Norte','2026-07-09 00:00:00','libre'),('It Follows wbu','Camp Nou','adulto','Balcón 72','Grada Norte','2027-07-10 00:00:00','libre'),('It Follows wbu','Camp Nou','adulto','Balcón 76','Grada Norte','2026-07-09 00:00:00','libre'),('It Follows wbu','Camp Nou','adulto','Balcón 76','Grada Norte','2027-07-10 00:00:00','libre'),('It Follows wbu','Camp Nou','adulto','Balcón 8','Grada Blanca Tribuna','2026-07-09 00:00:00','libre'),('It Follows wbu','Camp Nou','adulto','Balcón 8','Grada Blanca Tribuna','2027-07-10 00:00:00','libre'),('It Follows wbu','Camp Nou','adulto','Balcón 81','Grada Norte','2026-07-09 00:00:00','libre'),('It Follows wbu','Camp Nou','adulto','Balcón 81','Grada Norte','2027-07-10 00:00:00','libre'),('It Follows wbu','Camp Nou','adulto','Balcón 83','Grada Norte','2026-07-09 00:00:00','libre'),('It Follows wbu','Camp Nou','adulto','Balcón 83','Grada Norte','2027-07-10 00:00:00','libre'),('It Follows wbu','Camp Nou','adulto','Balcón 89','Grada Norte','2026-07-09 00:00:00','libre'),('It Follows wbu','Camp Nou','adulto','Balcón 89','Grada Norte','2027-07-10 00:00:00','libre'),('It Follows wbu','Camp Nou','adulto','Balcón 97','Grada Norte','2026-07-09 00:00:00','libre'),('It Follows wbu','Camp Nou','adulto','Balcón 97','Grada Norte','2027-07-10 00:00:00','libre'),('It Follows wbu','Camp Nou','adulto','Butaca 11','Grada Norte','2026-07-09 00:00:00','libre'),('It Follows wbu','Camp Nou','adulto','Butaca 11','Grada Norte','2027-07-10 00:00:00','libre'),('It Follows wbu','Camp Nou','adulto','Butaca 12','Grada Norte','2026-07-09 00:00:00','libre'),('It Follows wbu','Camp Nou','adulto','Butaca 12','Grada Norte','2027-07-10 00:00:00','libre'),('It Follows wbu','Camp Nou','adulto','Butaca 13','Grada Norte','2026-07-09 00:00:00','libre'),('It Follows wbu','Camp Nou','adulto','Butaca 13','Grada Norte','2027-07-10 00:00:00','libre'),('It Follows wbu','Camp Nou','adulto','Butaca 2','Grada Blanca Tribuna','2026-07-09 00:00:00','libre'),('It Follows wbu','Camp Nou','adulto','Butaca 2','Grada Blanca Tribuna','2027-07-10 00:00:00','libre'),('It Follows wbu','Camp Nou','adulto','Butaca 22','Grada Norte','2026-07-09 00:00:00','libre'),('It Follows wbu','Camp Nou','adulto','Butaca 22','Grada Norte','2027-07-10 00:00:00','libre'),('It Follows wbu','Camp Nou','adulto','Butaca 27','Grada Norte','2026-07-09 00:00:00','libre'),('It Follows wbu','Camp Nou','adulto','Butaca 27','Grada Norte','2027-07-10 00:00:00','libre'),('It Follows wbu','Camp Nou','adulto','Butaca 28','Grada Norte','2026-07-09 00:00:00','libre'),('It Follows wbu','Camp Nou','adulto','Butaca 28','Grada Norte','2027-07-10 00:00:00','libre'),('It Follows wbu','Camp Nou','adulto','Butaca 30','Grada Norte','2026-07-09 00:00:00','libre'),('It Follows wbu','Camp Nou','adulto','Butaca 30','Grada Norte','2027-07-10 00:00:00','libre'),('It Follows wbu','Camp Nou','adulto','Butaca 33','Grada Norte','2026-07-09 00:00:00','libre'),('It Follows wbu','Camp Nou','adulto','Butaca 33','Grada Norte','2027-07-10 00:00:00','libre'),('It Follows wbu','Camp Nou','adulto','Butaca 35','Grada Norte','2026-07-09 00:00:00','libre'),('It Follows wbu','Camp Nou','adulto','Butaca 35','Grada Norte','2027-07-10 00:00:00','libre'),('It Follows wbu','Camp Nou','adulto','Butaca 37','Grada Norte','2026-07-09 00:00:00','libre'),('It Follows wbu','Camp Nou','adulto','Butaca 37','Grada Norte','2027-07-10 00:00:00','libre'),('It Follows wbu','Camp Nou','adulto','Butaca 4','Grada Blanca Tribuna','2026-07-09 00:00:00','libre'),('It Follows wbu','Camp Nou','adulto','Butaca 4','Grada Blanca Tribuna','2027-07-10 00:00:00','libre'),('It Follows wbu','Camp Nou','adulto','Butaca 40','Grada Norte','2026-07-09 00:00:00','libre'),('It Follows wbu','Camp Nou','adulto','Butaca 40','Grada Norte','2027-07-10 00:00:00','libre'),('It Follows wbu','Camp Nou','adulto','Butaca 43','Grada Norte','2026-07-09 00:00:00','libre'),('It Follows wbu','Camp Nou','adulto','Butaca 43','Grada Norte','2027-07-10 00:00:00','libre'),('It Follows wbu','Camp Nou','adulto','Butaca 48','Grada Norte','2026-07-09 00:00:00','libre'),('It Follows wbu','Camp Nou','adulto','Butaca 48','Grada Norte','2027-07-10 00:00:00','libre'),('It Follows wbu','Camp Nou','adulto','Butaca 50','Grada Norte','2026-07-09 00:00:00','libre'),('It Follows wbu','Camp Nou','adulto','Butaca 50','Grada Norte','2027-07-10 00:00:00','libre'),('It Follows wbu','Camp Nou','adulto','Butaca 53','Grada Norte','2026-07-09 00:00:00','libre'),('It Follows wbu','Camp Nou','adulto','Butaca 53','Grada Norte','2027-07-10 00:00:00','libre'),('It Follows wbu','Camp Nou','adulto','Butaca 57','Grada Norte','2026-07-09 00:00:00','libre'),('It Follows wbu','Camp Nou','adulto','Butaca 57','Grada Norte','2027-07-10 00:00:00','libre'),('It Follows wbu','Camp Nou','adulto','Butaca 6','Grada Blanca Tribuna','2026-07-09 00:00:00','libre'),('It Follows wbu','Camp Nou','adulto','Butaca 6','Grada Blanca Tribuna','2027-07-10 00:00:00','libre'),('It Follows wbu','Camp Nou','adulto','Butaca 7','Grada Norte','2026-07-09 00:00:00','libre'),('It Follows wbu','Camp Nou','adulto','Butaca 7','Grada Norte','2027-07-10 00:00:00','libre'),('It Follows wbu','Camp Nou','adulto','Butaca 78','Grada Norte','2026-07-09 00:00:00','libre'),('It Follows wbu','Camp Nou','adulto','Butaca 78','Grada Norte','2027-07-10 00:00:00','libre'),('It Follows wbu','Camp Nou','adulto','Butaca 8','Grada Norte','2026-07-09 00:00:00','libre'),('It Follows wbu','Camp Nou','adulto','Butaca 8','Grada Norte','2027-07-10 00:00:00','libre'),('It Follows wbu','Camp Nou','adulto','Butaca 82','Grada Norte','2026-07-09 00:00:00','libre'),('It Follows wbu','Camp Nou','adulto','Butaca 82','Grada Norte','2027-07-10 00:00:00','libre'),('It Follows wbu','Camp Nou','adulto','Butaca 84','Grada Norte','2026-07-09 00:00:00','libre'),('It Follows wbu','Camp Nou','adulto','Butaca 84','Grada Norte','2027-07-10 00:00:00','libre'),('It Follows wbu','Camp Nou','adulto','Butaca 86','Grada Norte','2026-07-09 00:00:00','libre'),('It Follows wbu','Camp Nou','adulto','Butaca 86','Grada Norte','2027-07-10 00:00:00','libre'),('It Follows wbu','Camp Nou','adulto','Butaca 87','Grada Norte','2026-07-09 00:00:00','libre'),('It Follows wbu','Camp Nou','adulto','Butaca 87','Grada Norte','2027-07-10 00:00:00','libre'),('It Follows wbu','Camp Nou','adulto','Butaca 9','Grada Blanca Tribuna','2026-07-09 00:00:00','libre'),('It Follows wbu','Camp Nou','adulto','Butaca 9','Grada Blanca Tribuna','2027-07-10 00:00:00','libre'),('It Follows wbu','Camp Nou','adulto','Butaca 91','Grada Norte','2026-07-09 00:00:00','libre'),('It Follows wbu','Camp Nou','adulto','Butaca 91','Grada Norte','2027-07-10 00:00:00','libre'),('It Follows wbu','Camp Nou','adulto','Butaca 92','Grada Norte','2026-07-09 00:00:00','libre'),('It Follows wbu','Camp Nou','adulto','Butaca 92','Grada Norte','2027-07-10 00:00:00','libre'),('It Follows wbu','Camp Nou','adulto','Butaca 95','Grada Norte','2026-07-09 00:00:00','libre'),('It Follows wbu','Camp Nou','adulto','Butaca 95','Grada Norte','2027-07-10 00:00:00','libre'),('It Follows wbu','Camp Nou','adulto','Butaca 98','Grada Norte','2026-07-09 00:00:00','libre'),('It Follows wbu','Camp Nou','adulto','Butaca 98','Grada Norte','2027-07-10 00:00:00','libre'),('It Follows wbu','Camp Nou','adulto','Butaca 99','Grada Norte','2026-07-09 00:00:00','libre'),('It Follows wbu','Camp Nou','adulto','Butaca 99','Grada Norte','2027-07-10 00:00:00','libre'),('It Follows wbu','Camp Nou','adulto','Suelo 1','Grada Blanca Tribuna','2026-07-09 00:00:00','libre'),('It Follows wbu','Camp Nou','adulto','Suelo 1','Grada Blanca Tribuna','2027-07-10 00:00:00','libre'),('It Follows wbu','Camp Nou','adulto','Suelo 17','Grada Norte','2026-07-09 00:00:00','libre'),('It Follows wbu','Camp Nou','adulto','Suelo 17','Grada Norte','2027-07-10 00:00:00','libre'),('It Follows wbu','Camp Nou','adulto','Suelo 2','Grada Azul Zona','2026-07-09 00:00:00','libre'),('It Follows wbu','Camp Nou','adulto','Suelo 2','Grada Azul Zona','2027-07-10 00:00:00','libre'),('It Follows wbu','Camp Nou','adulto','Suelo 21','Grada Norte','2026-07-09 00:00:00','libre'),('It Follows wbu','Camp Nou','adulto','Suelo 21','Grada Norte','2027-07-10 00:00:00','libre'),('It Follows wbu','Camp Nou','adulto','Suelo 23','Grada Norte','2026-07-09 00:00:00','libre'),('It Follows wbu','Camp Nou','adulto','Suelo 23','Grada Norte','2027-07-10 00:00:00','libre'),('It Follows wbu','Camp Nou','adulto','Suelo 24','Grada Norte','2026-07-09 00:00:00','libre'),('It Follows wbu','Camp Nou','adulto','Suelo 24','Grada Norte','2027-07-10 00:00:00','libre'),('It Follows wbu','Camp Nou','adulto','Suelo 25','Grada Norte','2026-07-09 00:00:00','libre'),('It Follows wbu','Camp Nou','adulto','Suelo 25','Grada Norte','2027-07-10 00:00:00','libre'),('It Follows wbu','Camp Nou','adulto','Suelo 31','Grada Norte','2026-07-09 00:00:00','libre'),('It Follows wbu','Camp Nou','adulto','Suelo 31','Grada Norte','2027-07-10 00:00:00','libre'),('It Follows wbu','Camp Nou','adulto','Suelo 41','Grada Norte','2026-07-09 00:00:00','libre'),('It Follows wbu','Camp Nou','adulto','Suelo 41','Grada Norte','2027-07-10 00:00:00','libre'),('It Follows wbu','Camp Nou','adulto','Suelo 42','Grada Norte','2026-07-09 00:00:00','libre'),('It Follows wbu','Camp Nou','adulto','Suelo 42','Grada Norte','2027-07-10 00:00:00','libre'),('It Follows wbu','Camp Nou','adulto','Suelo 44','Grada Norte','2026-07-09 00:00:00','libre'),('It Follows wbu','Camp Nou','adulto','Suelo 44','Grada Norte','2027-07-10 00:00:00','libre'),('It Follows wbu','Camp Nou','adulto','Suelo 46','Grada Norte','2026-07-09 00:00:00','libre'),('It Follows wbu','Camp Nou','adulto','Suelo 46','Grada Norte','2027-07-10 00:00:00','libre'),('It Follows wbu','Camp Nou','adulto','Suelo 47','Grada Norte','2026-07-09 00:00:00','libre'),('It Follows wbu','Camp Nou','adulto','Suelo 47','Grada Norte','2027-07-10 00:00:00','libre'),('It Follows wbu','Camp Nou','adulto','Suelo 5','Grada Blanca Tribuna','2026-07-09 00:00:00','libre'),('It Follows wbu','Camp Nou','adulto','Suelo 5','Grada Blanca Tribuna','2027-07-10 00:00:00','libre'),('It Follows wbu','Camp Nou','adulto','Suelo 5','Grada Norte','2026-07-09 00:00:00','libre'),('It Follows wbu','Camp Nou','adulto','Suelo 5','Grada Norte','2027-07-10 00:00:00','libre'),('It Follows wbu','Camp Nou','adulto','Suelo 54','Grada Norte','2026-07-09 00:00:00','libre'),('It Follows wbu','Camp Nou','adulto','Suelo 54','Grada Norte','2027-07-10 00:00:00','libre'),('It Follows wbu','Camp Nou','adulto','Suelo 56','Grada Norte','2026-07-09 00:00:00','libre'),('It Follows wbu','Camp Nou','adulto','Suelo 56','Grada Norte','2027-07-10 00:00:00','libre'),('It Follows wbu','Camp Nou','adulto','Suelo 6','Grada Azul Zona','2026-07-09 00:00:00','libre'),('It Follows wbu','Camp Nou','adulto','Suelo 6','Grada Azul Zona','2027-07-10 00:00:00','libre'),('It Follows wbu','Camp Nou','adulto','Suelo 61','Grada Norte','2026-07-09 00:00:00','libre'),('It Follows wbu','Camp Nou','adulto','Suelo 61','Grada Norte','2027-07-10 00:00:00','libre'),('It Follows wbu','Camp Nou','adulto','Suelo 62','Grada Norte','2026-07-09 00:00:00','libre'),('It Follows wbu','Camp Nou','adulto','Suelo 62','Grada Norte','2027-07-10 00:00:00','libre'),('It Follows wbu','Camp Nou','adulto','Suelo 63','Grada Norte','2026-07-09 00:00:00','libre'),('It Follows wbu','Camp Nou','adulto','Suelo 63','Grada Norte','2027-07-10 00:00:00','libre'),('It Follows wbu','Camp Nou','adulto','Suelo 64','Grada Norte','2026-07-09 00:00:00','libre'),('It Follows wbu','Camp Nou','adulto','Suelo 64','Grada Norte','2027-07-10 00:00:00','libre'),('It Follows wbu','Camp Nou','adulto','Suelo 67','Grada Norte','2026-07-09 00:00:00','libre'),('It Follows wbu','Camp Nou','adulto','Suelo 67','Grada Norte','2027-07-10 00:00:00','libre'),('It Follows wbu','Camp Nou','adulto','Suelo 70','Grada Norte','2026-07-09 00:00:00','libre'),('It Follows wbu','Camp Nou','adulto','Suelo 70','Grada Norte','2027-07-10 00:00:00','libre'),('It Follows wbu','Camp Nou','adulto','Suelo 73','Grada Norte','2026-07-09 00:00:00','libre'),('It Follows wbu','Camp Nou','adulto','Suelo 73','Grada Norte','2027-07-10 00:00:00','libre'),('It Follows wbu','Camp Nou','adulto','Suelo 74','Grada Norte','2026-07-09 00:00:00','libre'),('It Follows wbu','Camp Nou','adulto','Suelo 74','Grada Norte','2027-07-10 00:00:00','libre'),('It Follows wbu','Camp Nou','adulto','Suelo 75','Grada Norte','2026-07-09 00:00:00','libre'),('It Follows wbu','Camp Nou','adulto','Suelo 75','Grada Norte','2027-07-10 00:00:00','libre'),('It Follows wbu','Camp Nou','adulto','Suelo 79','Grada Norte','2026-07-09 00:00:00','libre'),('It Follows wbu','Camp Nou','adulto','Suelo 79','Grada Norte','2027-07-10 00:00:00','libre'),('It Follows wbu','Camp Nou','adulto','Suelo 80','Grada Norte','2026-07-09 00:00:00','libre'),('It Follows wbu','Camp Nou','adulto','Suelo 80','Grada Norte','2027-07-10 00:00:00','libre'),('It Follows wbu','Camp Nou','adulto','Suelo 85','Grada Norte','2026-07-09 00:00:00','libre'),('It Follows wbu','Camp Nou','adulto','Suelo 85','Grada Norte','2027-07-10 00:00:00','libre'),('It Follows wbu','Camp Nou','adulto','Suelo 88','Grada Norte','2026-07-09 00:00:00','libre'),('It Follows wbu','Camp Nou','adulto','Suelo 88','Grada Norte','2027-07-10 00:00:00','libre'),('It Follows wbu','Camp Nou','adulto','Suelo 93','Grada Norte','2026-07-09 00:00:00','libre'),('It Follows wbu','Camp Nou','adulto','Suelo 93','Grada Norte','2027-07-10 00:00:00','libre'),('It Follows wbu','Camp Nou','adulto','Suelo 94','Grada Norte','2026-07-09 00:00:00','libre'),('It Follows wbu','Camp Nou','adulto','Suelo 94','Grada Norte','2027-07-10 00:00:00','libre'),('It Follows wbu','Camp Nou','infantil','Asiento 1','Grada Norte','2026-07-09 00:00:00','libre'),('It Follows wbu','Camp Nou','infantil','Asiento 1','Grada Norte','2027-07-10 00:00:00','libre'),('It Follows wbu','Camp Nou','infantil','Asiento 18','Grada Norte','2026-07-09 00:00:00','libre'),('It Follows wbu','Camp Nou','infantil','Asiento 18','Grada Norte','2027-07-10 00:00:00','libre'),('It Follows wbu','Camp Nou','infantil','Asiento 19','Grada Norte','2026-07-09 00:00:00','libre'),('It Follows wbu','Camp Nou','infantil','Asiento 19','Grada Norte','2027-07-10 00:00:00','libre'),('It Follows wbu','Camp Nou','infantil','Asiento 26','Grada Norte','2026-07-09 00:00:00','libre'),('It Follows wbu','Camp Nou','infantil','Asiento 26','Grada Norte','2027-07-10 00:00:00','libre'),('It Follows wbu','Camp Nou','infantil','Asiento 3','Grada Blanca Tribuna','2026-07-09 00:00:00','libre'),('It Follows wbu','Camp Nou','infantil','Asiento 3','Grada Blanca Tribuna','2027-07-10 00:00:00','libre'),('It Follows wbu','Camp Nou','infantil','Asiento 34','Grada Norte','2026-07-09 00:00:00','libre'),('It Follows wbu','Camp Nou','infantil','Asiento 34','Grada Norte','2027-07-10 00:00:00','libre'),('It Follows wbu','Camp Nou','infantil','Asiento 36','Grada Norte','2026-07-09 00:00:00','libre'),('It Follows wbu','Camp Nou','infantil','Asiento 36','Grada Norte','2027-07-10 00:00:00','libre'),('It Follows wbu','Camp Nou','infantil','Asiento 38','Grada Norte','2026-07-09 00:00:00','libre'),('It Follows wbu','Camp Nou','infantil','Asiento 38','Grada Norte','2027-07-10 00:00:00','libre'),('It Follows wbu','Camp Nou','infantil','Asiento 4','Grada Azul Zona','2026-07-09 00:00:00','libre'),('It Follows wbu','Camp Nou','infantil','Asiento 4','Grada Azul Zona','2027-07-10 00:00:00','libre'),('It Follows wbu','Camp Nou','infantil','Asiento 45','Grada Norte','2026-07-09 00:00:00','libre'),('It Follows wbu','Camp Nou','infantil','Asiento 45','Grada Norte','2027-07-10 00:00:00','libre'),('It Follows wbu','Camp Nou','infantil','Asiento 5','Grada Azul Zona','2026-07-09 00:00:00','libre'),('It Follows wbu','Camp Nou','infantil','Asiento 5','Grada Azul Zona','2027-07-10 00:00:00','libre'),('It Follows wbu','Camp Nou','infantil','Asiento 51','Grada Norte','2026-07-09 00:00:00','libre'),('It Follows wbu','Camp Nou','infantil','Asiento 51','Grada Norte','2027-07-10 00:00:00','libre'),('It Follows wbu','Camp Nou','infantil','Asiento 52','Grada Norte','2026-07-09 00:00:00','libre'),('It Follows wbu','Camp Nou','infantil','Asiento 52','Grada Norte','2027-07-10 00:00:00','libre'),('It Follows wbu','Camp Nou','infantil','Asiento 55','Grada Norte','2026-07-09 00:00:00','libre'),('It Follows wbu','Camp Nou','infantil','Asiento 55','Grada Norte','2027-07-10 00:00:00','libre'),('It Follows wbu','Camp Nou','infantil','Asiento 58','Grada Norte','2026-07-09 00:00:00','libre'),('It Follows wbu','Camp Nou','infantil','Asiento 58','Grada Norte','2027-07-10 00:00:00','libre'),('It Follows wbu','Camp Nou','infantil','Asiento 6','Grada Norte','2026-07-09 00:00:00','libre'),('It Follows wbu','Camp Nou','infantil','Asiento 6','Grada Norte','2027-07-10 00:00:00','libre'),('It Follows wbu','Camp Nou','infantil','Asiento 66','Grada Norte','2026-07-09 00:00:00','libre'),('It Follows wbu','Camp Nou','infantil','Asiento 66','Grada Norte','2027-07-10 00:00:00','libre'),('It Follows wbu','Camp Nou','infantil','Asiento 68','Grada Norte','2026-07-09 00:00:00','libre'),('It Follows wbu','Camp Nou','infantil','Asiento 68','Grada Norte','2027-07-10 00:00:00','libre'),('It Follows wbu','Camp Nou','infantil','Asiento 69','Grada Norte','2026-07-09 00:00:00','libre'),('It Follows wbu','Camp Nou','infantil','Asiento 69','Grada Norte','2027-07-10 00:00:00','libre'),('It Follows wbu','Camp Nou','infantil','Asiento 7','Grada Blanca Tribuna','2026-07-09 00:00:00','libre'),('It Follows wbu','Camp Nou','infantil','Asiento 7','Grada Blanca Tribuna','2027-07-10 00:00:00','libre'),('It Follows wbu','Camp Nou','infantil','Asiento 77','Grada Norte','2026-07-09 00:00:00','libre'),('It Follows wbu','Camp Nou','infantil','Asiento 77','Grada Norte','2027-07-10 00:00:00','libre'),('It Follows wbu','Camp Nou','infantil','Asiento 9','Grada Norte','2026-07-09 00:00:00','libre'),('It Follows wbu','Camp Nou','infantil','Asiento 9','Grada Norte','2027-07-10 00:00:00','libre'),('It Follows wbu','Camp Nou','infantil','Asiento 90','Grada Norte','2026-07-09 00:00:00','libre'),('It Follows wbu','Camp Nou','infantil','Asiento 90','Grada Norte','2027-07-10 00:00:00','libre'),('It Follows wbu','Camp Nou','infantil','Asiento 96','Grada Norte','2026-07-09 00:00:00','libre'),('It Follows wbu','Camp Nou','infantil','Asiento 96','Grada Norte','2027-07-10 00:00:00','libre'),('It Follows wbu','Camp Nou','infantil','Balcón 1','Grada Azul Zona','2026-07-09 00:00:00','libre'),('It Follows wbu','Camp Nou','infantil','Balcón 1','Grada Azul Zona','2027-07-10 00:00:00','libre'),('It Follows wbu','Camp Nou','infantil','Balcón 10','Grada Blanca Tribuna','2026-07-09 00:00:00','libre'),('It Follows wbu','Camp Nou','infantil','Balcón 10','Grada Blanca Tribuna','2027-07-10 00:00:00','libre'),('It Follows wbu','Camp Nou','infantil','Balcón 10','Grada Norte','2026-07-09 00:00:00','libre'),('It Follows wbu','Camp Nou','infantil','Balcón 10','Grada Norte','2027-07-10 00:00:00','libre'),('It Follows wbu','Camp Nou','infantil','Balcón 100','Grada Norte','2026-07-09 00:00:00','libre'),('It Follows wbu','Camp Nou','infantil','Balcón 100','Grada Norte','2027-07-10 00:00:00','libre'),('It Follows wbu','Camp Nou','infantil','Balcón 14','Grada Norte','2026-07-09 00:00:00','libre'),('It Follows wbu','Camp Nou','infantil','Balcón 14','Grada Norte','2027-07-10 00:00:00','libre'),('It Follows wbu','Camp Nou','infantil','Balcón 15','Grada Norte','2026-07-09 00:00:00','libre'),('It Follows wbu','Camp Nou','infantil','Balcón 15','Grada Norte','2027-07-10 00:00:00','libre'),('It Follows wbu','Camp Nou','infantil','Balcón 16','Grada Norte','2026-07-09 00:00:00','libre'),('It Follows wbu','Camp Nou','infantil','Balcón 16','Grada Norte','2027-07-10 00:00:00','libre'),('It Follows wbu','Camp Nou','infantil','Balcón 2','Grada Norte','2026-07-09 00:00:00','libre'),('It Follows wbu','Camp Nou','infantil','Balcón 2','Grada Norte','2027-07-10 00:00:00','libre'),('It Follows wbu','Camp Nou','infantil','Balcón 20','Grada Norte','2026-07-09 00:00:00','libre'),('It Follows wbu','Camp Nou','infantil','Balcón 20','Grada Norte','2027-07-10 00:00:00','libre'),('It Follows wbu','Camp Nou','infantil','Balcón 29','Grada Norte','2026-07-09 00:00:00','libre'),('It Follows wbu','Camp Nou','infantil','Balcón 29','Grada Norte','2027-07-10 00:00:00','libre'),('It Follows wbu','Camp Nou','infantil','Balcón 3','Grada Azul Zona','2026-07-09 00:00:00','libre'),('It Follows wbu','Camp Nou','infantil','Balcón 3','Grada Azul Zona','2027-07-10 00:00:00','libre'),('It Follows wbu','Camp Nou','infantil','Balcón 3','Grada Norte','2026-07-09 00:00:00','libre'),('It Follows wbu','Camp Nou','infantil','Balcón 3','Grada Norte','2027-07-10 00:00:00','libre'),('It Follows wbu','Camp Nou','infantil','Balcón 32','Grada Norte','2026-07-09 00:00:00','libre'),('It Follows wbu','Camp Nou','infantil','Balcón 32','Grada Norte','2027-07-10 00:00:00','libre'),('It Follows wbu','Camp Nou','infantil','Balcón 39','Grada Norte','2026-07-09 00:00:00','libre'),('It Follows wbu','Camp Nou','infantil','Balcón 39','Grada Norte','2027-07-10 00:00:00','libre'),('It Follows wbu','Camp Nou','infantil','Balcón 4','Grada Norte','2026-07-09 00:00:00','libre'),('It Follows wbu','Camp Nou','infantil','Balcón 4','Grada Norte','2027-07-10 00:00:00','libre'),('It Follows wbu','Camp Nou','infantil','Balcón 49','Grada Norte','2026-07-09 00:00:00','libre'),('It Follows wbu','Camp Nou','infantil','Balcón 49','Grada Norte','2027-07-10 00:00:00','libre'),('It Follows wbu','Camp Nou','infantil','Balcón 59','Grada Norte','2026-07-09 00:00:00','libre'),('It Follows wbu','Camp Nou','infantil','Balcón 59','Grada Norte','2027-07-10 00:00:00','libre'),('It Follows wbu','Camp Nou','infantil','Balcón 60','Grada Norte','2026-07-09 00:00:00','libre'),('It Follows wbu','Camp Nou','infantil','Balcón 60','Grada Norte','2027-07-10 00:00:00','libre'),('It Follows wbu','Camp Nou','infantil','Balcón 65','Grada Norte','2026-07-09 00:00:00','libre'),('It Follows wbu','Camp Nou','infantil','Balcón 65','Grada Norte','2027-07-10 00:00:00','libre'),('It Follows wbu','Camp Nou','infantil','Balcón 7','Grada Azul Zona','2026-07-09 00:00:00','libre'),('It Follows wbu','Camp Nou','infantil','Balcón 7','Grada Azul Zona','2027-07-10 00:00:00','libre'),('It Follows wbu','Camp Nou','infantil','Balcón 71','Grada Norte','2026-07-09 00:00:00','libre'),('It Follows wbu','Camp Nou','infantil','Balcón 71','Grada Norte','2027-07-10 00:00:00','libre'),('It Follows wbu','Camp Nou','infantil','Balcón 72','Grada Norte','2026-07-09 00:00:00','libre'),('It Follows wbu','Camp Nou','infantil','Balcón 72','Grada Norte','2027-07-10 00:00:00','libre'),('It Follows wbu','Camp Nou','infantil','Balcón 76','Grada Norte','2026-07-09 00:00:00','libre'),('It Follows wbu','Camp Nou','infantil','Balcón 76','Grada Norte','2027-07-10 00:00:00','libre'),('It Follows wbu','Camp Nou','infantil','Balcón 8','Grada Blanca Tribuna','2026-07-09 00:00:00','libre'),('It Follows wbu','Camp Nou','infantil','Balcón 8','Grada Blanca Tribuna','2027-07-10 00:00:00','libre'),('It Follows wbu','Camp Nou','infantil','Balcón 81','Grada Norte','2026-07-09 00:00:00','libre'),('It Follows wbu','Camp Nou','infantil','Balcón 81','Grada Norte','2027-07-10 00:00:00','libre'),('It Follows wbu','Camp Nou','infantil','Balcón 83','Grada Norte','2026-07-09 00:00:00','libre'),('It Follows wbu','Camp Nou','infantil','Balcón 83','Grada Norte','2027-07-10 00:00:00','libre'),('It Follows wbu','Camp Nou','infantil','Balcón 89','Grada Norte','2026-07-09 00:00:00','libre'),('It Follows wbu','Camp Nou','infantil','Balcón 89','Grada Norte','2027-07-10 00:00:00','libre'),('It Follows wbu','Camp Nou','infantil','Balcón 97','Grada Norte','2026-07-09 00:00:00','libre'),('It Follows wbu','Camp Nou','infantil','Balcón 97','Grada Norte','2027-07-10 00:00:00','libre'),('It Follows wbu','Camp Nou','infantil','Butaca 11','Grada Norte','2026-07-09 00:00:00','libre'),('It Follows wbu','Camp Nou','infantil','Butaca 11','Grada Norte','2027-07-10 00:00:00','libre'),('It Follows wbu','Camp Nou','infantil','Butaca 12','Grada Norte','2026-07-09 00:00:00','libre'),('It Follows wbu','Camp Nou','infantil','Butaca 12','Grada Norte','2027-07-10 00:00:00','libre'),('It Follows wbu','Camp Nou','infantil','Butaca 13','Grada Norte','2026-07-09 00:00:00','libre'),('It Follows wbu','Camp Nou','infantil','Butaca 13','Grada Norte','2027-07-10 00:00:00','libre'),('It Follows wbu','Camp Nou','infantil','Butaca 2','Grada Blanca Tribuna','2026-07-09 00:00:00','libre'),('It Follows wbu','Camp Nou','infantil','Butaca 2','Grada Blanca Tribuna','2027-07-10 00:00:00','libre'),('It Follows wbu','Camp Nou','infantil','Butaca 22','Grada Norte','2026-07-09 00:00:00','libre'),('It Follows wbu','Camp Nou','infantil','Butaca 22','Grada Norte','2027-07-10 00:00:00','libre'),('It Follows wbu','Camp Nou','infantil','Butaca 27','Grada Norte','2026-07-09 00:00:00','libre'),('It Follows wbu','Camp Nou','infantil','Butaca 27','Grada Norte','2027-07-10 00:00:00','libre'),('It Follows wbu','Camp Nou','infantil','Butaca 28','Grada Norte','2026-07-09 00:00:00','libre'),('It Follows wbu','Camp Nou','infantil','Butaca 28','Grada Norte','2027-07-10 00:00:00','libre'),('It Follows wbu','Camp Nou','infantil','Butaca 30','Grada Norte','2026-07-09 00:00:00','libre'),('It Follows wbu','Camp Nou','infantil','Butaca 30','Grada Norte','2027-07-10 00:00:00','libre'),('It Follows wbu','Camp Nou','infantil','Butaca 33','Grada Norte','2026-07-09 00:00:00','libre'),('It Follows wbu','Camp Nou','infantil','Butaca 33','Grada Norte','2027-07-10 00:00:00','libre'),('It Follows wbu','Camp Nou','infantil','Butaca 35','Grada Norte','2026-07-09 00:00:00','libre'),('It Follows wbu','Camp Nou','infantil','Butaca 35','Grada Norte','2027-07-10 00:00:00','libre'),('It Follows wbu','Camp Nou','infantil','Butaca 37','Grada Norte','2026-07-09 00:00:00','libre'),('It Follows wbu','Camp Nou','infantil','Butaca 37','Grada Norte','2027-07-10 00:00:00','libre'),('It Follows wbu','Camp Nou','infantil','Butaca 4','Grada Blanca Tribuna','2026-07-09 00:00:00','libre'),('It Follows wbu','Camp Nou','infantil','Butaca 4','Grada Blanca Tribuna','2027-07-10 00:00:00','libre'),('It Follows wbu','Camp Nou','infantil','Butaca 40','Grada Norte','2026-07-09 00:00:00','libre'),('It Follows wbu','Camp Nou','infantil','Butaca 40','Grada Norte','2027-07-10 00:00:00','libre'),('It Follows wbu','Camp Nou','infantil','Butaca 43','Grada Norte','2026-07-09 00:00:00','libre'),('It Follows wbu','Camp Nou','infantil','Butaca 43','Grada Norte','2027-07-10 00:00:00','libre'),('It Follows wbu','Camp Nou','infantil','Butaca 48','Grada Norte','2026-07-09 00:00:00','libre'),('It Follows wbu','Camp Nou','infantil','Butaca 48','Grada Norte','2027-07-10 00:00:00','libre'),('It Follows wbu','Camp Nou','infantil','Butaca 50','Grada Norte','2026-07-09 00:00:00','libre'),('It Follows wbu','Camp Nou','infantil','Butaca 50','Grada Norte','2027-07-10 00:00:00','libre'),('It Follows wbu','Camp Nou','infantil','Butaca 53','Grada Norte','2026-07-09 00:00:00','libre'),('It Follows wbu','Camp Nou','infantil','Butaca 53','Grada Norte','2027-07-10 00:00:00','libre'),('It Follows wbu','Camp Nou','infantil','Butaca 57','Grada Norte','2026-07-09 00:00:00','libre'),('It Follows wbu','Camp Nou','infantil','Butaca 57','Grada Norte','2027-07-10 00:00:00','libre'),('It Follows wbu','Camp Nou','infantil','Butaca 6','Grada Blanca Tribuna','2026-07-09 00:00:00','libre'),('It Follows wbu','Camp Nou','infantil','Butaca 6','Grada Blanca Tribuna','2027-07-10 00:00:00','libre'),('It Follows wbu','Camp Nou','infantil','Butaca 7','Grada Norte','2026-07-09 00:00:00','libre'),('It Follows wbu','Camp Nou','infantil','Butaca 7','Grada Norte','2027-07-10 00:00:00','libre'),('It Follows wbu','Camp Nou','infantil','Butaca 78','Grada Norte','2026-07-09 00:00:00','libre'),('It Follows wbu','Camp Nou','infantil','Butaca 78','Grada Norte','2027-07-10 00:00:00','libre'),('It Follows wbu','Camp Nou','infantil','Butaca 8','Grada Norte','2026-07-09 00:00:00','libre'),('It Follows wbu','Camp Nou','infantil','Butaca 8','Grada Norte','2027-07-10 00:00:00','libre'),('It Follows wbu','Camp Nou','infantil','Butaca 82','Grada Norte','2026-07-09 00:00:00','libre'),('It Follows wbu','Camp Nou','infantil','Butaca 82','Grada Norte','2027-07-10 00:00:00','libre'),('It Follows wbu','Camp Nou','infantil','Butaca 84','Grada Norte','2026-07-09 00:00:00','libre'),('It Follows wbu','Camp Nou','infantil','Butaca 84','Grada Norte','2027-07-10 00:00:00','libre'),('It Follows wbu','Camp Nou','infantil','Butaca 86','Grada Norte','2026-07-09 00:00:00','libre'),('It Follows wbu','Camp Nou','infantil','Butaca 86','Grada Norte','2027-07-10 00:00:00','libre'),('It Follows wbu','Camp Nou','infantil','Butaca 87','Grada Norte','2026-07-09 00:00:00','libre'),('It Follows wbu','Camp Nou','infantil','Butaca 87','Grada Norte','2027-07-10 00:00:00','libre'),('It Follows wbu','Camp Nou','infantil','Butaca 9','Grada Blanca Tribuna','2026-07-09 00:00:00','libre'),('It Follows wbu','Camp Nou','infantil','Butaca 9','Grada Blanca Tribuna','2027-07-10 00:00:00','libre'),('It Follows wbu','Camp Nou','infantil','Butaca 91','Grada Norte','2026-07-09 00:00:00','libre'),('It Follows wbu','Camp Nou','infantil','Butaca 91','Grada Norte','2027-07-10 00:00:00','libre'),('It Follows wbu','Camp Nou','infantil','Butaca 92','Grada Norte','2026-07-09 00:00:00','libre'),('It Follows wbu','Camp Nou','infantil','Butaca 92','Grada Norte','2027-07-10 00:00:00','libre'),('It Follows wbu','Camp Nou','infantil','Butaca 95','Grada Norte','2026-07-09 00:00:00','libre'),('It Follows wbu','Camp Nou','infantil','Butaca 95','Grada Norte','2027-07-10 00:00:00','libre'),('It Follows wbu','Camp Nou','infantil','Butaca 98','Grada Norte','2026-07-09 00:00:00','libre'),('It Follows wbu','Camp Nou','infantil','Butaca 98','Grada Norte','2027-07-10 00:00:00','libre'),('It Follows wbu','Camp Nou','infantil','Butaca 99','Grada Norte','2026-07-09 00:00:00','libre'),('It Follows wbu','Camp Nou','infantil','Butaca 99','Grada Norte','2027-07-10 00:00:00','libre'),('It Follows wbu','Camp Nou','infantil','Suelo 1','Grada Blanca Tribuna','2026-07-09 00:00:00','libre'),('It Follows wbu','Camp Nou','infantil','Suelo 1','Grada Blanca Tribuna','2027-07-10 00:00:00','libre'),('It Follows wbu','Camp Nou','infantil','Suelo 17','Grada Norte','2026-07-09 00:00:00','libre'),('It Follows wbu','Camp Nou','infantil','Suelo 17','Grada Norte','2027-07-10 00:00:00','libre'),('It Follows wbu','Camp Nou','infantil','Suelo 2','Grada Azul Zona','2026-07-09 00:00:00','libre'),('It Follows wbu','Camp Nou','infantil','Suelo 2','Grada Azul Zona','2027-07-10 00:00:00','libre'),('It Follows wbu','Camp Nou','infantil','Suelo 21','Grada Norte','2026-07-09 00:00:00','libre'),('It Follows wbu','Camp Nou','infantil','Suelo 21','Grada Norte','2027-07-10 00:00:00','libre'),('It Follows wbu','Camp Nou','infantil','Suelo 23','Grada Norte','2026-07-09 00:00:00','libre'),('It Follows wbu','Camp Nou','infantil','Suelo 23','Grada Norte','2027-07-10 00:00:00','libre'),('It Follows wbu','Camp Nou','infantil','Suelo 24','Grada Norte','2026-07-09 00:00:00','libre'),('It Follows wbu','Camp Nou','infantil','Suelo 24','Grada Norte','2027-07-10 00:00:00','libre'),('It Follows wbu','Camp Nou','infantil','Suelo 25','Grada Norte','2026-07-09 00:00:00','libre'),('It Follows wbu','Camp Nou','infantil','Suelo 25','Grada Norte','2027-07-10 00:00:00','libre'),('It Follows wbu','Camp Nou','infantil','Suelo 31','Grada Norte','2026-07-09 00:00:00','libre'),('It Follows wbu','Camp Nou','infantil','Suelo 31','Grada Norte','2027-07-10 00:00:00','libre'),('It Follows wbu','Camp Nou','infantil','Suelo 41','Grada Norte','2026-07-09 00:00:00','libre'),('It Follows wbu','Camp Nou','infantil','Suelo 41','Grada Norte','2027-07-10 00:00:00','libre'),('It Follows wbu','Camp Nou','infantil','Suelo 42','Grada Norte','2026-07-09 00:00:00','libre'),('It Follows wbu','Camp Nou','infantil','Suelo 42','Grada Norte','2027-07-10 00:00:00','libre'),('It Follows wbu','Camp Nou','infantil','Suelo 44','Grada Norte','2026-07-09 00:00:00','libre'),('It Follows wbu','Camp Nou','infantil','Suelo 44','Grada Norte','2027-07-10 00:00:00','libre'),('It Follows wbu','Camp Nou','infantil','Suelo 46','Grada Norte','2026-07-09 00:00:00','libre'),('It Follows wbu','Camp Nou','infantil','Suelo 46','Grada Norte','2027-07-10 00:00:00','libre'),('It Follows wbu','Camp Nou','infantil','Suelo 47','Grada Norte','2026-07-09 00:00:00','libre'),('It Follows wbu','Camp Nou','infantil','Suelo 47','Grada Norte','2027-07-10 00:00:00','libre'),('It Follows wbu','Camp Nou','infantil','Suelo 5','Grada Blanca Tribuna','2026-07-09 00:00:00','libre'),('It Follows wbu','Camp Nou','infantil','Suelo 5','Grada Blanca Tribuna','2027-07-10 00:00:00','libre'),('It Follows wbu','Camp Nou','infantil','Suelo 5','Grada Norte','2026-07-09 00:00:00','libre'),('It Follows wbu','Camp Nou','infantil','Suelo 5','Grada Norte','2027-07-10 00:00:00','libre'),('It Follows wbu','Camp Nou','infantil','Suelo 54','Grada Norte','2026-07-09 00:00:00','libre'),('It Follows wbu','Camp Nou','infantil','Suelo 54','Grada Norte','2027-07-10 00:00:00','libre'),('It Follows wbu','Camp Nou','infantil','Suelo 56','Grada Norte','2026-07-09 00:00:00','libre'),('It Follows wbu','Camp Nou','infantil','Suelo 56','Grada Norte','2027-07-10 00:00:00','libre'),('It Follows wbu','Camp Nou','infantil','Suelo 6','Grada Azul Zona','2026-07-09 00:00:00','libre'),('It Follows wbu','Camp Nou','infantil','Suelo 6','Grada Azul Zona','2027-07-10 00:00:00','libre'),('It Follows wbu','Camp Nou','infantil','Suelo 61','Grada Norte','2026-07-09 00:00:00','libre'),('It Follows wbu','Camp Nou','infantil','Suelo 61','Grada Norte','2027-07-10 00:00:00','libre'),('It Follows wbu','Camp Nou','infantil','Suelo 62','Grada Norte','2026-07-09 00:00:00','libre'),('It Follows wbu','Camp Nou','infantil','Suelo 62','Grada Norte','2027-07-10 00:00:00','libre'),('It Follows wbu','Camp Nou','infantil','Suelo 63','Grada Norte','2026-07-09 00:00:00','libre'),('It Follows wbu','Camp Nou','infantil','Suelo 63','Grada Norte','2027-07-10 00:00:00','libre'),('It Follows wbu','Camp Nou','infantil','Suelo 64','Grada Norte','2026-07-09 00:00:00','libre'),('It Follows wbu','Camp Nou','infantil','Suelo 64','Grada Norte','2027-07-10 00:00:00','libre'),('It Follows wbu','Camp Nou','infantil','Suelo 67','Grada Norte','2026-07-09 00:00:00','libre'),('It Follows wbu','Camp Nou','infantil','Suelo 67','Grada Norte','2027-07-10 00:00:00','libre'),('It Follows wbu','Camp Nou','infantil','Suelo 70','Grada Norte','2026-07-09 00:00:00','libre'),('It Follows wbu','Camp Nou','infantil','Suelo 70','Grada Norte','2027-07-10 00:00:00','libre'),('It Follows wbu','Camp Nou','infantil','Suelo 73','Grada Norte','2026-07-09 00:00:00','libre'),('It Follows wbu','Camp Nou','infantil','Suelo 73','Grada Norte','2027-07-10 00:00:00','libre'),('It Follows wbu','Camp Nou','infantil','Suelo 74','Grada Norte','2026-07-09 00:00:00','libre'),('It Follows wbu','Camp Nou','infantil','Suelo 74','Grada Norte','2027-07-10 00:00:00','libre'),('It Follows wbu','Camp Nou','infantil','Suelo 75','Grada Norte','2026-07-09 00:00:00','libre'),('It Follows wbu','Camp Nou','infantil','Suelo 75','Grada Norte','2027-07-10 00:00:00','libre'),('It Follows wbu','Camp Nou','infantil','Suelo 79','Grada Norte','2026-07-09 00:00:00','libre'),('It Follows wbu','Camp Nou','infantil','Suelo 79','Grada Norte','2027-07-10 00:00:00','libre'),('It Follows wbu','Camp Nou','infantil','Suelo 80','Grada Norte','2026-07-09 00:00:00','libre'),('It Follows wbu','Camp Nou','infantil','Suelo 80','Grada Norte','2027-07-10 00:00:00','libre'),('It Follows wbu','Camp Nou','infantil','Suelo 85','Grada Norte','2026-07-09 00:00:00','libre'),('It Follows wbu','Camp Nou','infantil','Suelo 85','Grada Norte','2027-07-10 00:00:00','libre'),('It Follows wbu','Camp Nou','infantil','Suelo 88','Grada Norte','2026-07-09 00:00:00','libre'),('It Follows wbu','Camp Nou','infantil','Suelo 88','Grada Norte','2027-07-10 00:00:00','libre'),('It Follows wbu','Camp Nou','infantil','Suelo 93','Grada Norte','2026-07-09 00:00:00','libre'),('It Follows wbu','Camp Nou','infantil','Suelo 93','Grada Norte','2027-07-10 00:00:00','libre'),('It Follows wbu','Camp Nou','infantil','Suelo 94','Grada Norte','2026-07-09 00:00:00','libre'),('It Follows wbu','Camp Nou','infantil','Suelo 94','Grada Norte','2027-07-10 00:00:00','libre'),('It Follows wbu','Jack Trice Stadium mtq','jubilado','Asiento 2','Grada Sur Tribuna','2025-12-17 00:00:00','libre'),('It Follows wbu','Jack Trice Stadium mtq','jubilado','Asiento 2','Grada Sur Tribuna','2026-06-02 00:00:00','libre'),('It Follows wbu','Jack Trice Stadium mtq','jubilado','Balcón 1','Grada Sur Tribuna','2025-12-17 00:00:00','libre'),('It Follows wbu','Jack Trice Stadium mtq','jubilado','Balcón 1','Grada Sur Tribuna','2026-06-02 00:00:00','libre'),('It Follows wbu','Jack Trice Stadium mtq','jubilado','Balcón 3','Grada Sur Tribuna','2025-12-17 00:00:00','libre'),('It Follows wbu','Jack Trice Stadium mtq','jubilado','Balcón 3','Grada Sur Tribuna','2026-06-02 00:00:00','libre'),('It Follows wbu','Jack Trice Stadium mtq','jubilado','Balcón 5','Grada Sur Tribuna','2025-12-17 00:00:00','libre'),('It Follows wbu','Jack Trice Stadium mtq','jubilado','Balcón 5','Grada Sur Tribuna','2026-06-02 00:00:00','libre'),('It Follows wbu','Jack Trice Stadium mtq','jubilado','Butaca 4','Grada Sur Tribuna','2025-12-17 00:00:00','libre'),('It Follows wbu','Jack Trice Stadium mtq','jubilado','Butaca 4','Grada Sur Tribuna','2026-06-02 00:00:00','libre'),('It Follows wbu','Jack Trice Stadium mtq','parado','Asiento 2','Grada Sur Tribuna','2025-12-17 00:00:00','libre'),('It Follows wbu','Jack Trice Stadium mtq','parado','Asiento 2','Grada Sur Tribuna','2026-06-02 00:00:00','libre'),('It Follows wbu','Jack Trice Stadium mtq','parado','Balcón 1','Grada Sur Tribuna','2025-12-17 00:00:00','libre'),('It Follows wbu','Jack Trice Stadium mtq','parado','Balcón 1','Grada Sur Tribuna','2026-06-02 00:00:00','libre'),('It Follows wbu','Jack Trice Stadium mtq','parado','Balcón 3','Grada Sur Tribuna','2025-12-17 00:00:00','libre'),('It Follows wbu','Jack Trice Stadium mtq','parado','Balcón 3','Grada Sur Tribuna','2026-06-02 00:00:00','libre'),('It Follows wbu','Jack Trice Stadium mtq','parado','Balcón 5','Grada Sur Tribuna','2025-12-17 00:00:00','libre'),('It Follows wbu','Jack Trice Stadium mtq','parado','Balcón 5','Grada Sur Tribuna','2026-06-02 00:00:00','libre'),('It Follows wbu','Jack Trice Stadium mtq','parado','Butaca 4','Grada Sur Tribuna','2025-12-17 00:00:00','libre'),('It Follows wbu','Jack Trice Stadium mtq','parado','Butaca 4','Grada Sur Tribuna','2026-06-02 00:00:00','libre'),('It Follows wbu','Jack Trice Stadium mtq','adulto','Asiento 2','Grada Sur Tribuna','2025-12-17 00:00:00','libre'),('It Follows wbu','Jack Trice Stadium mtq','adulto','Asiento 2','Grada Sur Tribuna','2026-06-02 00:00:00','libre'),('It Follows wbu','Jack Trice Stadium mtq','adulto','Balcón 1','Grada Sur Tribuna','2025-12-17 00:00:00','libre'),('It Follows wbu','Jack Trice Stadium mtq','adulto','Balcón 1','Grada Sur Tribuna','2026-06-02 00:00:00','libre'),('It Follows wbu','Jack Trice Stadium mtq','adulto','Balcón 3','Grada Sur Tribuna','2025-12-17 00:00:00','libre'),('It Follows wbu','Jack Trice Stadium mtq','adulto','Balcón 3','Grada Sur Tribuna','2026-06-02 00:00:00','libre'),('It Follows wbu','Jack Trice Stadium mtq','adulto','Balcón 5','Grada Sur Tribuna','2025-12-17 00:00:00','libre'),('It Follows wbu','Jack Trice Stadium mtq','adulto','Balcón 5','Grada Sur Tribuna','2026-06-02 00:00:00','libre'),('It Follows wbu','Jack Trice Stadium mtq','adulto','Butaca 4','Grada Sur Tribuna','2025-12-17 00:00:00','libre'),('It Follows wbu','Jack Trice Stadium mtq','adulto','Butaca 4','Grada Sur Tribuna','2026-06-02 00:00:00','libre'),('It Follows wbu','Jack Trice Stadium mtq','infantil','Asiento 2','Grada Sur Tribuna','2025-12-17 00:00:00','libre'),('It Follows wbu','Jack Trice Stadium mtq','infantil','Asiento 2','Grada Sur Tribuna','2026-06-02 00:00:00','libre'),('It Follows wbu','Jack Trice Stadium mtq','infantil','Balcón 1','Grada Sur Tribuna','2025-12-17 00:00:00','libre'),('It Follows wbu','Jack Trice Stadium mtq','infantil','Balcón 1','Grada Sur Tribuna','2026-06-02 00:00:00','libre'),('It Follows wbu','Jack Trice Stadium mtq','infantil','Balcón 3','Grada Sur Tribuna','2025-12-17 00:00:00','libre'),('It Follows wbu','Jack Trice Stadium mtq','infantil','Balcón 3','Grada Sur Tribuna','2026-06-02 00:00:00','libre'),('It Follows wbu','Jack Trice Stadium mtq','infantil','Balcón 5','Grada Sur Tribuna','2025-12-17 00:00:00','libre'),('It Follows wbu','Jack Trice Stadium mtq','infantil','Balcón 5','Grada Sur Tribuna','2026-06-02 00:00:00','libre'),('It Follows wbu','Jack Trice Stadium mtq','infantil','Butaca 4','Grada Sur Tribuna','2025-12-17 00:00:00','libre'),('It Follows wbu','Jack Trice Stadium mtq','infantil','Butaca 4','Grada Sur Tribuna','2026-06-02 00:00:00','libre'),('Kimi no na wa fsu','AMI Stadium tov','jubilado','Asiento 3','Grada Este Grada','2024-04-12 00:00:00','libre'),('Kimi no na wa fsu','AMI Stadium tov','jubilado','Asiento 3','Grada Este Grada','2027-06-21 00:00:00','libre'),('Kimi no na wa fsu','AMI Stadium tov','jubilado','Asiento 6','Grada Este Grada','2024-04-12 00:00:00','libre'),('Kimi no na wa fsu','AMI Stadium tov','jubilado','Asiento 6','Grada Este Grada','2027-06-21 00:00:00','libre'),('Kimi no na wa fsu','AMI Stadium tov','jubilado','Asiento 9','Grada Este Grada','2024-04-12 00:00:00','libre'),('Kimi no na wa fsu','AMI Stadium tov','jubilado','Asiento 9','Grada Este Grada','2027-06-21 00:00:00','libre'),('Kimi no na wa fsu','AMI Stadium tov','jubilado','Balcón 1','Grada Este Grada','2024-04-12 00:00:00','libre'),('Kimi no na wa fsu','AMI Stadium tov','jubilado','Balcón 1','Grada Este Grada','2027-06-21 00:00:00','libre'),('Kimi no na wa fsu','AMI Stadium tov','jubilado','Balcón 4','Grada Este Grada','2024-04-12 00:00:00','libre'),('Kimi no na wa fsu','AMI Stadium tov','jubilado','Balcón 4','Grada Este Grada','2027-06-21 00:00:00','libre'),('Kimi no na wa fsu','AMI Stadium tov','jubilado','Balcón 8','Grada Este Grada','2024-04-12 00:00:00','libre'),('Kimi no na wa fsu','AMI Stadium tov','jubilado','Balcón 8','Grada Este Grada','2027-06-21 00:00:00','libre'),('Kimi no na wa fsu','AMI Stadium tov','jubilado','Butaca 5','Grada Este Grada','2024-04-12 00:00:00','libre'),('Kimi no na wa fsu','AMI Stadium tov','jubilado','Butaca 5','Grada Este Grada','2027-06-21 00:00:00','libre'),('Kimi no na wa fsu','AMI Stadium tov','jubilado','Suelo 2','Grada Este Grada','2024-04-12 00:00:00','libre'),('Kimi no na wa fsu','AMI Stadium tov','jubilado','Suelo 2','Grada Este Grada','2027-06-21 00:00:00','libre'),('Kimi no na wa fsu','AMI Stadium tov','jubilado','Suelo 7','Grada Este Grada','2024-04-12 00:00:00','libre'),('Kimi no na wa fsu','AMI Stadium tov','jubilado','Suelo 7','Grada Este Grada','2027-06-21 00:00:00','libre'),('Kimi no na wa fsu','AMI Stadium tov','parado','Asiento 3','Grada Este Grada','2024-04-12 00:00:00','libre'),('Kimi no na wa fsu','AMI Stadium tov','parado','Asiento 3','Grada Este Grada','2027-06-21 00:00:00','libre'),('Kimi no na wa fsu','AMI Stadium tov','parado','Asiento 6','Grada Este Grada','2024-04-12 00:00:00','libre'),('Kimi no na wa fsu','AMI Stadium tov','parado','Asiento 6','Grada Este Grada','2027-06-21 00:00:00','libre'),('Kimi no na wa fsu','AMI Stadium tov','parado','Asiento 9','Grada Este Grada','2024-04-12 00:00:00','libre'),('Kimi no na wa fsu','AMI Stadium tov','parado','Asiento 9','Grada Este Grada','2027-06-21 00:00:00','libre'),('Kimi no na wa fsu','AMI Stadium tov','parado','Balcón 1','Grada Este Grada','2024-04-12 00:00:00','libre'),('Kimi no na wa fsu','AMI Stadium tov','parado','Balcón 1','Grada Este Grada','2027-06-21 00:00:00','libre'),('Kimi no na wa fsu','AMI Stadium tov','parado','Balcón 4','Grada Este Grada','2024-04-12 00:00:00','libre'),('Kimi no na wa fsu','AMI Stadium tov','parado','Balcón 4','Grada Este Grada','2027-06-21 00:00:00','libre'),('Kimi no na wa fsu','AMI Stadium tov','parado','Balcón 8','Grada Este Grada','2024-04-12 00:00:00','libre'),('Kimi no na wa fsu','AMI Stadium tov','parado','Balcón 8','Grada Este Grada','2027-06-21 00:00:00','libre'),('Kimi no na wa fsu','AMI Stadium tov','parado','Butaca 5','Grada Este Grada','2024-04-12 00:00:00','libre'),('Kimi no na wa fsu','AMI Stadium tov','parado','Butaca 5','Grada Este Grada','2027-06-21 00:00:00','libre'),('Kimi no na wa fsu','AMI Stadium tov','parado','Suelo 2','Grada Este Grada','2024-04-12 00:00:00','libre'),('Kimi no na wa fsu','AMI Stadium tov','parado','Suelo 2','Grada Este Grada','2027-06-21 00:00:00','libre'),('Kimi no na wa fsu','AMI Stadium tov','parado','Suelo 7','Grada Este Grada','2024-04-12 00:00:00','libre'),('Kimi no na wa fsu','AMI Stadium tov','parado','Suelo 7','Grada Este Grada','2027-06-21 00:00:00','libre'),('Kimi no na wa fsu','AMI Stadium tov','adulto','Asiento 3','Grada Este Grada','2024-04-12 00:00:00','libre'),('Kimi no na wa fsu','AMI Stadium tov','adulto','Asiento 3','Grada Este Grada','2027-06-21 00:00:00','libre'),('Kimi no na wa fsu','AMI Stadium tov','adulto','Asiento 6','Grada Este Grada','2024-04-12 00:00:00','libre'),('Kimi no na wa fsu','AMI Stadium tov','adulto','Asiento 6','Grada Este Grada','2027-06-21 00:00:00','libre'),('Kimi no na wa fsu','AMI Stadium tov','adulto','Asiento 9','Grada Este Grada','2024-04-12 00:00:00','libre'),('Kimi no na wa fsu','AMI Stadium tov','adulto','Asiento 9','Grada Este Grada','2027-06-21 00:00:00','libre'),('Kimi no na wa fsu','AMI Stadium tov','adulto','Balcón 1','Grada Este Grada','2024-04-12 00:00:00','libre'),('Kimi no na wa fsu','AMI Stadium tov','adulto','Balcón 1','Grada Este Grada','2027-06-21 00:00:00','libre'),('Kimi no na wa fsu','AMI Stadium tov','adulto','Balcón 4','Grada Este Grada','2024-04-12 00:00:00','libre'),('Kimi no na wa fsu','AMI Stadium tov','adulto','Balcón 4','Grada Este Grada','2027-06-21 00:00:00','libre'),('Kimi no na wa fsu','AMI Stadium tov','adulto','Balcón 8','Grada Este Grada','2024-04-12 00:00:00','libre'),('Kimi no na wa fsu','AMI Stadium tov','adulto','Balcón 8','Grada Este Grada','2027-06-21 00:00:00','libre'),('Kimi no na wa fsu','AMI Stadium tov','adulto','Butaca 5','Grada Este Grada','2024-04-12 00:00:00','libre'),('Kimi no na wa fsu','AMI Stadium tov','adulto','Butaca 5','Grada Este Grada','2027-06-21 00:00:00','libre'),('Kimi no na wa fsu','AMI Stadium tov','adulto','Suelo 2','Grada Este Grada','2024-04-12 00:00:00','libre'),('Kimi no na wa fsu','AMI Stadium tov','adulto','Suelo 2','Grada Este Grada','2027-06-21 00:00:00','libre'),('Kimi no na wa fsu','AMI Stadium tov','adulto','Suelo 7','Grada Este Grada','2024-04-12 00:00:00','libre'),('Kimi no na wa fsu','AMI Stadium tov','adulto','Suelo 7','Grada Este Grada','2027-06-21 00:00:00','libre'),('Kimi no na wa fsu','AMI Stadium tov','infantil','Asiento 3','Grada Este Grada','2024-04-12 00:00:00','libre'),('Kimi no na wa fsu','AMI Stadium tov','infantil','Asiento 3','Grada Este Grada','2027-06-21 00:00:00','libre'),('Kimi no na wa fsu','AMI Stadium tov','infantil','Asiento 6','Grada Este Grada','2024-04-12 00:00:00','libre'),('Kimi no na wa fsu','AMI Stadium tov','infantil','Asiento 6','Grada Este Grada','2027-06-21 00:00:00','libre'),('Kimi no na wa fsu','AMI Stadium tov','infantil','Asiento 9','Grada Este Grada','2024-04-12 00:00:00','libre'),('Kimi no na wa fsu','AMI Stadium tov','infantil','Asiento 9','Grada Este Grada','2027-06-21 00:00:00','libre'),('Kimi no na wa fsu','AMI Stadium tov','infantil','Balcón 1','Grada Este Grada','2024-04-12 00:00:00','libre'),('Kimi no na wa fsu','AMI Stadium tov','infantil','Balcón 1','Grada Este Grada','2027-06-21 00:00:00','libre'),('Kimi no na wa fsu','AMI Stadium tov','infantil','Balcón 4','Grada Este Grada','2024-04-12 00:00:00','libre'),('Kimi no na wa fsu','AMI Stadium tov','infantil','Balcón 4','Grada Este Grada','2027-06-21 00:00:00','libre'),('Kimi no na wa fsu','AMI Stadium tov','infantil','Balcón 8','Grada Este Grada','2024-04-12 00:00:00','libre'),('Kimi no na wa fsu','AMI Stadium tov','infantil','Balcón 8','Grada Este Grada','2027-06-21 00:00:00','libre'),('Kimi no na wa fsu','AMI Stadium tov','infantil','Butaca 5','Grada Este Grada','2024-04-12 00:00:00','libre'),('Kimi no na wa fsu','AMI Stadium tov','infantil','Butaca 5','Grada Este Grada','2027-06-21 00:00:00','libre'),('Kimi no na wa fsu','AMI Stadium tov','infantil','Suelo 2','Grada Este Grada','2024-04-12 00:00:00','libre'),('Kimi no na wa fsu','AMI Stadium tov','infantil','Suelo 2','Grada Este Grada','2027-06-21 00:00:00','libre'),('Kimi no na wa fsu','AMI Stadium tov','infantil','Suelo 7','Grada Este Grada','2024-04-12 00:00:00','libre'),('Kimi no na wa fsu','AMI Stadium tov','infantil','Suelo 7','Grada Este Grada','2027-06-21 00:00:00','libre'),('Kimi no na wa fsu','Camp Nou','jubilado','Asiento 1','Grada Norte','2026-02-17 00:00:00','libre'),('Kimi no na wa fsu','Camp Nou','jubilado','Asiento 18','Grada Norte','2026-02-17 00:00:00','libre'),('Kimi no na wa fsu','Camp Nou','jubilado','Asiento 19','Grada Norte','2026-02-17 00:00:00','libre'),('Kimi no na wa fsu','Camp Nou','jubilado','Asiento 26','Grada Norte','2026-02-17 00:00:00','libre'),('Kimi no na wa fsu','Camp Nou','jubilado','Asiento 3','Grada Blanca Tribuna','2026-02-17 00:00:00','libre'),('Kimi no na wa fsu','Camp Nou','jubilado','Asiento 34','Grada Norte','2026-02-17 00:00:00','libre'),('Kimi no na wa fsu','Camp Nou','jubilado','Asiento 36','Grada Norte','2026-02-17 00:00:00','libre'),('Kimi no na wa fsu','Camp Nou','jubilado','Asiento 38','Grada Norte','2026-02-17 00:00:00','libre'),('Kimi no na wa fsu','Camp Nou','jubilado','Asiento 4','Grada Azul Zona','2026-02-17 00:00:00','libre'),('Kimi no na wa fsu','Camp Nou','jubilado','Asiento 45','Grada Norte','2026-02-17 00:00:00','libre'),('Kimi no na wa fsu','Camp Nou','jubilado','Asiento 5','Grada Azul Zona','2026-02-17 00:00:00','libre'),('Kimi no na wa fsu','Camp Nou','jubilado','Asiento 51','Grada Norte','2026-02-17 00:00:00','libre'),('Kimi no na wa fsu','Camp Nou','jubilado','Asiento 52','Grada Norte','2026-02-17 00:00:00','libre'),('Kimi no na wa fsu','Camp Nou','jubilado','Asiento 55','Grada Norte','2026-02-17 00:00:00','libre'),('Kimi no na wa fsu','Camp Nou','jubilado','Asiento 58','Grada Norte','2026-02-17 00:00:00','libre'),('Kimi no na wa fsu','Camp Nou','jubilado','Asiento 6','Grada Norte','2026-02-17 00:00:00','libre'),('Kimi no na wa fsu','Camp Nou','jubilado','Asiento 66','Grada Norte','2026-02-17 00:00:00','libre'),('Kimi no na wa fsu','Camp Nou','jubilado','Asiento 68','Grada Norte','2026-02-17 00:00:00','libre'),('Kimi no na wa fsu','Camp Nou','jubilado','Asiento 69','Grada Norte','2026-02-17 00:00:00','libre'),('Kimi no na wa fsu','Camp Nou','jubilado','Asiento 7','Grada Blanca Tribuna','2026-02-17 00:00:00','libre'),('Kimi no na wa fsu','Camp Nou','jubilado','Asiento 77','Grada Norte','2026-02-17 00:00:00','libre'),('Kimi no na wa fsu','Camp Nou','jubilado','Asiento 9','Grada Norte','2026-02-17 00:00:00','libre'),('Kimi no na wa fsu','Camp Nou','jubilado','Asiento 90','Grada Norte','2026-02-17 00:00:00','libre'),('Kimi no na wa fsu','Camp Nou','jubilado','Asiento 96','Grada Norte','2026-02-17 00:00:00','libre'),('Kimi no na wa fsu','Camp Nou','jubilado','Balcón 1','Grada Azul Zona','2026-02-17 00:00:00','libre'),('Kimi no na wa fsu','Camp Nou','jubilado','Balcón 10','Grada Blanca Tribuna','2026-02-17 00:00:00','libre'),('Kimi no na wa fsu','Camp Nou','jubilado','Balcón 10','Grada Norte','2026-02-17 00:00:00','libre'),('Kimi no na wa fsu','Camp Nou','jubilado','Balcón 100','Grada Norte','2026-02-17 00:00:00','libre'),('Kimi no na wa fsu','Camp Nou','jubilado','Balcón 14','Grada Norte','2026-02-17 00:00:00','libre'),('Kimi no na wa fsu','Camp Nou','jubilado','Balcón 15','Grada Norte','2026-02-17 00:00:00','libre'),('Kimi no na wa fsu','Camp Nou','jubilado','Balcón 16','Grada Norte','2026-02-17 00:00:00','libre'),('Kimi no na wa fsu','Camp Nou','jubilado','Balcón 2','Grada Norte','2026-02-17 00:00:00','libre'),('Kimi no na wa fsu','Camp Nou','jubilado','Balcón 20','Grada Norte','2026-02-17 00:00:00','libre'),('Kimi no na wa fsu','Camp Nou','jubilado','Balcón 29','Grada Norte','2026-02-17 00:00:00','libre'),('Kimi no na wa fsu','Camp Nou','jubilado','Balcón 3','Grada Azul Zona','2026-02-17 00:00:00','libre'),('Kimi no na wa fsu','Camp Nou','jubilado','Balcón 3','Grada Norte','2026-02-17 00:00:00','libre'),('Kimi no na wa fsu','Camp Nou','jubilado','Balcón 32','Grada Norte','2026-02-17 00:00:00','libre'),('Kimi no na wa fsu','Camp Nou','jubilado','Balcón 39','Grada Norte','2026-02-17 00:00:00','libre'),('Kimi no na wa fsu','Camp Nou','jubilado','Balcón 4','Grada Norte','2026-02-17 00:00:00','libre'),('Kimi no na wa fsu','Camp Nou','jubilado','Balcón 49','Grada Norte','2026-02-17 00:00:00','libre'),('Kimi no na wa fsu','Camp Nou','jubilado','Balcón 59','Grada Norte','2026-02-17 00:00:00','libre'),('Kimi no na wa fsu','Camp Nou','jubilado','Balcón 60','Grada Norte','2026-02-17 00:00:00','libre'),('Kimi no na wa fsu','Camp Nou','jubilado','Balcón 65','Grada Norte','2026-02-17 00:00:00','libre'),('Kimi no na wa fsu','Camp Nou','jubilado','Balcón 7','Grada Azul Zona','2026-02-17 00:00:00','libre'),('Kimi no na wa fsu','Camp Nou','jubilado','Balcón 71','Grada Norte','2026-02-17 00:00:00','libre'),('Kimi no na wa fsu','Camp Nou','jubilado','Balcón 72','Grada Norte','2026-02-17 00:00:00','libre'),('Kimi no na wa fsu','Camp Nou','jubilado','Balcón 76','Grada Norte','2026-02-17 00:00:00','libre'),('Kimi no na wa fsu','Camp Nou','jubilado','Balcón 8','Grada Blanca Tribuna','2026-02-17 00:00:00','libre'),('Kimi no na wa fsu','Camp Nou','jubilado','Balcón 81','Grada Norte','2026-02-17 00:00:00','libre'),('Kimi no na wa fsu','Camp Nou','jubilado','Balcón 83','Grada Norte','2026-02-17 00:00:00','libre'),('Kimi no na wa fsu','Camp Nou','jubilado','Balcón 89','Grada Norte','2026-02-17 00:00:00','libre'),('Kimi no na wa fsu','Camp Nou','jubilado','Balcón 97','Grada Norte','2026-02-17 00:00:00','libre'),('Kimi no na wa fsu','Camp Nou','jubilado','Butaca 11','Grada Norte','2026-02-17 00:00:00','libre'),('Kimi no na wa fsu','Camp Nou','jubilado','Butaca 12','Grada Norte','2026-02-17 00:00:00','libre'),('Kimi no na wa fsu','Camp Nou','jubilado','Butaca 13','Grada Norte','2026-02-17 00:00:00','libre'),('Kimi no na wa fsu','Camp Nou','jubilado','Butaca 2','Grada Blanca Tribuna','2026-02-17 00:00:00','libre'),('Kimi no na wa fsu','Camp Nou','jubilado','Butaca 22','Grada Norte','2026-02-17 00:00:00','libre'),('Kimi no na wa fsu','Camp Nou','jubilado','Butaca 27','Grada Norte','2026-02-17 00:00:00','libre'),('Kimi no na wa fsu','Camp Nou','jubilado','Butaca 28','Grada Norte','2026-02-17 00:00:00','libre'),('Kimi no na wa fsu','Camp Nou','jubilado','Butaca 30','Grada Norte','2026-02-17 00:00:00','libre'),('Kimi no na wa fsu','Camp Nou','jubilado','Butaca 33','Grada Norte','2026-02-17 00:00:00','libre'),('Kimi no na wa fsu','Camp Nou','jubilado','Butaca 35','Grada Norte','2026-02-17 00:00:00','libre'),('Kimi no na wa fsu','Camp Nou','jubilado','Butaca 37','Grada Norte','2026-02-17 00:00:00','libre'),('Kimi no na wa fsu','Camp Nou','jubilado','Butaca 4','Grada Blanca Tribuna','2026-02-17 00:00:00','libre'),('Kimi no na wa fsu','Camp Nou','jubilado','Butaca 40','Grada Norte','2026-02-17 00:00:00','libre'),('Kimi no na wa fsu','Camp Nou','jubilado','Butaca 43','Grada Norte','2026-02-17 00:00:00','libre'),('Kimi no na wa fsu','Camp Nou','jubilado','Butaca 48','Grada Norte','2026-02-17 00:00:00','libre'),('Kimi no na wa fsu','Camp Nou','jubilado','Butaca 50','Grada Norte','2026-02-17 00:00:00','libre'),('Kimi no na wa fsu','Camp Nou','jubilado','Butaca 53','Grada Norte','2026-02-17 00:00:00','libre'),('Kimi no na wa fsu','Camp Nou','jubilado','Butaca 57','Grada Norte','2026-02-17 00:00:00','libre'),('Kimi no na wa fsu','Camp Nou','jubilado','Butaca 6','Grada Blanca Tribuna','2026-02-17 00:00:00','libre'),('Kimi no na wa fsu','Camp Nou','jubilado','Butaca 7','Grada Norte','2026-02-17 00:00:00','libre'),('Kimi no na wa fsu','Camp Nou','jubilado','Butaca 78','Grada Norte','2026-02-17 00:00:00','libre'),('Kimi no na wa fsu','Camp Nou','jubilado','Butaca 8','Grada Norte','2026-02-17 00:00:00','libre'),('Kimi no na wa fsu','Camp Nou','jubilado','Butaca 82','Grada Norte','2026-02-17 00:00:00','libre'),('Kimi no na wa fsu','Camp Nou','jubilado','Butaca 84','Grada Norte','2026-02-17 00:00:00','libre'),('Kimi no na wa fsu','Camp Nou','jubilado','Butaca 86','Grada Norte','2026-02-17 00:00:00','libre'),('Kimi no na wa fsu','Camp Nou','jubilado','Butaca 87','Grada Norte','2026-02-17 00:00:00','libre'),('Kimi no na wa fsu','Camp Nou','jubilado','Butaca 9','Grada Blanca Tribuna','2026-02-17 00:00:00','libre'),('Kimi no na wa fsu','Camp Nou','jubilado','Butaca 91','Grada Norte','2026-02-17 00:00:00','libre'),('Kimi no na wa fsu','Camp Nou','jubilado','Butaca 92','Grada Norte','2026-02-17 00:00:00','libre'),('Kimi no na wa fsu','Camp Nou','jubilado','Butaca 95','Grada Norte','2026-02-17 00:00:00','libre'),('Kimi no na wa fsu','Camp Nou','jubilado','Butaca 98','Grada Norte','2026-02-17 00:00:00','libre'),('Kimi no na wa fsu','Camp Nou','jubilado','Butaca 99','Grada Norte','2026-02-17 00:00:00','libre'),('Kimi no na wa fsu','Camp Nou','jubilado','Suelo 1','Grada Blanca Tribuna','2026-02-17 00:00:00','libre'),('Kimi no na wa fsu','Camp Nou','jubilado','Suelo 17','Grada Norte','2026-02-17 00:00:00','libre'),('Kimi no na wa fsu','Camp Nou','jubilado','Suelo 2','Grada Azul Zona','2026-02-17 00:00:00','libre'),('Kimi no na wa fsu','Camp Nou','jubilado','Suelo 21','Grada Norte','2026-02-17 00:00:00','libre'),('Kimi no na wa fsu','Camp Nou','jubilado','Suelo 23','Grada Norte','2026-02-17 00:00:00','libre'),('Kimi no na wa fsu','Camp Nou','jubilado','Suelo 24','Grada Norte','2026-02-17 00:00:00','libre'),('Kimi no na wa fsu','Camp Nou','jubilado','Suelo 25','Grada Norte','2026-02-17 00:00:00','libre'),('Kimi no na wa fsu','Camp Nou','jubilado','Suelo 31','Grada Norte','2026-02-17 00:00:00','libre'),('Kimi no na wa fsu','Camp Nou','jubilado','Suelo 41','Grada Norte','2026-02-17 00:00:00','libre'),('Kimi no na wa fsu','Camp Nou','jubilado','Suelo 42','Grada Norte','2026-02-17 00:00:00','libre'),('Kimi no na wa fsu','Camp Nou','jubilado','Suelo 44','Grada Norte','2026-02-17 00:00:00','libre'),('Kimi no na wa fsu','Camp Nou','jubilado','Suelo 46','Grada Norte','2026-02-17 00:00:00','libre'),('Kimi no na wa fsu','Camp Nou','jubilado','Suelo 47','Grada Norte','2026-02-17 00:00:00','libre'),('Kimi no na wa fsu','Camp Nou','jubilado','Suelo 5','Grada Blanca Tribuna','2026-02-17 00:00:00','libre'),('Kimi no na wa fsu','Camp Nou','jubilado','Suelo 5','Grada Norte','2026-02-17 00:00:00','libre'),('Kimi no na wa fsu','Camp Nou','jubilado','Suelo 54','Grada Norte','2026-02-17 00:00:00','libre'),('Kimi no na wa fsu','Camp Nou','jubilado','Suelo 56','Grada Norte','2026-02-17 00:00:00','libre'),('Kimi no na wa fsu','Camp Nou','jubilado','Suelo 6','Grada Azul Zona','2026-02-17 00:00:00','libre'),('Kimi no na wa fsu','Camp Nou','jubilado','Suelo 61','Grada Norte','2026-02-17 00:00:00','libre'),('Kimi no na wa fsu','Camp Nou','jubilado','Suelo 62','Grada Norte','2026-02-17 00:00:00','libre'),('Kimi no na wa fsu','Camp Nou','jubilado','Suelo 63','Grada Norte','2026-02-17 00:00:00','libre'),('Kimi no na wa fsu','Camp Nou','jubilado','Suelo 64','Grada Norte','2026-02-17 00:00:00','libre'),('Kimi no na wa fsu','Camp Nou','jubilado','Suelo 67','Grada Norte','2026-02-17 00:00:00','libre'),('Kimi no na wa fsu','Camp Nou','jubilado','Suelo 70','Grada Norte','2026-02-17 00:00:00','libre'),('Kimi no na wa fsu','Camp Nou','jubilado','Suelo 73','Grada Norte','2026-02-17 00:00:00','libre'),('Kimi no na wa fsu','Camp Nou','jubilado','Suelo 74','Grada Norte','2026-02-17 00:00:00','libre'),('Kimi no na wa fsu','Camp Nou','jubilado','Suelo 75','Grada Norte','2026-02-17 00:00:00','libre'),('Kimi no na wa fsu','Camp Nou','jubilado','Suelo 79','Grada Norte','2026-02-17 00:00:00','libre'),('Kimi no na wa fsu','Camp Nou','jubilado','Suelo 80','Grada Norte','2026-02-17 00:00:00','libre'),('Kimi no na wa fsu','Camp Nou','jubilado','Suelo 85','Grada Norte','2026-02-17 00:00:00','libre'),('Kimi no na wa fsu','Camp Nou','jubilado','Suelo 88','Grada Norte','2026-02-17 00:00:00','libre'),('Kimi no na wa fsu','Camp Nou','jubilado','Suelo 93','Grada Norte','2026-02-17 00:00:00','libre'),('Kimi no na wa fsu','Camp Nou','jubilado','Suelo 94','Grada Norte','2026-02-17 00:00:00','libre'),('Kimi no na wa fsu','Camp Nou','parado','Asiento 1','Grada Norte','2026-02-17 00:00:00','libre'),('Kimi no na wa fsu','Camp Nou','parado','Asiento 18','Grada Norte','2026-02-17 00:00:00','libre'),('Kimi no na wa fsu','Camp Nou','parado','Asiento 19','Grada Norte','2026-02-17 00:00:00','libre'),('Kimi no na wa fsu','Camp Nou','parado','Asiento 26','Grada Norte','2026-02-17 00:00:00','libre'),('Kimi no na wa fsu','Camp Nou','parado','Asiento 3','Grada Blanca Tribuna','2026-02-17 00:00:00','libre'),('Kimi no na wa fsu','Camp Nou','parado','Asiento 34','Grada Norte','2026-02-17 00:00:00','libre'),('Kimi no na wa fsu','Camp Nou','parado','Asiento 36','Grada Norte','2026-02-17 00:00:00','libre'),('Kimi no na wa fsu','Camp Nou','parado','Asiento 38','Grada Norte','2026-02-17 00:00:00','libre'),('Kimi no na wa fsu','Camp Nou','parado','Asiento 4','Grada Azul Zona','2026-02-17 00:00:00','libre'),('Kimi no na wa fsu','Camp Nou','parado','Asiento 45','Grada Norte','2026-02-17 00:00:00','libre'),('Kimi no na wa fsu','Camp Nou','parado','Asiento 5','Grada Azul Zona','2026-02-17 00:00:00','libre'),('Kimi no na wa fsu','Camp Nou','parado','Asiento 51','Grada Norte','2026-02-17 00:00:00','libre'),('Kimi no na wa fsu','Camp Nou','parado','Asiento 52','Grada Norte','2026-02-17 00:00:00','libre'),('Kimi no na wa fsu','Camp Nou','parado','Asiento 55','Grada Norte','2026-02-17 00:00:00','libre'),('Kimi no na wa fsu','Camp Nou','parado','Asiento 58','Grada Norte','2026-02-17 00:00:00','libre'),('Kimi no na wa fsu','Camp Nou','parado','Asiento 6','Grada Norte','2026-02-17 00:00:00','libre'),('Kimi no na wa fsu','Camp Nou','parado','Asiento 66','Grada Norte','2026-02-17 00:00:00','libre'),('Kimi no na wa fsu','Camp Nou','parado','Asiento 68','Grada Norte','2026-02-17 00:00:00','libre'),('Kimi no na wa fsu','Camp Nou','parado','Asiento 69','Grada Norte','2026-02-17 00:00:00','libre'),('Kimi no na wa fsu','Camp Nou','parado','Asiento 7','Grada Blanca Tribuna','2026-02-17 00:00:00','libre'),('Kimi no na wa fsu','Camp Nou','parado','Asiento 77','Grada Norte','2026-02-17 00:00:00','libre'),('Kimi no na wa fsu','Camp Nou','parado','Asiento 9','Grada Norte','2026-02-17 00:00:00','libre'),('Kimi no na wa fsu','Camp Nou','parado','Asiento 90','Grada Norte','2026-02-17 00:00:00','libre'),('Kimi no na wa fsu','Camp Nou','parado','Asiento 96','Grada Norte','2026-02-17 00:00:00','libre'),('Kimi no na wa fsu','Camp Nou','parado','Balcón 1','Grada Azul Zona','2026-02-17 00:00:00','libre'),('Kimi no na wa fsu','Camp Nou','parado','Balcón 10','Grada Blanca Tribuna','2026-02-17 00:00:00','libre'),('Kimi no na wa fsu','Camp Nou','parado','Balcón 10','Grada Norte','2026-02-17 00:00:00','libre'),('Kimi no na wa fsu','Camp Nou','parado','Balcón 100','Grada Norte','2026-02-17 00:00:00','libre'),('Kimi no na wa fsu','Camp Nou','parado','Balcón 14','Grada Norte','2026-02-17 00:00:00','libre'),('Kimi no na wa fsu','Camp Nou','parado','Balcón 15','Grada Norte','2026-02-17 00:00:00','libre'),('Kimi no na wa fsu','Camp Nou','parado','Balcón 16','Grada Norte','2026-02-17 00:00:00','libre'),('Kimi no na wa fsu','Camp Nou','parado','Balcón 2','Grada Norte','2026-02-17 00:00:00','libre'),('Kimi no na wa fsu','Camp Nou','parado','Balcón 20','Grada Norte','2026-02-17 00:00:00','libre'),('Kimi no na wa fsu','Camp Nou','parado','Balcón 29','Grada Norte','2026-02-17 00:00:00','libre'),('Kimi no na wa fsu','Camp Nou','parado','Balcón 3','Grada Azul Zona','2026-02-17 00:00:00','libre'),('Kimi no na wa fsu','Camp Nou','parado','Balcón 3','Grada Norte','2026-02-17 00:00:00','libre'),('Kimi no na wa fsu','Camp Nou','parado','Balcón 32','Grada Norte','2026-02-17 00:00:00','libre'),('Kimi no na wa fsu','Camp Nou','parado','Balcón 39','Grada Norte','2026-02-17 00:00:00','libre'),('Kimi no na wa fsu','Camp Nou','parado','Balcón 4','Grada Norte','2026-02-17 00:00:00','libre'),('Kimi no na wa fsu','Camp Nou','parado','Balcón 49','Grada Norte','2026-02-17 00:00:00','libre'),('Kimi no na wa fsu','Camp Nou','parado','Balcón 59','Grada Norte','2026-02-17 00:00:00','libre'),('Kimi no na wa fsu','Camp Nou','parado','Balcón 60','Grada Norte','2026-02-17 00:00:00','libre'),('Kimi no na wa fsu','Camp Nou','parado','Balcón 65','Grada Norte','2026-02-17 00:00:00','libre'),('Kimi no na wa fsu','Camp Nou','parado','Balcón 7','Grada Azul Zona','2026-02-17 00:00:00','libre'),('Kimi no na wa fsu','Camp Nou','parado','Balcón 71','Grada Norte','2026-02-17 00:00:00','libre'),('Kimi no na wa fsu','Camp Nou','parado','Balcón 72','Grada Norte','2026-02-17 00:00:00','libre'),('Kimi no na wa fsu','Camp Nou','parado','Balcón 76','Grada Norte','2026-02-17 00:00:00','libre'),('Kimi no na wa fsu','Camp Nou','parado','Balcón 8','Grada Blanca Tribuna','2026-02-17 00:00:00','libre'),('Kimi no na wa fsu','Camp Nou','parado','Balcón 81','Grada Norte','2026-02-17 00:00:00','libre'),('Kimi no na wa fsu','Camp Nou','parado','Balcón 83','Grada Norte','2026-02-17 00:00:00','libre'),('Kimi no na wa fsu','Camp Nou','parado','Balcón 89','Grada Norte','2026-02-17 00:00:00','libre'),('Kimi no na wa fsu','Camp Nou','parado','Balcón 97','Grada Norte','2026-02-17 00:00:00','libre'),('Kimi no na wa fsu','Camp Nou','parado','Butaca 11','Grada Norte','2026-02-17 00:00:00','libre'),('Kimi no na wa fsu','Camp Nou','parado','Butaca 12','Grada Norte','2026-02-17 00:00:00','libre'),('Kimi no na wa fsu','Camp Nou','parado','Butaca 13','Grada Norte','2026-02-17 00:00:00','libre'),('Kimi no na wa fsu','Camp Nou','parado','Butaca 2','Grada Blanca Tribuna','2026-02-17 00:00:00','libre'),('Kimi no na wa fsu','Camp Nou','parado','Butaca 22','Grada Norte','2026-02-17 00:00:00','libre'),('Kimi no na wa fsu','Camp Nou','parado','Butaca 27','Grada Norte','2026-02-17 00:00:00','libre'),('Kimi no na wa fsu','Camp Nou','parado','Butaca 28','Grada Norte','2026-02-17 00:00:00','libre'),('Kimi no na wa fsu','Camp Nou','parado','Butaca 30','Grada Norte','2026-02-17 00:00:00','libre'),('Kimi no na wa fsu','Camp Nou','parado','Butaca 33','Grada Norte','2026-02-17 00:00:00','libre'),('Kimi no na wa fsu','Camp Nou','parado','Butaca 35','Grada Norte','2026-02-17 00:00:00','libre'),('Kimi no na wa fsu','Camp Nou','parado','Butaca 37','Grada Norte','2026-02-17 00:00:00','libre'),('Kimi no na wa fsu','Camp Nou','parado','Butaca 4','Grada Blanca Tribuna','2026-02-17 00:00:00','libre'),('Kimi no na wa fsu','Camp Nou','parado','Butaca 40','Grada Norte','2026-02-17 00:00:00','libre'),('Kimi no na wa fsu','Camp Nou','parado','Butaca 43','Grada Norte','2026-02-17 00:00:00','libre'),('Kimi no na wa fsu','Camp Nou','parado','Butaca 48','Grada Norte','2026-02-17 00:00:00','libre'),('Kimi no na wa fsu','Camp Nou','parado','Butaca 50','Grada Norte','2026-02-17 00:00:00','libre'),('Kimi no na wa fsu','Camp Nou','parado','Butaca 53','Grada Norte','2026-02-17 00:00:00','libre'),('Kimi no na wa fsu','Camp Nou','parado','Butaca 57','Grada Norte','2026-02-17 00:00:00','libre'),('Kimi no na wa fsu','Camp Nou','parado','Butaca 6','Grada Blanca Tribuna','2026-02-17 00:00:00','libre'),('Kimi no na wa fsu','Camp Nou','parado','Butaca 7','Grada Norte','2026-02-17 00:00:00','libre'),('Kimi no na wa fsu','Camp Nou','parado','Butaca 78','Grada Norte','2026-02-17 00:00:00','libre'),('Kimi no na wa fsu','Camp Nou','parado','Butaca 8','Grada Norte','2026-02-17 00:00:00','libre'),('Kimi no na wa fsu','Camp Nou','parado','Butaca 82','Grada Norte','2026-02-17 00:00:00','libre'),('Kimi no na wa fsu','Camp Nou','parado','Butaca 84','Grada Norte','2026-02-17 00:00:00','libre'),('Kimi no na wa fsu','Camp Nou','parado','Butaca 86','Grada Norte','2026-02-17 00:00:00','libre'),('Kimi no na wa fsu','Camp Nou','parado','Butaca 87','Grada Norte','2026-02-17 00:00:00','libre'),('Kimi no na wa fsu','Camp Nou','parado','Butaca 9','Grada Blanca Tribuna','2026-02-17 00:00:00','libre'),('Kimi no na wa fsu','Camp Nou','parado','Butaca 91','Grada Norte','2026-02-17 00:00:00','libre'),('Kimi no na wa fsu','Camp Nou','parado','Butaca 92','Grada Norte','2026-02-17 00:00:00','libre'),('Kimi no na wa fsu','Camp Nou','parado','Butaca 95','Grada Norte','2026-02-17 00:00:00','libre'),('Kimi no na wa fsu','Camp Nou','parado','Butaca 98','Grada Norte','2026-02-17 00:00:00','libre'),('Kimi no na wa fsu','Camp Nou','parado','Butaca 99','Grada Norte','2026-02-17 00:00:00','libre'),('Kimi no na wa fsu','Camp Nou','parado','Suelo 1','Grada Blanca Tribuna','2026-02-17 00:00:00','libre'),('Kimi no na wa fsu','Camp Nou','parado','Suelo 17','Grada Norte','2026-02-17 00:00:00','libre'),('Kimi no na wa fsu','Camp Nou','parado','Suelo 2','Grada Azul Zona','2026-02-17 00:00:00','libre'),('Kimi no na wa fsu','Camp Nou','parado','Suelo 21','Grada Norte','2026-02-17 00:00:00','libre'),('Kimi no na wa fsu','Camp Nou','parado','Suelo 23','Grada Norte','2026-02-17 00:00:00','libre'),('Kimi no na wa fsu','Camp Nou','parado','Suelo 24','Grada Norte','2026-02-17 00:00:00','libre'),('Kimi no na wa fsu','Camp Nou','parado','Suelo 25','Grada Norte','2026-02-17 00:00:00','libre'),('Kimi no na wa fsu','Camp Nou','parado','Suelo 31','Grada Norte','2026-02-17 00:00:00','libre'),('Kimi no na wa fsu','Camp Nou','parado','Suelo 41','Grada Norte','2026-02-17 00:00:00','libre'),('Kimi no na wa fsu','Camp Nou','parado','Suelo 42','Grada Norte','2026-02-17 00:00:00','libre'),('Kimi no na wa fsu','Camp Nou','parado','Suelo 44','Grada Norte','2026-02-17 00:00:00','libre'),('Kimi no na wa fsu','Camp Nou','parado','Suelo 46','Grada Norte','2026-02-17 00:00:00','libre'),('Kimi no na wa fsu','Camp Nou','parado','Suelo 47','Grada Norte','2026-02-17 00:00:00','libre'),('Kimi no na wa fsu','Camp Nou','parado','Suelo 5','Grada Blanca Tribuna','2026-02-17 00:00:00','libre'),('Kimi no na wa fsu','Camp Nou','parado','Suelo 5','Grada Norte','2026-02-17 00:00:00','libre'),('Kimi no na wa fsu','Camp Nou','parado','Suelo 54','Grada Norte','2026-02-17 00:00:00','libre'),('Kimi no na wa fsu','Camp Nou','parado','Suelo 56','Grada Norte','2026-02-17 00:00:00','libre'),('Kimi no na wa fsu','Camp Nou','parado','Suelo 6','Grada Azul Zona','2026-02-17 00:00:00','libre'),('Kimi no na wa fsu','Camp Nou','parado','Suelo 61','Grada Norte','2026-02-17 00:00:00','libre'),('Kimi no na wa fsu','Camp Nou','parado','Suelo 62','Grada Norte','2026-02-17 00:00:00','libre'),('Kimi no na wa fsu','Camp Nou','parado','Suelo 63','Grada Norte','2026-02-17 00:00:00','libre'),('Kimi no na wa fsu','Camp Nou','parado','Suelo 64','Grada Norte','2026-02-17 00:00:00','libre'),('Kimi no na wa fsu','Camp Nou','parado','Suelo 67','Grada Norte','2026-02-17 00:00:00','libre'),('Kimi no na wa fsu','Camp Nou','parado','Suelo 70','Grada Norte','2026-02-17 00:00:00','libre'),('Kimi no na wa fsu','Camp Nou','parado','Suelo 73','Grada Norte','2026-02-17 00:00:00','libre'),('Kimi no na wa fsu','Camp Nou','parado','Suelo 74','Grada Norte','2026-02-17 00:00:00','libre'),('Kimi no na wa fsu','Camp Nou','parado','Suelo 75','Grada Norte','2026-02-17 00:00:00','libre'),('Kimi no na wa fsu','Camp Nou','parado','Suelo 79','Grada Norte','2026-02-17 00:00:00','libre'),('Kimi no na wa fsu','Camp Nou','parado','Suelo 80','Grada Norte','2026-02-17 00:00:00','libre'),('Kimi no na wa fsu','Camp Nou','parado','Suelo 85','Grada Norte','2026-02-17 00:00:00','libre'),('Kimi no na wa fsu','Camp Nou','parado','Suelo 88','Grada Norte','2026-02-17 00:00:00','libre'),('Kimi no na wa fsu','Camp Nou','parado','Suelo 93','Grada Norte','2026-02-17 00:00:00','libre'),('Kimi no na wa fsu','Camp Nou','parado','Suelo 94','Grada Norte','2026-02-17 00:00:00','libre'),('Kimi no na wa fsu','Camp Nou','adulto','Asiento 1','Grada Norte','2026-02-17 00:00:00','libre'),('Kimi no na wa fsu','Camp Nou','adulto','Asiento 18','Grada Norte','2026-02-17 00:00:00','libre'),('Kimi no na wa fsu','Camp Nou','adulto','Asiento 19','Grada Norte','2026-02-17 00:00:00','libre'),('Kimi no na wa fsu','Camp Nou','adulto','Asiento 26','Grada Norte','2026-02-17 00:00:00','libre'),('Kimi no na wa fsu','Camp Nou','adulto','Asiento 3','Grada Blanca Tribuna','2026-02-17 00:00:00','libre'),('Kimi no na wa fsu','Camp Nou','adulto','Asiento 34','Grada Norte','2026-02-17 00:00:00','libre'),('Kimi no na wa fsu','Camp Nou','adulto','Asiento 36','Grada Norte','2026-02-17 00:00:00','libre'),('Kimi no na wa fsu','Camp Nou','adulto','Asiento 38','Grada Norte','2026-02-17 00:00:00','libre'),('Kimi no na wa fsu','Camp Nou','adulto','Asiento 4','Grada Azul Zona','2026-02-17 00:00:00','libre'),('Kimi no na wa fsu','Camp Nou','adulto','Asiento 45','Grada Norte','2026-02-17 00:00:00','libre'),('Kimi no na wa fsu','Camp Nou','adulto','Asiento 5','Grada Azul Zona','2026-02-17 00:00:00','libre'),('Kimi no na wa fsu','Camp Nou','adulto','Asiento 51','Grada Norte','2026-02-17 00:00:00','libre'),('Kimi no na wa fsu','Camp Nou','adulto','Asiento 52','Grada Norte','2026-02-17 00:00:00','libre'),('Kimi no na wa fsu','Camp Nou','adulto','Asiento 55','Grada Norte','2026-02-17 00:00:00','libre'),('Kimi no na wa fsu','Camp Nou','adulto','Asiento 58','Grada Norte','2026-02-17 00:00:00','libre'),('Kimi no na wa fsu','Camp Nou','adulto','Asiento 6','Grada Norte','2026-02-17 00:00:00','libre'),('Kimi no na wa fsu','Camp Nou','adulto','Asiento 66','Grada Norte','2026-02-17 00:00:00','libre'),('Kimi no na wa fsu','Camp Nou','adulto','Asiento 68','Grada Norte','2026-02-17 00:00:00','libre'),('Kimi no na wa fsu','Camp Nou','adulto','Asiento 69','Grada Norte','2026-02-17 00:00:00','libre'),('Kimi no na wa fsu','Camp Nou','adulto','Asiento 7','Grada Blanca Tribuna','2026-02-17 00:00:00','libre'),('Kimi no na wa fsu','Camp Nou','adulto','Asiento 77','Grada Norte','2026-02-17 00:00:00','libre'),('Kimi no na wa fsu','Camp Nou','adulto','Asiento 9','Grada Norte','2026-02-17 00:00:00','libre'),('Kimi no na wa fsu','Camp Nou','adulto','Asiento 90','Grada Norte','2026-02-17 00:00:00','libre'),('Kimi no na wa fsu','Camp Nou','adulto','Asiento 96','Grada Norte','2026-02-17 00:00:00','libre'),('Kimi no na wa fsu','Camp Nou','adulto','Balcón 1','Grada Azul Zona','2026-02-17 00:00:00','libre'),('Kimi no na wa fsu','Camp Nou','adulto','Balcón 10','Grada Blanca Tribuna','2026-02-17 00:00:00','libre'),('Kimi no na wa fsu','Camp Nou','adulto','Balcón 10','Grada Norte','2026-02-17 00:00:00','libre'),('Kimi no na wa fsu','Camp Nou','adulto','Balcón 100','Grada Norte','2026-02-17 00:00:00','libre'),('Kimi no na wa fsu','Camp Nou','adulto','Balcón 14','Grada Norte','2026-02-17 00:00:00','libre'),('Kimi no na wa fsu','Camp Nou','adulto','Balcón 15','Grada Norte','2026-02-17 00:00:00','libre'),('Kimi no na wa fsu','Camp Nou','adulto','Balcón 16','Grada Norte','2026-02-17 00:00:00','libre'),('Kimi no na wa fsu','Camp Nou','adulto','Balcón 2','Grada Norte','2026-02-17 00:00:00','libre'),('Kimi no na wa fsu','Camp Nou','adulto','Balcón 20','Grada Norte','2026-02-17 00:00:00','libre'),('Kimi no na wa fsu','Camp Nou','adulto','Balcón 29','Grada Norte','2026-02-17 00:00:00','libre'),('Kimi no na wa fsu','Camp Nou','adulto','Balcón 3','Grada Azul Zona','2026-02-17 00:00:00','libre'),('Kimi no na wa fsu','Camp Nou','adulto','Balcón 3','Grada Norte','2026-02-17 00:00:00','libre'),('Kimi no na wa fsu','Camp Nou','adulto','Balcón 32','Grada Norte','2026-02-17 00:00:00','libre'),('Kimi no na wa fsu','Camp Nou','adulto','Balcón 39','Grada Norte','2026-02-17 00:00:00','libre'),('Kimi no na wa fsu','Camp Nou','adulto','Balcón 4','Grada Norte','2026-02-17 00:00:00','libre'),('Kimi no na wa fsu','Camp Nou','adulto','Balcón 49','Grada Norte','2026-02-17 00:00:00','libre'),('Kimi no na wa fsu','Camp Nou','adulto','Balcón 59','Grada Norte','2026-02-17 00:00:00','libre'),('Kimi no na wa fsu','Camp Nou','adulto','Balcón 60','Grada Norte','2026-02-17 00:00:00','libre'),('Kimi no na wa fsu','Camp Nou','adulto','Balcón 65','Grada Norte','2026-02-17 00:00:00','libre'),('Kimi no na wa fsu','Camp Nou','adulto','Balcón 7','Grada Azul Zona','2026-02-17 00:00:00','libre'),('Kimi no na wa fsu','Camp Nou','adulto','Balcón 71','Grada Norte','2026-02-17 00:00:00','libre'),('Kimi no na wa fsu','Camp Nou','adulto','Balcón 72','Grada Norte','2026-02-17 00:00:00','libre'),('Kimi no na wa fsu','Camp Nou','adulto','Balcón 76','Grada Norte','2026-02-17 00:00:00','libre'),('Kimi no na wa fsu','Camp Nou','adulto','Balcón 8','Grada Blanca Tribuna','2026-02-17 00:00:00','libre'),('Kimi no na wa fsu','Camp Nou','adulto','Balcón 81','Grada Norte','2026-02-17 00:00:00','libre'),('Kimi no na wa fsu','Camp Nou','adulto','Balcón 83','Grada Norte','2026-02-17 00:00:00','libre'),('Kimi no na wa fsu','Camp Nou','adulto','Balcón 89','Grada Norte','2026-02-17 00:00:00','libre'),('Kimi no na wa fsu','Camp Nou','adulto','Balcón 97','Grada Norte','2026-02-17 00:00:00','libre'),('Kimi no na wa fsu','Camp Nou','adulto','Butaca 11','Grada Norte','2026-02-17 00:00:00','libre'),('Kimi no na wa fsu','Camp Nou','adulto','Butaca 12','Grada Norte','2026-02-17 00:00:00','libre'),('Kimi no na wa fsu','Camp Nou','adulto','Butaca 13','Grada Norte','2026-02-17 00:00:00','libre'),('Kimi no na wa fsu','Camp Nou','adulto','Butaca 2','Grada Blanca Tribuna','2026-02-17 00:00:00','libre'),('Kimi no na wa fsu','Camp Nou','adulto','Butaca 22','Grada Norte','2026-02-17 00:00:00','libre'),('Kimi no na wa fsu','Camp Nou','adulto','Butaca 27','Grada Norte','2026-02-17 00:00:00','libre'),('Kimi no na wa fsu','Camp Nou','adulto','Butaca 28','Grada Norte','2026-02-17 00:00:00','libre'),('Kimi no na wa fsu','Camp Nou','adulto','Butaca 30','Grada Norte','2026-02-17 00:00:00','libre'),('Kimi no na wa fsu','Camp Nou','adulto','Butaca 33','Grada Norte','2026-02-17 00:00:00','libre'),('Kimi no na wa fsu','Camp Nou','adulto','Butaca 35','Grada Norte','2026-02-17 00:00:00','libre'),('Kimi no na wa fsu','Camp Nou','adulto','Butaca 37','Grada Norte','2026-02-17 00:00:00','libre'),('Kimi no na wa fsu','Camp Nou','adulto','Butaca 4','Grada Blanca Tribuna','2026-02-17 00:00:00','libre'),('Kimi no na wa fsu','Camp Nou','adulto','Butaca 40','Grada Norte','2026-02-17 00:00:00','libre'),('Kimi no na wa fsu','Camp Nou','adulto','Butaca 43','Grada Norte','2026-02-17 00:00:00','libre'),('Kimi no na wa fsu','Camp Nou','adulto','Butaca 48','Grada Norte','2026-02-17 00:00:00','libre'),('Kimi no na wa fsu','Camp Nou','adulto','Butaca 50','Grada Norte','2026-02-17 00:00:00','libre'),('Kimi no na wa fsu','Camp Nou','adulto','Butaca 53','Grada Norte','2026-02-17 00:00:00','libre'),('Kimi no na wa fsu','Camp Nou','adulto','Butaca 57','Grada Norte','2026-02-17 00:00:00','libre'),('Kimi no na wa fsu','Camp Nou','adulto','Butaca 6','Grada Blanca Tribuna','2026-02-17 00:00:00','libre'),('Kimi no na wa fsu','Camp Nou','adulto','Butaca 7','Grada Norte','2026-02-17 00:00:00','libre'),('Kimi no na wa fsu','Camp Nou','adulto','Butaca 78','Grada Norte','2026-02-17 00:00:00','libre'),('Kimi no na wa fsu','Camp Nou','adulto','Butaca 8','Grada Norte','2026-02-17 00:00:00','libre'),('Kimi no na wa fsu','Camp Nou','adulto','Butaca 82','Grada Norte','2026-02-17 00:00:00','libre'),('Kimi no na wa fsu','Camp Nou','adulto','Butaca 84','Grada Norte','2026-02-17 00:00:00','libre'),('Kimi no na wa fsu','Camp Nou','adulto','Butaca 86','Grada Norte','2026-02-17 00:00:00','libre'),('Kimi no na wa fsu','Camp Nou','adulto','Butaca 87','Grada Norte','2026-02-17 00:00:00','libre'),('Kimi no na wa fsu','Camp Nou','adulto','Butaca 9','Grada Blanca Tribuna','2026-02-17 00:00:00','libre'),('Kimi no na wa fsu','Camp Nou','adulto','Butaca 91','Grada Norte','2026-02-17 00:00:00','libre'),('Kimi no na wa fsu','Camp Nou','adulto','Butaca 92','Grada Norte','2026-02-17 00:00:00','libre'),('Kimi no na wa fsu','Camp Nou','adulto','Butaca 95','Grada Norte','2026-02-17 00:00:00','libre'),('Kimi no na wa fsu','Camp Nou','adulto','Butaca 98','Grada Norte','2026-02-17 00:00:00','libre'),('Kimi no na wa fsu','Camp Nou','adulto','Butaca 99','Grada Norte','2026-02-17 00:00:00','libre'),('Kimi no na wa fsu','Camp Nou','adulto','Suelo 1','Grada Blanca Tribuna','2026-02-17 00:00:00','libre'),('Kimi no na wa fsu','Camp Nou','adulto','Suelo 17','Grada Norte','2026-02-17 00:00:00','libre'),('Kimi no na wa fsu','Camp Nou','adulto','Suelo 2','Grada Azul Zona','2026-02-17 00:00:00','libre'),('Kimi no na wa fsu','Camp Nou','adulto','Suelo 21','Grada Norte','2026-02-17 00:00:00','libre'),('Kimi no na wa fsu','Camp Nou','adulto','Suelo 23','Grada Norte','2026-02-17 00:00:00','libre'),('Kimi no na wa fsu','Camp Nou','adulto','Suelo 24','Grada Norte','2026-02-17 00:00:00','libre'),('Kimi no na wa fsu','Camp Nou','adulto','Suelo 25','Grada Norte','2026-02-17 00:00:00','libre'),('Kimi no na wa fsu','Camp Nou','adulto','Suelo 31','Grada Norte','2026-02-17 00:00:00','libre'),('Kimi no na wa fsu','Camp Nou','adulto','Suelo 41','Grada Norte','2026-02-17 00:00:00','libre'),('Kimi no na wa fsu','Camp Nou','adulto','Suelo 42','Grada Norte','2026-02-17 00:00:00','libre'),('Kimi no na wa fsu','Camp Nou','adulto','Suelo 44','Grada Norte','2026-02-17 00:00:00','libre'),('Kimi no na wa fsu','Camp Nou','adulto','Suelo 46','Grada Norte','2026-02-17 00:00:00','libre'),('Kimi no na wa fsu','Camp Nou','adulto','Suelo 47','Grada Norte','2026-02-17 00:00:00','libre'),('Kimi no na wa fsu','Camp Nou','adulto','Suelo 5','Grada Blanca Tribuna','2026-02-17 00:00:00','libre'),('Kimi no na wa fsu','Camp Nou','adulto','Suelo 5','Grada Norte','2026-02-17 00:00:00','libre'),('Kimi no na wa fsu','Camp Nou','adulto','Suelo 54','Grada Norte','2026-02-17 00:00:00','libre'),('Kimi no na wa fsu','Camp Nou','adulto','Suelo 56','Grada Norte','2026-02-17 00:00:00','libre'),('Kimi no na wa fsu','Camp Nou','adulto','Suelo 6','Grada Azul Zona','2026-02-17 00:00:00','libre'),('Kimi no na wa fsu','Camp Nou','adulto','Suelo 61','Grada Norte','2026-02-17 00:00:00','libre'),('Kimi no na wa fsu','Camp Nou','adulto','Suelo 62','Grada Norte','2026-02-17 00:00:00','libre'),('Kimi no na wa fsu','Camp Nou','adulto','Suelo 63','Grada Norte','2026-02-17 00:00:00','libre'),('Kimi no na wa fsu','Camp Nou','adulto','Suelo 64','Grada Norte','2026-02-17 00:00:00','libre'),('Kimi no na wa fsu','Camp Nou','adulto','Suelo 67','Grada Norte','2026-02-17 00:00:00','libre'),('Kimi no na wa fsu','Camp Nou','adulto','Suelo 70','Grada Norte','2026-02-17 00:00:00','libre'),('Kimi no na wa fsu','Camp Nou','adulto','Suelo 73','Grada Norte','2026-02-17 00:00:00','libre'),('Kimi no na wa fsu','Camp Nou','adulto','Suelo 74','Grada Norte','2026-02-17 00:00:00','libre'),('Kimi no na wa fsu','Camp Nou','adulto','Suelo 75','Grada Norte','2026-02-17 00:00:00','libre'),('Kimi no na wa fsu','Camp Nou','adulto','Suelo 79','Grada Norte','2026-02-17 00:00:00','libre'),('Kimi no na wa fsu','Camp Nou','adulto','Suelo 80','Grada Norte','2026-02-17 00:00:00','libre'),('Kimi no na wa fsu','Camp Nou','adulto','Suelo 85','Grada Norte','2026-02-17 00:00:00','libre'),('Kimi no na wa fsu','Camp Nou','adulto','Suelo 88','Grada Norte','2026-02-17 00:00:00','libre'),('Kimi no na wa fsu','Camp Nou','adulto','Suelo 93','Grada Norte','2026-02-17 00:00:00','libre'),('Kimi no na wa fsu','Camp Nou','adulto','Suelo 94','Grada Norte','2026-02-17 00:00:00','libre'),('Kimi no na wa fsu','Camp Nou','infantil','Asiento 1','Grada Norte','2026-02-17 00:00:00','libre'),('Kimi no na wa fsu','Camp Nou','infantil','Asiento 18','Grada Norte','2026-02-17 00:00:00','libre'),('Kimi no na wa fsu','Camp Nou','infantil','Asiento 19','Grada Norte','2026-02-17 00:00:00','libre'),('Kimi no na wa fsu','Camp Nou','infantil','Asiento 26','Grada Norte','2026-02-17 00:00:00','libre'),('Kimi no na wa fsu','Camp Nou','infantil','Asiento 3','Grada Blanca Tribuna','2026-02-17 00:00:00','libre'),('Kimi no na wa fsu','Camp Nou','infantil','Asiento 34','Grada Norte','2026-02-17 00:00:00','libre'),('Kimi no na wa fsu','Camp Nou','infantil','Asiento 36','Grada Norte','2026-02-17 00:00:00','libre'),('Kimi no na wa fsu','Camp Nou','infantil','Asiento 38','Grada Norte','2026-02-17 00:00:00','libre'),('Kimi no na wa fsu','Camp Nou','infantil','Asiento 4','Grada Azul Zona','2026-02-17 00:00:00','libre'),('Kimi no na wa fsu','Camp Nou','infantil','Asiento 45','Grada Norte','2026-02-17 00:00:00','libre'),('Kimi no na wa fsu','Camp Nou','infantil','Asiento 5','Grada Azul Zona','2026-02-17 00:00:00','libre'),('Kimi no na wa fsu','Camp Nou','infantil','Asiento 51','Grada Norte','2026-02-17 00:00:00','libre'),('Kimi no na wa fsu','Camp Nou','infantil','Asiento 52','Grada Norte','2026-02-17 00:00:00','libre'),('Kimi no na wa fsu','Camp Nou','infantil','Asiento 55','Grada Norte','2026-02-17 00:00:00','libre'),('Kimi no na wa fsu','Camp Nou','infantil','Asiento 58','Grada Norte','2026-02-17 00:00:00','libre'),('Kimi no na wa fsu','Camp Nou','infantil','Asiento 6','Grada Norte','2026-02-17 00:00:00','libre'),('Kimi no na wa fsu','Camp Nou','infantil','Asiento 66','Grada Norte','2026-02-17 00:00:00','libre'),('Kimi no na wa fsu','Camp Nou','infantil','Asiento 68','Grada Norte','2026-02-17 00:00:00','libre'),('Kimi no na wa fsu','Camp Nou','infantil','Asiento 69','Grada Norte','2026-02-17 00:00:00','libre'),('Kimi no na wa fsu','Camp Nou','infantil','Asiento 7','Grada Blanca Tribuna','2026-02-17 00:00:00','libre'),('Kimi no na wa fsu','Camp Nou','infantil','Asiento 77','Grada Norte','2026-02-17 00:00:00','libre'),('Kimi no na wa fsu','Camp Nou','infantil','Asiento 9','Grada Norte','2026-02-17 00:00:00','libre'),('Kimi no na wa fsu','Camp Nou','infantil','Asiento 90','Grada Norte','2026-02-17 00:00:00','libre'),('Kimi no na wa fsu','Camp Nou','infantil','Asiento 96','Grada Norte','2026-02-17 00:00:00','libre'),('Kimi no na wa fsu','Camp Nou','infantil','Balcón 1','Grada Azul Zona','2026-02-17 00:00:00','libre'),('Kimi no na wa fsu','Camp Nou','infantil','Balcón 10','Grada Blanca Tribuna','2026-02-17 00:00:00','libre'),('Kimi no na wa fsu','Camp Nou','infantil','Balcón 10','Grada Norte','2026-02-17 00:00:00','libre'),('Kimi no na wa fsu','Camp Nou','infantil','Balcón 100','Grada Norte','2026-02-17 00:00:00','libre'),('Kimi no na wa fsu','Camp Nou','infantil','Balcón 14','Grada Norte','2026-02-17 00:00:00','libre'),('Kimi no na wa fsu','Camp Nou','infantil','Balcón 15','Grada Norte','2026-02-17 00:00:00','libre'),('Kimi no na wa fsu','Camp Nou','infantil','Balcón 16','Grada Norte','2026-02-17 00:00:00','libre'),('Kimi no na wa fsu','Camp Nou','infantil','Balcón 2','Grada Norte','2026-02-17 00:00:00','libre'),('Kimi no na wa fsu','Camp Nou','infantil','Balcón 20','Grada Norte','2026-02-17 00:00:00','libre'),('Kimi no na wa fsu','Camp Nou','infantil','Balcón 29','Grada Norte','2026-02-17 00:00:00','libre'),('Kimi no na wa fsu','Camp Nou','infantil','Balcón 3','Grada Azul Zona','2026-02-17 00:00:00','libre'),('Kimi no na wa fsu','Camp Nou','infantil','Balcón 3','Grada Norte','2026-02-17 00:00:00','libre'),('Kimi no na wa fsu','Camp Nou','infantil','Balcón 32','Grada Norte','2026-02-17 00:00:00','libre'),('Kimi no na wa fsu','Camp Nou','infantil','Balcón 39','Grada Norte','2026-02-17 00:00:00','libre'),('Kimi no na wa fsu','Camp Nou','infantil','Balcón 4','Grada Norte','2026-02-17 00:00:00','libre'),('Kimi no na wa fsu','Camp Nou','infantil','Balcón 49','Grada Norte','2026-02-17 00:00:00','libre'),('Kimi no na wa fsu','Camp Nou','infantil','Balcón 59','Grada Norte','2026-02-17 00:00:00','libre'),('Kimi no na wa fsu','Camp Nou','infantil','Balcón 60','Grada Norte','2026-02-17 00:00:00','libre'),('Kimi no na wa fsu','Camp Nou','infantil','Balcón 65','Grada Norte','2026-02-17 00:00:00','libre'),('Kimi no na wa fsu','Camp Nou','infantil','Balcón 7','Grada Azul Zona','2026-02-17 00:00:00','libre'),('Kimi no na wa fsu','Camp Nou','infantil','Balcón 71','Grada Norte','2026-02-17 00:00:00','libre'),('Kimi no na wa fsu','Camp Nou','infantil','Balcón 72','Grada Norte','2026-02-17 00:00:00','libre'),('Kimi no na wa fsu','Camp Nou','infantil','Balcón 76','Grada Norte','2026-02-17 00:00:00','libre'),('Kimi no na wa fsu','Camp Nou','infantil','Balcón 8','Grada Blanca Tribuna','2026-02-17 00:00:00','libre'),('Kimi no na wa fsu','Camp Nou','infantil','Balcón 81','Grada Norte','2026-02-17 00:00:00','libre'),('Kimi no na wa fsu','Camp Nou','infantil','Balcón 83','Grada Norte','2026-02-17 00:00:00','libre'),('Kimi no na wa fsu','Camp Nou','infantil','Balcón 89','Grada Norte','2026-02-17 00:00:00','libre'),('Kimi no na wa fsu','Camp Nou','infantil','Balcón 97','Grada Norte','2026-02-17 00:00:00','libre'),('Kimi no na wa fsu','Camp Nou','infantil','Butaca 11','Grada Norte','2026-02-17 00:00:00','libre'),('Kimi no na wa fsu','Camp Nou','infantil','Butaca 12','Grada Norte','2026-02-17 00:00:00','libre'),('Kimi no na wa fsu','Camp Nou','infantil','Butaca 13','Grada Norte','2026-02-17 00:00:00','libre'),('Kimi no na wa fsu','Camp Nou','infantil','Butaca 2','Grada Blanca Tribuna','2026-02-17 00:00:00','libre'),('Kimi no na wa fsu','Camp Nou','infantil','Butaca 22','Grada Norte','2026-02-17 00:00:00','libre'),('Kimi no na wa fsu','Camp Nou','infantil','Butaca 27','Grada Norte','2026-02-17 00:00:00','libre'),('Kimi no na wa fsu','Camp Nou','infantil','Butaca 28','Grada Norte','2026-02-17 00:00:00','libre'),('Kimi no na wa fsu','Camp Nou','infantil','Butaca 30','Grada Norte','2026-02-17 00:00:00','libre'),('Kimi no na wa fsu','Camp Nou','infantil','Butaca 33','Grada Norte','2026-02-17 00:00:00','libre'),('Kimi no na wa fsu','Camp Nou','infantil','Butaca 35','Grada Norte','2026-02-17 00:00:00','libre'),('Kimi no na wa fsu','Camp Nou','infantil','Butaca 37','Grada Norte','2026-02-17 00:00:00','libre'),('Kimi no na wa fsu','Camp Nou','infantil','Butaca 4','Grada Blanca Tribuna','2026-02-17 00:00:00','libre'),('Kimi no na wa fsu','Camp Nou','infantil','Butaca 40','Grada Norte','2026-02-17 00:00:00','libre'),('Kimi no na wa fsu','Camp Nou','infantil','Butaca 43','Grada Norte','2026-02-17 00:00:00','libre'),('Kimi no na wa fsu','Camp Nou','infantil','Butaca 48','Grada Norte','2026-02-17 00:00:00','libre'),('Kimi no na wa fsu','Camp Nou','infantil','Butaca 50','Grada Norte','2026-02-17 00:00:00','libre'),('Kimi no na wa fsu','Camp Nou','infantil','Butaca 53','Grada Norte','2026-02-17 00:00:00','libre'),('Kimi no na wa fsu','Camp Nou','infantil','Butaca 57','Grada Norte','2026-02-17 00:00:00','libre'),('Kimi no na wa fsu','Camp Nou','infantil','Butaca 6','Grada Blanca Tribuna','2026-02-17 00:00:00','libre'),('Kimi no na wa fsu','Camp Nou','infantil','Butaca 7','Grada Norte','2026-02-17 00:00:00','libre'),('Kimi no na wa fsu','Camp Nou','infantil','Butaca 78','Grada Norte','2026-02-17 00:00:00','libre'),('Kimi no na wa fsu','Camp Nou','infantil','Butaca 8','Grada Norte','2026-02-17 00:00:00','libre'),('Kimi no na wa fsu','Camp Nou','infantil','Butaca 82','Grada Norte','2026-02-17 00:00:00','libre'),('Kimi no na wa fsu','Camp Nou','infantil','Butaca 84','Grada Norte','2026-02-17 00:00:00','libre'),('Kimi no na wa fsu','Camp Nou','infantil','Butaca 86','Grada Norte','2026-02-17 00:00:00','libre'),('Kimi no na wa fsu','Camp Nou','infantil','Butaca 87','Grada Norte','2026-02-17 00:00:00','libre'),('Kimi no na wa fsu','Camp Nou','infantil','Butaca 9','Grada Blanca Tribuna','2026-02-17 00:00:00','libre'),('Kimi no na wa fsu','Camp Nou','infantil','Butaca 91','Grada Norte','2026-02-17 00:00:00','libre'),('Kimi no na wa fsu','Camp Nou','infantil','Butaca 92','Grada Norte','2026-02-17 00:00:00','libre'),('Kimi no na wa fsu','Camp Nou','infantil','Butaca 95','Grada Norte','2026-02-17 00:00:00','libre'),('Kimi no na wa fsu','Camp Nou','infantil','Butaca 98','Grada Norte','2026-02-17 00:00:00','libre'),('Kimi no na wa fsu','Camp Nou','infantil','Butaca 99','Grada Norte','2026-02-17 00:00:00','libre'),('Kimi no na wa fsu','Camp Nou','infantil','Suelo 1','Grada Blanca Tribuna','2026-02-17 00:00:00','libre'),('Kimi no na wa fsu','Camp Nou','infantil','Suelo 17','Grada Norte','2026-02-17 00:00:00','libre'),('Kimi no na wa fsu','Camp Nou','infantil','Suelo 2','Grada Azul Zona','2026-02-17 00:00:00','libre'),('Kimi no na wa fsu','Camp Nou','infantil','Suelo 21','Grada Norte','2026-02-17 00:00:00','libre'),('Kimi no na wa fsu','Camp Nou','infantil','Suelo 23','Grada Norte','2026-02-17 00:00:00','libre'),('Kimi no na wa fsu','Camp Nou','infantil','Suelo 24','Grada Norte','2026-02-17 00:00:00','libre'),('Kimi no na wa fsu','Camp Nou','infantil','Suelo 25','Grada Norte','2026-02-17 00:00:00','libre'),('Kimi no na wa fsu','Camp Nou','infantil','Suelo 31','Grada Norte','2026-02-17 00:00:00','libre'),('Kimi no na wa fsu','Camp Nou','infantil','Suelo 41','Grada Norte','2026-02-17 00:00:00','libre'),('Kimi no na wa fsu','Camp Nou','infantil','Suelo 42','Grada Norte','2026-02-17 00:00:00','libre'),('Kimi no na wa fsu','Camp Nou','infantil','Suelo 44','Grada Norte','2026-02-17 00:00:00','libre'),('Kimi no na wa fsu','Camp Nou','infantil','Suelo 46','Grada Norte','2026-02-17 00:00:00','libre'),('Kimi no na wa fsu','Camp Nou','infantil','Suelo 47','Grada Norte','2026-02-17 00:00:00','libre'),('Kimi no na wa fsu','Camp Nou','infantil','Suelo 5','Grada Blanca Tribuna','2026-02-17 00:00:00','libre'),('Kimi no na wa fsu','Camp Nou','infantil','Suelo 5','Grada Norte','2026-02-17 00:00:00','libre'),('Kimi no na wa fsu','Camp Nou','infantil','Suelo 54','Grada Norte','2026-02-17 00:00:00','libre'),('Kimi no na wa fsu','Camp Nou','infantil','Suelo 56','Grada Norte','2026-02-17 00:00:00','libre'),('Kimi no na wa fsu','Camp Nou','infantil','Suelo 6','Grada Azul Zona','2026-02-17 00:00:00','libre'),('Kimi no na wa fsu','Camp Nou','infantil','Suelo 61','Grada Norte','2026-02-17 00:00:00','libre'),('Kimi no na wa fsu','Camp Nou','infantil','Suelo 62','Grada Norte','2026-02-17 00:00:00','libre'),('Kimi no na wa fsu','Camp Nou','infantil','Suelo 63','Grada Norte','2026-02-17 00:00:00','libre'),('Kimi no na wa fsu','Camp Nou','infantil','Suelo 64','Grada Norte','2026-02-17 00:00:00','libre'),('Kimi no na wa fsu','Camp Nou','infantil','Suelo 67','Grada Norte','2026-02-17 00:00:00','libre'),('Kimi no na wa fsu','Camp Nou','infantil','Suelo 70','Grada Norte','2026-02-17 00:00:00','libre'),('Kimi no na wa fsu','Camp Nou','infantil','Suelo 73','Grada Norte','2026-02-17 00:00:00','libre'),('Kimi no na wa fsu','Camp Nou','infantil','Suelo 74','Grada Norte','2026-02-17 00:00:00','libre'),('Kimi no na wa fsu','Camp Nou','infantil','Suelo 75','Grada Norte','2026-02-17 00:00:00','libre'),('Kimi no na wa fsu','Camp Nou','infantil','Suelo 79','Grada Norte','2026-02-17 00:00:00','libre'),('Kimi no na wa fsu','Camp Nou','infantil','Suelo 80','Grada Norte','2026-02-17 00:00:00','libre'),('Kimi no na wa fsu','Camp Nou','infantil','Suelo 85','Grada Norte','2026-02-17 00:00:00','libre'),('Kimi no na wa fsu','Camp Nou','infantil','Suelo 88','Grada Norte','2026-02-17 00:00:00','libre'),('Kimi no na wa fsu','Camp Nou','infantil','Suelo 93','Grada Norte','2026-02-17 00:00:00','libre'),('Kimi no na wa fsu','Camp Nou','infantil','Suelo 94','Grada Norte','2026-02-17 00:00:00','libre'),('Kimi no na wa fsu','Jack Trice Stadium mtq','jubilado','Asiento 2','Grada Sur Tribuna','2027-02-10 00:00:00','pre-reservado'),('Kimi no na wa fsu','Jack Trice Stadium mtq','jubilado','Balcón 1','Grada Sur Tribuna','2027-02-10 00:00:00','libre'),('Kimi no na wa fsu','Jack Trice Stadium mtq','jubilado','Balcón 3','Grada Sur Tribuna','2027-02-10 00:00:00','libre'),('Kimi no na wa fsu','Jack Trice Stadium mtq','jubilado','Balcón 5','Grada Sur Tribuna','2027-02-10 00:00:00','libre'),('Kimi no na wa fsu','Jack Trice Stadium mtq','jubilado','Butaca 4','Grada Sur Tribuna','2027-02-10 00:00:00','libre'),('Kimi no na wa fsu','Jack Trice Stadium mtq','parado','Asiento 2','Grada Sur Tribuna','2027-02-10 00:00:00','pre-reservado'),('Kimi no na wa fsu','Jack Trice Stadium mtq','parado','Balcón 1','Grada Sur Tribuna','2027-02-10 00:00:00','libre'),('Kimi no na wa fsu','Jack Trice Stadium mtq','parado','Balcón 3','Grada Sur Tribuna','2027-02-10 00:00:00','libre'),('Kimi no na wa fsu','Jack Trice Stadium mtq','parado','Balcón 5','Grada Sur Tribuna','2027-02-10 00:00:00','libre'),('Kimi no na wa fsu','Jack Trice Stadium mtq','parado','Butaca 4','Grada Sur Tribuna','2027-02-10 00:00:00','libre'),('Kimi no na wa fsu','Jack Trice Stadium mtq','adulto','Asiento 2','Grada Sur Tribuna','2027-02-10 00:00:00','pre-reservado'),('Kimi no na wa fsu','Jack Trice Stadium mtq','adulto','Balcón 1','Grada Sur Tribuna','2027-02-10 00:00:00','libre'),('Kimi no na wa fsu','Jack Trice Stadium mtq','adulto','Balcón 3','Grada Sur Tribuna','2027-02-10 00:00:00','libre'),('Kimi no na wa fsu','Jack Trice Stadium mtq','adulto','Balcón 5','Grada Sur Tribuna','2027-02-10 00:00:00','libre'),('Kimi no na wa fsu','Jack Trice Stadium mtq','adulto','Butaca 4','Grada Sur Tribuna','2027-02-10 00:00:00','libre'),('Kimi no na wa fsu','Jack Trice Stadium mtq','infantil','Asiento 2','Grada Sur Tribuna','2027-02-10 00:00:00','pre-reservado'),('Kimi no na wa fsu','Jack Trice Stadium mtq','infantil','Balcón 1','Grada Sur Tribuna','2027-02-10 00:00:00','libre'),('Kimi no na wa fsu','Jack Trice Stadium mtq','infantil','Balcón 3','Grada Sur Tribuna','2027-02-10 00:00:00','libre'),('Kimi no na wa fsu','Jack Trice Stadium mtq','infantil','Balcón 5','Grada Sur Tribuna','2027-02-10 00:00:00','libre'),('Kimi no na wa fsu','Jack Trice Stadium mtq','infantil','Butaca 4','Grada Sur Tribuna','2027-02-10 00:00:00','libre');
/*!40000 ALTER TABLE `Oferta` ENABLE KEYS */;
UNLOCK TABLES;

--
-- Table structure for table `Recinto`
--

DROP TABLE IF EXISTS `Recinto`;
/*!40101 SET @saved_cs_client     = @@character_set_client */;
/*!50503 SET character_set_client = utf8mb4 */;
CREATE TABLE `Recinto` (
  `nombre_recinto` varchar(50) NOT NULL,
  `localidades_recinto` int DEFAULT NULL,
  PRIMARY KEY (`nombre_recinto`)
) ENGINE=InnoDB DEFAULT CHARSET=utf8mb4 COLLATE=utf8mb4_0900_ai_ci;
/*!40101 SET character_set_client = @saved_cs_client */;

--
-- Dumping data for table `Recinto`
--

LOCK TABLES `Recinto` WRITE;
/*!40000 ALTER TABLE `Recinto` DISABLE KEYS */;
INSERT INTO `Recinto` VALUES ('AMI Stadium tov',43057),('Camp Nou',890),('Jack Trice Stadium mtq',44841),('Pendleton Round-Up weh',83452);
/*!40000 ALTER TABLE `Recinto` ENABLE KEYS */;
UNLOCK TABLES;

--
-- Table structure for table `UsLoc`
--

DROP TABLE IF EXISTS `UsLoc`;
/*!40101 SET @saved_cs_client     = @@character_set_client */;
/*!50503 SET character_set_client = utf8mb4 */;
CREATE TABLE `UsLoc` (
  `tipo_usuario_usloc` enum('jubilado','parado','adulto','infantil') NOT NULL,
  `localizacion_localidad_usloc` varchar(50) NOT NULL,
  `nombre_grada_usloc` varchar(50) NOT NULL,
  `nombre_recinto_usloc` varchar(50) NOT NULL,
  PRIMARY KEY (`tipo_usuario_usloc`,`localizacion_localidad_usloc`,`nombre_grada_usloc`,`nombre_recinto_usloc`),
  KEY `localizacion_localidad_usloc` (`localizacion_localidad_usloc`),
  KEY `nombre_grada_usloc` (`nombre_grada_usloc`),
  KEY `nombre_recinto_usloc` (`nombre_recinto_usloc`),
  CONSTRAINT `UsLoc_ibfk_1` FOREIGN KEY (`tipo_usuario_usloc`) REFERENCES `Usuario` (`tipo_usuario`),
  CONSTRAINT `UsLoc_ibfk_2` FOREIGN KEY (`localizacion_localidad_usloc`) REFERENCES `Localidad` (`localizacion_localidad`),
  CONSTRAINT `UsLoc_ibfk_3` FOREIGN KEY (`nombre_grada_usloc`) REFERENCES `Grada` (`nombre_grada`),
  CONSTRAINT `UsLoc_ibfk_4` FOREIGN KEY (`nombre_recinto_usloc`) REFERENCES `Recinto` (`nombre_recinto`)
) ENGINE=InnoDB DEFAULT CHARSET=utf8mb4 COLLATE=utf8mb4_0900_ai_ci;
/*!40101 SET character_set_client = @saved_cs_client */;

--
-- Dumping data for table `UsLoc`
--

LOCK TABLES `UsLoc` WRITE;
/*!40000 ALTER TABLE `UsLoc` DISABLE KEYS */;
INSERT INTO `UsLoc` VALUES ('jubilado','Asiento 1','Grada Amarilla Sector','Pendleton Round-Up weh'),('jubilado','Asiento 1','Grada Norte','Camp Nou'),('jubilado','Asiento 1','Grada Oeste Sector','Pendleton Round-Up weh'),('parado','Asiento 1','Grada Amarilla Sector','Pendleton Round-Up weh'),('parado','Asiento 1','Grada Norte','Camp Nou'),('parado','Asiento 1','Grada Oeste Sector','Pendleton Round-Up weh'),('adulto','Asiento 1','Grada Amarilla Sector','Pendleton Round-Up weh'),('adulto','Asiento 1','Grada Norte','Camp Nou'),('adulto','Asiento 1','Grada Oeste Sector','Pendleton Round-Up weh'),('infantil','Asiento 1','Grada Amarilla Sector','Pendleton Round-Up weh'),('infantil','Asiento 1','Grada Norte','Camp Nou'),('infantil','Asiento 1','Grada Oeste Sector','Pendleton Round-Up weh'),('jubilado','Asiento 10','Grada Oeste Sector','Pendleton Round-Up weh'),('parado','Asiento 10','Grada Oeste Sector','Pendleton Round-Up weh'),('adulto','Asiento 10','Grada Oeste Sector','Pendleton Round-Up weh'),('infantil','Asiento 10','Grada Oeste Sector','Pendleton Round-Up weh'),('jubilado','Asiento 18','Grada Norte','Camp Nou'),('parado','Asiento 18','Grada Norte','Camp Nou'),('adulto','Asiento 18','Grada Norte','Camp Nou'),('infantil','Asiento 18','Grada Norte','Camp Nou'),('jubilado','Asiento 19','Grada Norte','Camp Nou'),('parado','Asiento 19','Grada Norte','Camp Nou'),('adulto','Asiento 19','Grada Norte','Camp Nou'),('infantil','Asiento 19','Grada Norte','Camp Nou'),('jubilado','Asiento 2','Grada Sur Tribuna','Jack Trice Stadium mtq'),('parado','Asiento 2','Grada Sur Tribuna','Jack Trice Stadium mtq'),('adulto','Asiento 2','Grada Sur Tribuna','Jack Trice Stadium mtq'),('infantil','Asiento 2','Grada Sur Tribuna','Jack Trice Stadium mtq'),('jubilado','Asiento 26','Grada Norte','Camp Nou'),('parado','Asiento 26','Grada Norte','Camp Nou'),('adulto','Asiento 26','Grada Norte','Camp Nou'),('infantil','Asiento 26','Grada Norte','Camp Nou'),('jubilado','Asiento 3','Grada Blanca Tribuna','Camp Nou'),('jubilado','Asiento 3','Grada Este Grada','AMI Stadium tov'),('jubilado','Asiento 3','Grada Oeste Sector','Pendleton Round-Up weh'),('parado','Asiento 3','Grada Blanca Tribuna','Camp Nou'),('parado','Asiento 3','Grada Este Grada','AMI Stadium tov'),('parado','Asiento 3','Grada Oeste Sector','Pendleton Round-Up weh'),('adulto','Asiento 3','Grada Blanca Tribuna','Camp Nou'),('adulto','Asiento 3','Grada Este Grada','AMI Stadium tov'),('adulto','Asiento 3','Grada Oeste Sector','Pendleton Round-Up weh'),('infantil','Asiento 3','Grada Blanca Tribuna','Camp Nou'),('infantil','Asiento 3','Grada Este Grada','AMI Stadium tov'),('infantil','Asiento 3','Grada Oeste Sector','Pendleton Round-Up weh'),('jubilado','Asiento 34','Grada Norte','Camp Nou'),('parado','Asiento 34','Grada Norte','Camp Nou'),('adulto','Asiento 34','Grada Norte','Camp Nou'),('infantil','Asiento 34','Grada Norte','Camp Nou'),('jubilado','Asiento 36','Grada Norte','Camp Nou'),('parado','Asiento 36','Grada Norte','Camp Nou'),('adulto','Asiento 36','Grada Norte','Camp Nou'),('infantil','Asiento 36','Grada Norte','Camp Nou'),('jubilado','Asiento 38','Grada Norte','Camp Nou'),('parado','Asiento 38','Grada Norte','Camp Nou'),('adulto','Asiento 38','Grada Norte','Camp Nou'),('infantil','Asiento 38','Grada Norte','Camp Nou'),('jubilado','Asiento 4','Grada Azul Zona','Camp Nou'),('parado','Asiento 4','Grada Azul Zona','Camp Nou'),('adulto','Asiento 4','Grada Azul Zona','Camp Nou'),('infantil','Asiento 4','Grada Azul Zona','Camp Nou'),('jubilado','Asiento 45','Grada Norte','Camp Nou'),('parado','Asiento 45','Grada Norte','Camp Nou'),('adulto','Asiento 45','Grada Norte','Camp Nou'),('infantil','Asiento 45','Grada Norte','Camp Nou'),('jubilado','Asiento 5','Grada Azul Zona','Camp Nou'),('jubilado','Asiento 5','Grada Oeste Sector','Pendleton Round-Up weh'),('parado','Asiento 5','Grada Azul Zona','Camp Nou'),('parado','Asiento 5','Grada Oeste Sector','Pendleton Round-Up weh'),('adulto','Asiento 5','Grada Azul Zona','Camp Nou'),('adulto','Asiento 5','Grada Oeste Sector','Pendleton Round-Up weh'),('infantil','Asiento 5','Grada Azul Zona','Camp Nou'),('infantil','Asiento 5','Grada Oeste Sector','Pendleton Round-Up weh'),('jubilado','Asiento 51','Grada Norte','Camp Nou'),('parado','Asiento 51','Grada Norte','Camp Nou'),('adulto','Asiento 51','Grada Norte','Camp Nou'),('infantil','Asiento 51','Grada Norte','Camp Nou'),('jubilado','Asiento 52','Grada Norte','Camp Nou'),('parado','Asiento 52','Grada Norte','Camp Nou'),('adulto','Asiento 52','Grada Norte','Camp Nou'),('infantil','Asiento 52','Grada Norte','Camp Nou'),('jubilado','Asiento 55','Grada Norte','Camp Nou'),('parado','Asiento 55','Grada Norte','Camp Nou'),('adulto','Asiento 55','Grada Norte','Camp Nou'),('infantil','Asiento 55','Grada Norte','Camp Nou'),('jubilado','Asiento 58','Grada Norte','Camp Nou'),('parado','Asiento 58','Grada Norte','Camp Nou'),('adulto','Asiento 58','Grada Norte','Camp Nou'),('infantil','Asiento 58','Grada Norte','Camp Nou'),('jubilado','Asiento 6','Grada Este Grada','AMI Stadium tov'),('jubilado','Asiento 6','Grada Norte','Camp Nou'),('parado','Asiento 6','Grada Este Grada','AMI Stadium tov'),('parado','Asiento 6','Grada Norte','Camp Nou'),('adulto','Asiento 6','Grada Este Grada','AMI Stadium tov'),('adulto','Asiento 6','Grada Norte','Camp Nou'),('infantil','Asiento 6','Grada Este Grada','AMI Stadium tov'),('infantil','Asiento 6','Grada Norte','Camp Nou'),('jubilado','Asiento 66','Grada Norte','Camp Nou'),('parado','Asiento 66','Grada Norte','Camp Nou'),('adulto','Asiento 66','Grada Norte','Camp Nou'),('infantil','Asiento 66','Grada Norte','Camp Nou'),('jubilado','Asiento 68','Grada Norte','Camp Nou'),('parado','Asiento 68','Grada Norte','Camp Nou'),('adulto','Asiento 68','Grada Norte','Camp Nou'),('infantil','Asiento 68','Grada Norte','Camp Nou'),('jubilado','Asiento 69','Grada Norte','Camp Nou'),('parado','Asiento 69','Grada Norte','Camp Nou'),('adulto','Asiento 69','Grada Norte','Camp Nou'),('infantil','Asiento 69','Grada Norte','Camp Nou'),('jubilado','Asiento 7','Grada Blanca Tribuna','Camp Nou'),('parado','Asiento 7','Grada Blanca Tribuna','Camp Nou'),('adulto','Asiento 7','Grada Blanca Tribuna','Camp Nou'),('infantil','Asiento 7','Grada Blanca Tribuna','Camp Nou'),('jubilado','Asiento 77','Grada Norte','Camp Nou'),('parado','Asiento 77','Grada Norte','Camp Nou'),('adulto','Asiento 77','Grada Norte','Camp Nou'),('infantil','Asiento 77','Grada Norte','Camp Nou'),('jubilado','Asiento 9','Grada Este Grada','AMI Stadium tov'),('jubilado','Asiento 9','Grada Norte','Camp Nou'),('jubilado','Asiento 9','Grada Oeste Sector','Pendleton Round-Up weh'),('parado','Asiento 9','Grada Este Grada','AMI Stadium tov'),('parado','Asiento 9','Grada Norte','Camp Nou'),('parado','Asiento 9','Grada Oeste Sector','Pendleton Round-Up weh'),('adulto','Asiento 9','Grada Este Grada','AMI Stadium tov'),('adulto','Asiento 9','Grada Norte','Camp Nou'),('adulto','Asiento 9','Grada Oeste Sector','Pendleton Round-Up weh'),('infantil','Asiento 9','Grada Este Grada','AMI Stadium tov'),('infantil','Asiento 9','Grada Norte','Camp Nou'),('infantil','Asiento 9','Grada Oeste Sector','Pendleton Round-Up weh'),('jubilado','Asiento 90','Grada Norte','Camp Nou'),('parado','Asiento 90','Grada Norte','Camp Nou'),('adulto','Asiento 90','Grada Norte','Camp Nou'),('infantil','Asiento 90','Grada Norte','Camp Nou'),('jubilado','Asiento 96','Grada Norte','Camp Nou'),('parado','Asiento 96','Grada Norte','Camp Nou'),('adulto','Asiento 96','Grada Norte','Camp Nou'),('infantil','Asiento 96','Grada Norte','Camp Nou'),('jubilado','Balcón 1','Grada Azul Zona','Camp Nou'),('jubilado','Balcón 1','Grada Este Grada','AMI Stadium tov'),('jubilado','Balcón 1','Grada Sur Tribuna','Jack Trice Stadium mtq'),('parado','Balcón 1','Grada Azul Zona','Camp Nou'),('parado','Balcón 1','Grada Este Grada','AMI Stadium tov'),('parado','Balcón 1','Grada Sur Tribuna','Jack Trice Stadium mtq'),('adulto','Balcón 1','Grada Azul Zona','Camp Nou'),('adulto','Balcón 1','Grada Este Grada','AMI Stadium tov'),('adulto','Balcón 1','Grada Sur Tribuna','Jack Trice Stadium mtq'),('infantil','Balcón 1','Grada Azul Zona','Camp Nou'),('infantil','Balcón 1','Grada Este Grada','AMI Stadium tov'),('infantil','Balcón 1','Grada Sur Tribuna','Jack Trice Stadium mtq'),('jubilado','Balcón 10','Grada Blanca Tribuna','Camp Nou'),('jubilado','Balcón 10','Grada Norte','Camp Nou'),('parado','Balcón 10','Grada Blanca Tribuna','Camp Nou'),('parado','Balcón 10','Grada Norte','Camp Nou'),('adulto','Balcón 10','Grada Blanca Tribuna','Camp Nou'),('adulto','Balcón 10','Grada Norte','Camp Nou'),('infantil','Balcón 10','Grada Blanca Tribuna','Camp Nou'),('infantil','Balcón 10','Grada Norte','Camp Nou'),('jubilado','Balcón 100','Grada Norte','Camp Nou'),('parado','Balcón 100','Grada Norte','Camp Nou'),('adulto','Balcón 100','Grada Norte','Camp Nou'),('infantil','Balcón 100','Grada Norte','Camp Nou'),('jubilado','Balcón 14','Grada Norte','Camp Nou'),('parado','Balcón 14','Grada Norte','Camp Nou'),('adulto','Balcón 14','Grada Norte','Camp Nou'),('infantil','Balcón 14','Grada Norte','Camp Nou'),('jubilado','Balcón 15','Grada Norte','Camp Nou'),('parado','Balcón 15','Grada Norte','Camp Nou'),('adulto','Balcón 15','Grada Norte','Camp Nou'),('infantil','Balcón 15','Grada Norte','Camp Nou'),('jubilado','Balcón 16','Grada Norte','Camp Nou'),('parado','Balcón 16','Grada Norte','Camp Nou'),('adulto','Balcón 16','Grada Norte','Camp Nou'),('infantil','Balcón 16','Grada Norte','Camp Nou'),('jubilado','Balcón 2','Grada Amarilla Sector','Pendleton Round-Up weh'),('jubilado','Balcón 2','Grada Norte','Camp Nou'),('jubilado','Balcón 2','Grada Oeste Sector','Pendleton Round-Up weh'),('parado','Balcón 2','Grada Amarilla Sector','Pendleton Round-Up weh'),('parado','Balcón 2','Grada Norte','Camp Nou'),('parado','Balcón 2','Grada Oeste Sector','Pendleton Round-Up weh'),('adulto','Balcón 2','Grada Amarilla Sector','Pendleton Round-Up weh'),('adulto','Balcón 2','Grada Norte','Camp Nou'),('adulto','Balcón 2','Grada Oeste Sector','Pendleton Round-Up weh'),('infantil','Balcón 2','Grada Amarilla Sector','Pendleton Round-Up weh'),('infantil','Balcón 2','Grada Norte','Camp Nou'),('infantil','Balcón 2','Grada Oeste Sector','Pendleton Round-Up weh'),('jubilado','Balcón 20','Grada Norte','Camp Nou'),('parado','Balcón 20','Grada Norte','Camp Nou'),('adulto','Balcón 20','Grada Norte','Camp Nou'),('infantil','Balcón 20','Grada Norte','Camp Nou'),('jubilado','Balcón 29','Grada Norte','Camp Nou'),('parado','Balcón 29','Grada Norte','Camp Nou'),('adulto','Balcón 29','Grada Norte','Camp Nou'),('infantil','Balcón 29','Grada Norte','Camp Nou'),('jubilado','Balcón 3','Grada Azul Zona','Camp Nou'),('jubilado','Balcón 3','Grada Norte','Camp Nou'),('jubilado','Balcón 3','Grada Sur Tribuna','Jack Trice Stadium mtq'),('parado','Balcón 3','Grada Azul Zona','Camp Nou'),('parado','Balcón 3','Grada Norte','Camp Nou'),('parado','Balcón 3','Grada Sur Tribuna','Jack Trice Stadium mtq'),('adulto','Balcón 3','Grada Azul Zona','Camp Nou'),('adulto','Balcón 3','Grada Norte','Camp Nou'),('adulto','Balcón 3','Grada Sur Tribuna','Jack Trice Stadium mtq'),('infantil','Balcón 3','Grada Azul Zona','Camp Nou'),('infantil','Balcón 3','Grada Norte','Camp Nou'),('infantil','Balcón 3','Grada Sur Tribuna','Jack Trice Stadium mtq'),('jubilado','Balcón 32','Grada Norte','Camp Nou'),('parado','Balcón 32','Grada Norte','Camp Nou'),('adulto','Balcón 32','Grada Norte','Camp Nou'),('infantil','Balcón 32','Grada Norte','Camp Nou'),('jubilado','Balcón 39','Grada Norte','Camp Nou'),('parado','Balcón 39','Grada Norte','Camp Nou'),('adulto','Balcón 39','Grada Norte','Camp Nou'),('infantil','Balcón 39','Grada Norte','Camp Nou'),('jubilado','Balcón 4','Grada Amarilla Sector','Pendleton Round-Up weh'),('jubilado','Balcón 4','Grada Este Grada','AMI Stadium tov'),('jubilado','Balcón 4','Grada Norte','Camp Nou'),('jubilado','Balcón 4','Grada Oeste Sector','Pendleton Round-Up weh'),('parado','Balcón 4','Grada Amarilla Sector','Pendleton Round-Up weh'),('parado','Balcón 4','Grada Este Grada','AMI Stadium tov'),('parado','Balcón 4','Grada Norte','Camp Nou'),('parado','Balcón 4','Grada Oeste Sector','Pendleton Round-Up weh'),('adulto','Balcón 4','Grada Amarilla Sector','Pendleton Round-Up weh'),('adulto','Balcón 4','Grada Este Grada','AMI Stadium tov'),('adulto','Balcón 4','Grada Norte','Camp Nou'),('adulto','Balcón 4','Grada Oeste Sector','Pendleton Round-Up weh'),('infantil','Balcón 4','Grada Amarilla Sector','Pendleton Round-Up weh'),('infantil','Balcón 4','Grada Este Grada','AMI Stadium tov'),('infantil','Balcón 4','Grada Norte','Camp Nou'),('infantil','Balcón 4','Grada Oeste Sector','Pendleton Round-Up weh'),('jubilado','Balcón 49','Grada Norte','Camp Nou'),('parado','Balcón 49','Grada Norte','Camp Nou'),('adulto','Balcón 49','Grada Norte','Camp Nou'),('infantil','Balcón 49','Grada Norte','Camp Nou'),('jubilado','Balcón 5','Grada Sur Tribuna','Jack Trice Stadium mtq'),('parado','Balcón 5','Grada Sur Tribuna','Jack Trice Stadium mtq'),('adulto','Balcón 5','Grada Sur Tribuna','Jack Trice Stadium mtq'),('infantil','Balcón 5','Grada Sur Tribuna','Jack Trice Stadium mtq'),('jubilado','Balcón 59','Grada Norte','Camp Nou'),('parado','Balcón 59','Grada Norte','Camp Nou'),('adulto','Balcón 59','Grada Norte','Camp Nou'),('infantil','Balcón 59','Grada Norte','Camp Nou'),('jubilado','Balcón 6','Grada Amarilla Sector','Pendleton Round-Up weh'),('parado','Balcón 6','Grada Amarilla Sector','Pendleton Round-Up weh'),('adulto','Balcón 6','Grada Amarilla Sector','Pendleton Round-Up weh'),('infantil','Balcón 6','Grada Amarilla Sector','Pendleton Round-Up weh'),('jubilado','Balcón 60','Grada Norte','Camp Nou'),('parado','Balcón 60','Grada Norte','Camp Nou'),('adulto','Balcón 60','Grada Norte','Camp Nou'),('infantil','Balcón 60','Grada Norte','Camp Nou'),('jubilado','Balcón 65','Grada Norte','Camp Nou'),('parado','Balcón 65','Grada Norte','Camp Nou'),('adulto','Balcón 65','Grada Norte','Camp Nou'),('infantil','Balcón 65','Grada Norte','Camp Nou'),('jubilado','Balcón 7','Grada Amarilla Sector','Pendleton Round-Up weh'),('jubilado','Balcón 7','Grada Azul Zona','Camp Nou'),('parado','Balcón 7','Grada Amarilla Sector','Pendleton Round-Up weh'),('parado','Balcón 7','Grada Azul Zona','Camp Nou'),('adulto','Balcón 7','Grada Amarilla Sector','Pendleton Round-Up weh'),('adulto','Balcón 7','Grada Azul Zona','Camp Nou'),('infantil','Balcón 7','Grada Amarilla Sector','Pendleton Round-Up weh'),('infantil','Balcón 7','Grada Azul Zona','Camp Nou'),('jubilado','Balcón 71','Grada Norte','Camp Nou'),('parado','Balcón 71','Grada Norte','Camp Nou'),('adulto','Balcón 71','Grada Norte','Camp Nou'),('infantil','Balcón 71','Grada Norte','Camp Nou'),('jubilado','Balcón 72','Grada Norte','Camp Nou'),('parado','Balcón 72','Grada Norte','Camp Nou'),('adulto','Balcón 72','Grada Norte','Camp Nou'),('infantil','Balcón 72','Grada Norte','Camp Nou'),('jubilado','Balcón 76','Grada Norte','Camp Nou'),('parado','Balcón 76','Grada Norte','Camp Nou'),('adulto','Balcón 76','Grada Norte','Camp Nou'),('infantil','Balcón 76','Grada Norte','Camp Nou'),('jubilado','Balcón 8','Grada Blanca Tribuna','Camp Nou'),('jubilado','Balcón 8','Grada Este Grada','AMI Stadium tov'),('parado','Balcón 8','Grada Blanca Tribuna','Camp Nou'),('parado','Balcón 8','Grada Este Grada','AMI Stadium tov'),('adulto','Balcón 8','Grada Blanca Tribuna','Camp Nou'),('adulto','Balcón 8','Grada Este Grada','AMI Stadium tov'),('infantil','Balcón 8','Grada Blanca Tribuna','Camp Nou'),('infantil','Balcón 8','Grada Este Grada','AMI Stadium tov'),('jubilado','Balcón 81','Grada Norte','Camp Nou'),('parado','Balcón 81','Grada Norte','Camp Nou'),('adulto','Balcón 81','Grada Norte','Camp Nou'),('infantil','Balcón 81','Grada Norte','Camp Nou'),('jubilado','Balcón 83','Grada Norte','Camp Nou'),('parado','Balcón 83','Grada Norte','Camp Nou'),('adulto','Balcón 83','Grada Norte','Camp Nou'),('infantil','Balcón 83','Grada Norte','Camp Nou'),('jubilado','Balcón 89','Grada Norte','Camp Nou'),('parado','Balcón 89','Grada Norte','Camp Nou'),('adulto','Balcón 89','Grada Norte','Camp Nou'),('infantil','Balcón 89','Grada Norte','Camp Nou'),('jubilado','Balcón 97','Grada Norte','Camp Nou'),('parado','Balcón 97','Grada Norte','Camp Nou'),('adulto','Balcón 97','Grada Norte','Camp Nou'),('infantil','Balcón 97','Grada Norte','Camp Nou'),('jubilado','Butaca 11','Grada Norte','Camp Nou'),('parado','Butaca 11','Grada Norte','Camp Nou'),('adulto','Butaca 11','Grada Norte','Camp Nou'),('infantil','Butaca 11','Grada Norte','Camp Nou'),('jubilado','Butaca 12','Grada Norte','Camp Nou'),('parado','Butaca 12','Grada Norte','Camp Nou'),('adulto','Butaca 12','Grada Norte','Camp Nou'),('infantil','Butaca 12','Grada Norte','Camp Nou'),('jubilado','Butaca 13','Grada Norte','Camp Nou'),('parado','Butaca 13','Grada Norte','Camp Nou'),('adulto','Butaca 13','Grada Norte','Camp Nou'),('infantil','Butaca 13','Grada Norte','Camp Nou'),('jubilado','Butaca 2','Grada Blanca Tribuna','Camp Nou'),('jubilado','Butaca 2','Grada Norte Sector','Pendleton Round-Up weh'),('parado','Butaca 2','Grada Blanca Tribuna','Camp Nou'),('parado','Butaca 2','Grada Norte Sector','Pendleton Round-Up weh'),('adulto','Butaca 2','Grada Blanca Tribuna','Camp Nou'),('adulto','Butaca 2','Grada Norte Sector','Pendleton Round-Up weh'),('infantil','Butaca 2','Grada Blanca Tribuna','Camp Nou'),('infantil','Butaca 2','Grada Norte Sector','Pendleton Round-Up weh'),('jubilado','Butaca 22','Grada Norte','Camp Nou'),('parado','Butaca 22','Grada Norte','Camp Nou'),('adulto','Butaca 22','Grada Norte','Camp Nou'),('infantil','Butaca 22','Grada Norte','Camp Nou'),('jubilado','Butaca 27','Grada Norte','Camp Nou'),('parado','Butaca 27','Grada Norte','Camp Nou'),('adulto','Butaca 27','Grada Norte','Camp Nou'),('infantil','Butaca 27','Grada Norte','Camp Nou'),('jubilado','Butaca 28','Grada Norte','Camp Nou'),('parado','Butaca 28','Grada Norte','Camp Nou'),('adulto','Butaca 28','Grada Norte','Camp Nou'),('infantil','Butaca 28','Grada Norte','Camp Nou'),('jubilado','Butaca 3','Grada Amarilla Sector','Pendleton Round-Up weh'),('parado','Butaca 3','Grada Amarilla Sector','Pendleton Round-Up weh'),('adulto','Butaca 3','Grada Amarilla Sector','Pendleton Round-Up weh'),('infantil','Butaca 3','Grada Amarilla Sector','Pendleton Round-Up weh'),('jubilado','Butaca 30','Grada Norte','Camp Nou'),('parado','Butaca 30','Grada Norte','Camp Nou'),('adulto','Butaca 30','Grada Norte','Camp Nou'),('infantil','Butaca 30','Grada Norte','Camp Nou'),('jubilado','Butaca 33','Grada Norte','Camp Nou'),('parado','Butaca 33','Grada Norte','Camp Nou'),('adulto','Butaca 33','Grada Norte','Camp Nou'),('infantil','Butaca 33','Grada Norte','Camp Nou'),('jubilado','Butaca 35','Grada Norte','Camp Nou'),('parado','Butaca 35','Grada Norte','Camp Nou'),('adulto','Butaca 35','Grada Norte','Camp Nou'),('infantil','Butaca 35','Grada Norte','Camp Nou'),('jubilado','Butaca 37','Grada Norte','Camp Nou'),('parado','Butaca 37','Grada Norte','Camp Nou'),('adulto','Butaca 37','Grada Norte','Camp Nou'),('infantil','Butaca 37','Grada Norte','Camp Nou'),('jubilado','Butaca 4','Grada Blanca Tribuna','Camp Nou'),('jubilado','Butaca 4','Grada Sur Tribuna','Jack Trice Stadium mtq'),('parado','Butaca 4','Grada Blanca Tribuna','Camp Nou'),('parado','Butaca 4','Grada Sur Tribuna','Jack Trice Stadium mtq'),('adulto','Butaca 4','Grada Blanca Tribuna','Camp Nou'),('adulto','Butaca 4','Grada Sur Tribuna','Jack Trice Stadium mtq'),('infantil','Butaca 4','Grada Blanca Tribuna','Camp Nou'),('infantil','Butaca 4','Grada Sur Tribuna','Jack Trice Stadium mtq'),('jubilado','Butaca 40','Grada Norte','Camp Nou'),('parado','Butaca 40','Grada Norte','Camp Nou'),('adulto','Butaca 40','Grada Norte','Camp Nou'),('infantil','Butaca 40','Grada Norte','Camp Nou'),('jubilado','Butaca 43','Grada Norte','Camp Nou'),('parado','Butaca 43','Grada Norte','Camp Nou'),('adulto','Butaca 43','Grada Norte','Camp Nou'),('infantil','Butaca 43','Grada Norte','Camp Nou'),('jubilado','Butaca 48','Grada Norte','Camp Nou'),('parado','Butaca 48','Grada Norte','Camp Nou'),('adulto','Butaca 48','Grada Norte','Camp Nou'),('infantil','Butaca 48','Grada Norte','Camp Nou'),('jubilado','Butaca 5','Grada Amarilla Sector','Pendleton Round-Up weh'),('jubilado','Butaca 5','Grada Este Grada','AMI Stadium tov'),('jubilado','Butaca 5','Grada Norte Sector','Pendleton Round-Up weh'),('parado','Butaca 5','Grada Amarilla Sector','Pendleton Round-Up weh'),('parado','Butaca 5','Grada Este Grada','AMI Stadium tov'),('parado','Butaca 5','Grada Norte Sector','Pendleton Round-Up weh'),('adulto','Butaca 5','Grada Amarilla Sector','Pendleton Round-Up weh'),('adulto','Butaca 5','Grada Este Grada','AMI Stadium tov'),('adulto','Butaca 5','Grada Norte Sector','Pendleton Round-Up weh'),('infantil','Butaca 5','Grada Amarilla Sector','Pendleton Round-Up weh'),('infantil','Butaca 5','Grada Este Grada','AMI Stadium tov'),('infantil','Butaca 5','Grada Norte Sector','Pendleton Round-Up weh'),('jubilado','Butaca 50','Grada Norte','Camp Nou'),('parado','Butaca 50','Grada Norte','Camp Nou'),('adulto','Butaca 50','Grada Norte','Camp Nou'),('infantil','Butaca 50','Grada Norte','Camp Nou'),('jubilado','Butaca 53','Grada Norte','Camp Nou'),('parado','Butaca 53','Grada Norte','Camp Nou'),('adulto','Butaca 53','Grada Norte','Camp Nou'),('infantil','Butaca 53','Grada Norte','Camp Nou'),('jubilado','Butaca 57','Grada Norte','Camp Nou'),('parado','Butaca 57','Grada Norte','Camp Nou'),('adulto','Butaca 57','Grada Norte','Camp Nou'),('infantil','Butaca 57','Grada Norte','Camp Nou'),('jubilado','Butaca 6','Grada Blanca Tribuna','Camp Nou'),('jubilado','Butaca 6','Grada Oeste Sector','Pendleton Round-Up weh'),('parado','Butaca 6','Grada Blanca Tribuna','Camp Nou'),('parado','Butaca 6','Grada Oeste Sector','Pendleton Round-Up weh'),('adulto','Butaca 6','Grada Blanca Tribuna','Camp Nou'),('adulto','Butaca 6','Grada Oeste Sector','Pendleton Round-Up weh'),('infantil','Butaca 6','Grada Blanca Tribuna','Camp Nou'),('infantil','Butaca 6','Grada Oeste Sector','Pendleton Round-Up weh'),('jubilado','Butaca 7','Grada Norte','Camp Nou'),('parado','Butaca 7','Grada Norte','Camp Nou'),('adulto','Butaca 7','Grada Norte','Camp Nou'),('infantil','Butaca 7','Grada Norte','Camp Nou'),('jubilado','Butaca 78','Grada Norte','Camp Nou'),('parado','Butaca 78','Grada Norte','Camp Nou'),('adulto','Butaca 78','Grada Norte','Camp Nou'),('infantil','Butaca 78','Grada Norte','Camp Nou'),('jubilado','Butaca 8','Grada Norte','Camp Nou'),('jubilado','Butaca 8','Grada Oeste Sector','Pendleton Round-Up weh'),('parado','Butaca 8','Grada Norte','Camp Nou'),('parado','Butaca 8','Grada Oeste Sector','Pendleton Round-Up weh'),('adulto','Butaca 8','Grada Norte','Camp Nou'),('adulto','Butaca 8','Grada Oeste Sector','Pendleton Round-Up weh'),('infantil','Butaca 8','Grada Norte','Camp Nou'),('infantil','Butaca 8','Grada Oeste Sector','Pendleton Round-Up weh'),('jubilado','Butaca 82','Grada Norte','Camp Nou'),('parado','Butaca 82','Grada Norte','Camp Nou'),('adulto','Butaca 82','Grada Norte','Camp Nou'),('infantil','Butaca 82','Grada Norte','Camp Nou'),('jubilado','Butaca 84','Grada Norte','Camp Nou'),('parado','Butaca 84','Grada Norte','Camp Nou'),('adulto','Butaca 84','Grada Norte','Camp Nou'),('infantil','Butaca 84','Grada Norte','Camp Nou'),('jubilado','Butaca 86','Grada Norte','Camp Nou'),('parado','Butaca 86','Grada Norte','Camp Nou'),('adulto','Butaca 86','Grada Norte','Camp Nou'),('infantil','Butaca 86','Grada Norte','Camp Nou'),('jubilado','Butaca 87','Grada Norte','Camp Nou'),('parado','Butaca 87','Grada Norte','Camp Nou'),('adulto','Butaca 87','Grada Norte','Camp Nou'),('infantil','Butaca 87','Grada Norte','Camp Nou'),('jubilado','Butaca 9','Grada Blanca Tribuna','Camp Nou'),('parado','Butaca 9','Grada Blanca Tribuna','Camp Nou'),('adulto','Butaca 9','Grada Blanca Tribuna','Camp Nou'),('infantil','Butaca 9','Grada Blanca Tribuna','Camp Nou'),('jubilado','Butaca 91','Grada Norte','Camp Nou'),('parado','Butaca 91','Grada Norte','Camp Nou'),('adulto','Butaca 91','Grada Norte','Camp Nou'),('infantil','Butaca 91','Grada Norte','Camp Nou'),('jubilado','Butaca 92','Grada Norte','Camp Nou'),('parado','Butaca 92','Grada Norte','Camp Nou'),('adulto','Butaca 92','Grada Norte','Camp Nou'),('infantil','Butaca 92','Grada Norte','Camp Nou'),('jubilado','Butaca 95','Grada Norte','Camp Nou'),('parado','Butaca 95','Grada Norte','Camp Nou'),('adulto','Butaca 95','Grada Norte','Camp Nou'),('infantil','Butaca 95','Grada Norte','Camp Nou'),('jubilado','Butaca 98','Grada Norte','Camp Nou'),('parado','Butaca 98','Grada Norte','Camp Nou'),('adulto','Butaca 98','Grada Norte','Camp Nou'),('infantil','Butaca 98','Grada Norte','Camp Nou'),('jubilado','Butaca 99','Grada Norte','Camp Nou'),('parado','Butaca 99','Grada Norte','Camp Nou'),('adulto','Butaca 99','Grada Norte','Camp Nou'),('infantil','Butaca 99','Grada Norte','Camp Nou'),('jubilado','Suelo 1','Grada Blanca Tribuna','Camp Nou'),('jubilado','Suelo 1','Grada Norte Sector','Pendleton Round-Up weh'),('parado','Suelo 1','Grada Blanca Tribuna','Camp Nou'),('parado','Suelo 1','Grada Norte Sector','Pendleton Round-Up weh'),('adulto','Suelo 1','Grada Blanca Tribuna','Camp Nou'),('adulto','Suelo 1','Grada Norte Sector','Pendleton Round-Up weh'),('infantil','Suelo 1','Grada Blanca Tribuna','Camp Nou'),('infantil','Suelo 1','Grada Norte Sector','Pendleton Round-Up weh'),('jubilado','Suelo 17','Grada Norte','Camp Nou'),('parado','Suelo 17','Grada Norte','Camp Nou'),('adulto','Suelo 17','Grada Norte','Camp Nou'),('infantil','Suelo 17','Grada Norte','Camp Nou'),('jubilado','Suelo 2','Grada Azul Zona','Camp Nou'),('jubilado','Suelo 2','Grada Este Grada','AMI Stadium tov'),('parado','Suelo 2','Grada Azul Zona','Camp Nou'),('parado','Suelo 2','Grada Este Grada','AMI Stadium tov'),('adulto','Suelo 2','Grada Azul Zona','Camp Nou'),('adulto','Suelo 2','Grada Este Grada','AMI Stadium tov'),('infantil','Suelo 2','Grada Azul Zona','Camp Nou'),('infantil','Suelo 2','Grada Este Grada','AMI Stadium tov'),('jubilado','Suelo 21','Grada Norte','Camp Nou'),('parado','Suelo 21','Grada Norte','Camp Nou'),('adulto','Suelo 21','Grada Norte','Camp Nou'),('infantil','Suelo 21','Grada Norte','Camp Nou'),('jubilado','Suelo 23','Grada Norte','Camp Nou'),('parado','Suelo 23','Grada Norte','Camp Nou'),('adulto','Suelo 23','Grada Norte','Camp Nou'),('infantil','Suelo 23','Grada Norte','Camp Nou'),('jubilado','Suelo 24','Grada Norte','Camp Nou'),('parado','Suelo 24','Grada Norte','Camp Nou'),('adulto','Suelo 24','Grada Norte','Camp Nou'),('infantil','Suelo 24','Grada Norte','Camp Nou'),('jubilado','Suelo 25','Grada Norte','Camp Nou'),('parado','Suelo 25','Grada Norte','Camp Nou'),('adulto','Suelo 25','Grada Norte','Camp Nou'),('infantil','Suelo 25','Grada Norte','Camp Nou'),('jubilado','Suelo 3','Grada Norte Sector','Pendleton Round-Up weh'),('parado','Suelo 3','Grada Norte Sector','Pendleton Round-Up weh'),('adulto','Suelo 3','Grada Norte Sector','Pendleton Round-Up weh'),('infantil','Suelo 3','Grada Norte Sector','Pendleton Round-Up weh'),('jubilado','Suelo 31','Grada Norte','Camp Nou'),('parado','Suelo 31','Grada Norte','Camp Nou'),('adulto','Suelo 31','Grada Norte','Camp Nou'),('infantil','Suelo 31','Grada Norte','Camp Nou'),('jubilado','Suelo 4','Grada Norte Sector','Pendleton Round-Up weh'),('parado','Suelo 4','Grada Norte Sector','Pendleton Round-Up weh'),('adulto','Suelo 4','Grada Norte Sector','Pendleton Round-Up weh'),('infantil','Suelo 4','Grada Norte Sector','Pendleton Round-Up weh'),('jubilado','Suelo 41','Grada Norte','Camp Nou'),('parado','Suelo 41','Grada Norte','Camp Nou'),('adulto','Suelo 41','Grada Norte','Camp Nou'),('infantil','Suelo 41','Grada Norte','Camp Nou'),('jubilado','Suelo 42','Grada Norte','Camp Nou'),('parado','Suelo 42','Grada Norte','Camp Nou'),('adulto','Suelo 42','Grada Norte','Camp Nou'),('infantil','Suelo 42','Grada Norte','Camp Nou'),('jubilado','Suelo 44','Grada Norte','Camp Nou'),('parado','Suelo 44','Grada Norte','Camp Nou'),('adulto','Suelo 44','Grada Norte','Camp Nou'),('infantil','Suelo 44','Grada Norte','Camp Nou'),('jubilado','Suelo 46','Grada Norte','Camp Nou'),('parado','Suelo 46','Grada Norte','Camp Nou'),('adulto','Suelo 46','Grada Norte','Camp Nou'),('infantil','Suelo 46','Grada Norte','Camp Nou'),('jubilado','Suelo 47','Grada Norte','Camp Nou'),('parado','Suelo 47','Grada Norte','Camp Nou'),('adulto','Suelo 47','Grada Norte','Camp Nou'),('infantil','Suelo 47','Grada Norte','Camp Nou'),('jubilado','Suelo 5','Grada Blanca Tribuna','Camp Nou'),('jubilado','Suelo 5','Grada Norte','Camp Nou'),('parado','Suelo 5','Grada Blanca Tribuna','Camp Nou'),('parado','Suelo 5','Grada Norte','Camp Nou'),('adulto','Suelo 5','Grada Blanca Tribuna','Camp Nou'),('adulto','Suelo 5','Grada Norte','Camp Nou'),('infantil','Suelo 5','Grada Blanca Tribuna','Camp Nou'),('infantil','Suelo 5','Grada Norte','Camp Nou'),('jubilado','Suelo 54','Grada Norte','Camp Nou'),('parado','Suelo 54','Grada Norte','Camp Nou'),('adulto','Suelo 54','Grada Norte','Camp Nou'),('infantil','Suelo 54','Grada Norte','Camp Nou'),('jubilado','Suelo 56','Grada Norte','Camp Nou'),('parado','Suelo 56','Grada Norte','Camp Nou'),('adulto','Suelo 56','Grada Norte','Camp Nou'),('infantil','Suelo 56','Grada Norte','Camp Nou'),('jubilado','Suelo 6','Grada Azul Zona','Camp Nou'),('parado','Suelo 6','Grada Azul Zona','Camp Nou'),('adulto','Suelo 6','Grada Azul Zona','Camp Nou'),('infantil','Suelo 6','Grada Azul Zona','Camp Nou'),('jubilado','Suelo 61','Grada Norte','Camp Nou'),('parado','Suelo 61','Grada Norte','Camp Nou'),('adulto','Suelo 61','Grada Norte','Camp Nou'),('infantil','Suelo 61','Grada Norte','Camp Nou'),('jubilado','Suelo 62','Grada Norte','Camp Nou'),('parado','Suelo 62','Grada Norte','Camp Nou'),('adulto','Suelo 62','Grada Norte','Camp Nou'),('infantil','Suelo 62','Grada Norte','Camp Nou'),('jubilado','Suelo 63','Grada Norte','Camp Nou'),('parado','Suelo 63','Grada Norte','Camp Nou'),('adulto','Suelo 63','Grada Norte','Camp Nou'),('infantil','Suelo 63','Grada Norte','Camp Nou'),('jubilado','Suelo 64','Grada Norte','Camp Nou'),('parado','Suelo 64','Grada Norte','Camp Nou'),('adulto','Suelo 64','Grada Norte','Camp Nou'),('infantil','Suelo 64','Grada Norte','Camp Nou'),('jubilado','Suelo 67','Grada Norte','Camp Nou'),('parado','Suelo 67','Grada Norte','Camp Nou'),('adulto','Suelo 67','Grada Norte','Camp Nou'),('infantil','Suelo 67','Grada Norte','Camp Nou'),('jubilado','Suelo 7','Grada Este Grada','AMI Stadium tov'),('jubilado','Suelo 7','Grada Oeste Sector','Pendleton Round-Up weh'),('parado','Suelo 7','Grada Este Grada','AMI Stadium tov'),('parado','Suelo 7','Grada Oeste Sector','Pendleton Round-Up weh'),('adulto','Suelo 7','Grada Este Grada','AMI Stadium tov'),('adulto','Suelo 7','Grada Oeste Sector','Pendleton Round-Up weh'),('infantil','Suelo 7','Grada Este Grada','AMI Stadium tov'),('infantil','Suelo 7','Grada Oeste Sector','Pendleton Round-Up weh'),('jubilado','Suelo 70','Grada Norte','Camp Nou'),('parado','Suelo 70','Grada Norte','Camp Nou'),('adulto','Suelo 70','Grada Norte','Camp Nou'),('infantil','Suelo 70','Grada Norte','Camp Nou'),('jubilado','Suelo 73','Grada Norte','Camp Nou'),('parado','Suelo 73','Grada Norte','Camp Nou'),('adulto','Suelo 73','Grada Norte','Camp Nou'),('infantil','Suelo 73','Grada Norte','Camp Nou'),('jubilado','Suelo 74','Grada Norte','Camp Nou'),('parado','Suelo 74','Grada Norte','Camp Nou'),('adulto','Suelo 74','Grada Norte','Camp Nou'),('infantil','Suelo 74','Grada Norte','Camp Nou'),('jubilado','Suelo 75','Grada Norte','Camp Nou'),('parado','Suelo 75','Grada Norte','Camp Nou'),('adulto','Suelo 75','Grada Norte','Camp Nou'),('infantil','Suelo 75','Grada Norte','Camp Nou'),('jubilado','Suelo 79','Grada Norte','Camp Nou'),('parado','Suelo 79','Grada Norte','Camp Nou'),('adulto','Suelo 79','Grada Norte','Camp Nou'),('infantil','Suelo 79','Grada Norte','Camp Nou'),('jubilado','Suelo 80','Grada Norte','Camp Nou'),('parado','Suelo 80','Grada Norte','Camp Nou'),('adulto','Suelo 80','Grada Norte','Camp Nou'),('infantil','Suelo 80','Grada Norte','Camp Nou'),('jubilado','Suelo 85','Grada Norte','Camp Nou'),('parado','Suelo 85','Grada Norte','Camp Nou'),('adulto','Suelo 85','Grada Norte','Camp Nou'),('infantil','Suelo 85','Grada Norte','Camp Nou'),('jubilado','Suelo 88','Grada Norte','Camp Nou'),('parado','Suelo 88','Grada Norte','Camp Nou'),('adulto','Suelo 88','Grada Norte','Camp Nou'),('infantil','Suelo 88','Grada Norte','Camp Nou'),('jubilado','Suelo 93','Grada Norte','Camp Nou'),('parado','Suelo 93','Grada Norte','Camp Nou'),('adulto','Suelo 93','Grada Norte','Camp Nou'),('infantil','Suelo 93','Grada Norte','Camp Nou'),('jubilado','Suelo 94','Grada Norte','Camp Nou'),('parado','Suelo 94','Grada Norte','Camp Nou'),('adulto','Suelo 94','Grada Norte','Camp Nou'),('infantil','Suelo 94','Grada Norte','Camp Nou');
/*!40000 ALTER TABLE `UsLoc` ENABLE KEYS */;
UNLOCK TABLES;

--
-- Table structure for table `Usuario`
--

DROP TABLE IF EXISTS `Usuario`;
/*!40101 SET @saved_cs_client     = @@character_set_client */;
/*!50503 SET character_set_client = utf8mb4 */;
CREATE TABLE `Usuario` (
  `tipo_usuario` enum('jubilado','parado','adulto','infantil') NOT NULL,
  `descuento_usuario` float DEFAULT NULL,
  PRIMARY KEY (`tipo_usuario`)
) ENGINE=InnoDB DEFAULT CHARSET=utf8mb4 COLLATE=utf8mb4_0900_ai_ci;
/*!40101 SET character_set_client = @saved_cs_client */;

--
-- Dumping data for table `Usuario`
--

LOCK TABLES `Usuario` WRITE;
/*!40000 ALTER TABLE `Usuario` DISABLE KEYS */;
INSERT INTO `Usuario` VALUES ('jubilado',0.7),('parado',0.6),('adulto',1),('infantil',0.8);
/*!40000 ALTER TABLE `Usuario` ENABLE KEYS */;
UNLOCK TABLES;
/*!40103 SET TIME_ZONE=@OLD_TIME_ZONE */;

/*!40101 SET SQL_MODE=@OLD_SQL_MODE */;
/*!40014 SET FOREIGN_KEY_CHECKS=@OLD_FOREIGN_KEY_CHECKS */;
/*!40014 SET UNIQUE_CHECKS=@OLD_UNIQUE_CHECKS */;
/*!40101 SET CHARACTER_SET_CLIENT=@OLD_CHARACTER_SET_CLIENT */;
/*!40101 SET CHARACTER_SET_RESULTS=@OLD_CHARACTER_SET_RESULTS */;
/*!40101 SET COLLATION_CONNECTION=@OLD_COLLATION_CONNECTION */;
/*!40111 SET SQL_NOTES=@OLD_SQL_NOTES */;

-- Dump completed on 2023-05-14 18:15:46
